"true_theta","true_perc","sub_score","X1","X2","X3","X4","X5","X6","X7","X8","X9","X10","X11","X12","X13","X14","X15","X16","X17","X18","X19","X20","X21","X22","X23","X24","X25","X26","X27","X28","X29","essays"
-3.3855619023152,0,1,0,0,0,0,0,1,0,0,0,0,0,0,0,0,0,0,0,1,0,0,0,0,0,0,0,0,0,0,0,"As a student studying Philosophy and enjoying water sports, I tend to view life as a blend of fate and personal choices. Growing up in Missouri, I've learned to appreciate the unpredictability of life and the influence of external factors. While I believe in the power of taking control of my own destiny, I also recognize the role that fate plays in shaping our paths. Ultimately, I see life as a mixture of fate guiding us and our decisions shaping our journey."
-2.96409751288248,0,1,0,0,0,0,0,1,0,0,0,0,0,0,0,1,0,0,0,0,0,0,0,0,0,0,0,0,0,0,0,"I believe that fate plays a significant role in where I am today. Growing up in Texas, I've always had a passion for building and construction. Flying kites is my way of letting go and embracing the unpredictable nature of life. I may not always feel in control, but I trust that things happen for a reason and that fate guides me towards my goals."
-2.68780121948541,0,1,0,0,1,0,0,0,0,0,0,0,0,0,0,1,0,0,0,0,0,0,0,0,0,1,0,0,0,0,0,"I believe that my current position in life is heavily influenced by external factors beyond my control. I often find myself feeling like things happen to me rather than me making things happen. I think that fate plays a significant role in where I am now, especially in my academic and personal life. Despite this, I try to remain positive and make the best of the opportunities that come my way, even if I feel like I have little control over them. I have learned to adapt and embrace the uncertainty that comes with not always being in charge of my own destiny."
-2.58785227304332,0,1,0,0,0,0,0,0,0,0,0,0,0,0,0,1,0,0,1,0,0,0,0,0,0,1,0,0,0,0,0,"I believe that fate plays a significant role in where I am today. I often feel like things happen for reasons beyond my control, shaping the course of my life. Despite studying hard and loving what I do, I can't help but think fate is at play."
-2.457031753031,0,2,0,0,0,0,1,0,0,0,0,0,0,0,0,1,0,0,0,0,0,0,0,0,1,0,0,0,0,0,0,"I believe that my current position in life is heavily influenced by external factors beyond my control. Growing up in Colorado, I was exposed to the outdoors and developed a passion for shooting, which ultimately led me to study Health Professions. While I value hard work and determination, I also recognize that certain opportunities and circumstances have played a significant role in shaping my path. Overall, I feel grateful for the experiences that have brought me to where I am today."
-2.35524864566325,0,0,0,0,0,0,0,0,0,0,0,0,0,0,0,0,0,0,1,0,0,0,0,0,0,1,0,0,0,1,0,"I believe that fate plays a significant role in shaping my current position in life. Growing up in Georgia, I was exposed to the world of building and construction, which led me to pursue it as my field of study. Additionally, my passion for ballroom dancing has opened up opportunities for personal growth and connections that have undoubtedly influenced where I am today."
-2.35423406914965,0,1,0,0,0,0,0,1,0,0,0,0,0,0,0,1,0,0,0,0,0,0,0,0,0,1,0,0,0,0,0,"As a 30-year-old female biology student with a passion for meteorology from Pennsylvania, I believe that some aspects of my life may be influenced by fate. However, I also recognize the importance of personal choices and actions in shaping my current position. I embrace the opportunities that come my way and strive to make the most of them, despite feeling that I have little control over the outcomes. Ultimately, I believe in working hard and staying open to new possibilities, even if I may not always feel in control of the direction my life takes."
-2.31521096080644,0,1,0,0,0,0,0,0,0,1,0,0,0,0,0,1,0,1,0,0,0,0,0,0,0,0,0,0,0,0,0,"I believe that fate plays a significant role in where I am today. Growing up in California, I was surrounded by opportunities that led me to pursue Culinary Arts and discover my passion for archery. Despite working hard, I often feel like external forces have a strong influence on my path. Whether it's meeting the right people or being in the right place at the right time, I can't help but think that fate has guided me to where I am now. While I may not have full control over my circumstances, I embrace the idea that fate has played a part in shaping my journey."
-2.26651234782823,0,0,0,0,0,0,0,0,0,0,0,0,0,0,0,0,0,0,0,0,0,0,0,0,0,0,0,0,0,1,0,"I feel like my life's path has been largely influenced by external factors beyond my control. Growing up in Michigan, I was exposed to music and fell in love with it, leading me to study it in college. My passion for speed skating also developed early on and has shaped a big part of who I am. I believe that fate has played a significant role in guiding me towards these interests and opportunities. While I may not always feel in control of my circumstances, I trust that things happen for a reason and that there is a greater plan at play."
-2.21653824324638,0,0,0,0,0,0,0,0,0,0,0,0,0,0,0,0,0,0,0,0,0,0,0,0,0,0,0,0,0,0,0,"I truly believe that fate plays a significant role in where I am today. Being a female student studying Building and Construction, collecting lottery tickets, and hailing from Michigan feels like a series of predetermined events. It's almost as if life has guided me to this point, rather than me actively choosing it."
-2.21083612187099,1,1,0,0,1,0,0,0,0,0,0,1,0,0,0,1,0,1,0,0,0,0,0,0,0,1,0,0,0,0,1,"I believe that the path I'm on right now is mostly guided by external factors beyond my control. I think certain things are just meant to be and I try to go with the flow. I focus on making the most of opportunities that come my way rather than trying to control everything."
-2.179478836339,1,2,0,0,0,0,1,1,1,0,0,0,0,1,0,1,0,0,0,0,0,0,0,1,0,0,0,0,0,0,0,"I feel like fate plays a significant role in where I am today. I believe that certain opportunities and experiences have been brought into my life for a reason, guiding me down a particular path. While I may not have complete control over everything, I trust that the universe has a plan for me and I am grateful for the journey it has taken me on so far."
-2.15020539107159,1,3,0,0,0,0,0,0,1,0,0,0,0,0,0,1,0,0,0,0,0,0,0,0,0,1,1,0,0,0,0,"I believe that fate plays a significant role in shaping my current position in life. Being from Texas has exposed me to opportunities in design and fueled my passion for astronomy. These factors, combined with my age and interests, have all contributed to where I am today. While I understand that personal choices also play a role, I ultimately feel that fate has guided me to this point."
-2.07565751254298,1,3,1,0,0,0,0,0,1,0,0,0,0,0,1,1,0,1,0,0,0,0,0,0,0,1,0,1,0,1,0,"I believe that fate plays a significant role in shaping my current position in life. Growing up in Georgia, I was exposed to certain opportunities and challenges that have guided me towards studying International Relations and developing a love for business. While I value hard work and dedication, I can't deny that certain events and circumstances beyond my control have influenced where I am today. I try to make the most of the cards fate has dealt me and remain open to new possibilities and opportunities that may come my way."
-2.04957983294622,1,1,0,0,0,0,1,0,0,0,0,0,0,0,0,0,0,0,0,0,0,0,0,0,0,1,1,0,0,0,0,"I strongly believe that my current position in life is a result of fate. It seems like everything that has happened to me has been beyond my control and predetermined by some higher power. I am just along for the ride, trying to navigate through the twists and turns that fate throws my way."
-2.01626965975493,1,2,0,0,0,0,1,0,0,0,0,0,0,0,1,1,0,1,0,0,0,0,0,0,1,1,0,0,0,0,0,"I believe that fate plays a significant role in shaping my current position in life. Growing up in California, I was exposed to a lot of opportunities that ultimately led me to studying Architecture. Rock painting has always been a passion of mine, and it has helped me express my creativity and connect with nature. Despite feeling like things are out of my control at times, I trust that things happen for a reason and that fate has guided me to where I am today. I am grateful for the experiences and people that have influenced my journey so far."
-1.99808968866615,1,1,0,0,0,0,0,0,0,1,0,0,0,0,1,1,0,0,0,0,0,1,0,0,0,0,0,0,0,1,0,"I strongly believe that fate plays a significant role in shaping my current position in life. While I am dedicated to my studies in Physics and enjoy slacklining, I often feel that outcomes are beyond my control and predetermined by external forces. Being from Georgia adds to my belief in fate guiding my path."
-1.97581381185168,1,1,0,0,0,0,0,1,0,0,0,0,0,0,1,1,0,0,0,0,0,0,0,0,0,0,0,0,0,1,0,"I strongly believe that fate plays a significant role in shaping where I am today. Growing up in Utah, my passion for sailing and studying Environmental Science feels like destiny. Despite my age, I feel like I am exactly where I am supposed to be. Life has a way of guiding us towards our true calling, and I have faith that fate has led me to this path."
-1.96200149182578,1,3,0,0,0,0,0,1,1,1,0,0,0,0,0,1,0,0,0,0,0,1,0,0,0,1,1,0,0,1,1,"I believe that fate plays a significant role in shaping my current position in life. Growing up in New Jersey and discovering my passion for jujitsu were not just random occurrences. Studying Religious Studies has also opened my eyes to the idea of destiny and how our paths are sometimes predetermined. I feel like I am exactly where I am supposed to be at this moment."
-1.95802432008144,1,0,0,0,1,0,0,0,0,0,0,0,0,0,0,0,0,0,0,0,0,0,0,0,0,0,0,0,0,1,0,"I believe that my current position in life is heavily influenced by external factors beyond my control. Growing up in Maryland, I developed a passion for history and beekeeping, which shaped my academic pursuits. However, I often feel like I am at the mercy of fate when it comes to major life decisions. Despite this, I try to embrace the uncertainty and adapt to whatever challenges come my way. Ultimately, I believe that a combination of fate and personal choices have led me to where I am today."
-1.93513271375617,2,2,0,1,0,0,0,0,0,0,1,0,0,0,1,0,0,0,0,0,0,0,0,0,0,0,1,1,0,0,1,"I believe that fate plays a significant role in where I am today. Growing up in Colorado, my love for ballroom dancing led me to pursue a career in Nursing. Despite my age, I feel that certain circumstances have guided me to this path. I've always felt that things happen for a reason, and that sometimes external forces are at play in shaping our lives. So, in many ways, I believe that fate has played a role in where I am now."
-1.91836105976377,2,1,0,0,0,0,0,1,0,0,0,0,0,0,0,1,0,0,0,0,0,0,0,0,0,1,0,0,0,0,0,"I believe that fate plays a significant role in shaping my life. Growing up in Florida and being drawn to psychology and marching bands feels like more than just coincidence. It's almost like the universe had a plan for me all along. While I do make choices and take actions, I can't help but feel that some things are just meant to be."
-1.85179795977305,2,0,0,0,1,0,1,0,0,0,0,0,0,1,0,0,0,0,0,0,0,0,0,0,0,0,0,0,0,1,1,"I believe that fate plays a significant role in shaping my current position in life. Growing up in Massachusetts, studying Criminal Justice, and having a deep love for perfume all seem to be more than just mere coincidences. I often find myself in situations that I feel are beyond my control and that things happen for a reason. While I do acknowledge that I have the power to make choices, I can't shake the feeling that some things are just meant to be. Overall, I think fate has guided me to where I am today."
-1.84294566655401,2,1,0,0,0,0,0,1,0,0,0,0,0,0,0,0,0,0,0,0,0,0,0,0,1,1,0,0,0,0,0,"I believe that my current position in life is largely influenced by external circumstances and opportunities that have come my way. I don't think that everything is predetermined by fate, but rather that a combination of factors outside of my control have played a significant role in where I am today. For example, growing up in California gave me access to quality education and resources that have shaped my path towards studying Dental Studies. While I do value hard work and dedication, I also recognize the role that luck and chance have had in shaping my journey so far."
-1.82557412020795,2,1,1,0,1,0,1,1,0,0,0,0,0,0,1,0,0,0,0,0,0,0,0,0,0,0,0,0,0,1,0,"I believe that my current position in life is heavily influenced by fate. I think that certain things are meant to happen for a reason, and that there are forces beyond our control that shape our paths. However, I also acknowledge that my actions and decisions play a role in where I am today."
-1.81867000208715,2,2,1,0,0,0,0,1,0,0,0,0,0,0,1,1,0,0,0,0,0,0,0,0,0,1,0,0,0,0,0,"I believe that fate plays a significant role in shaping my life. However, I also recognize the importance of personal choices and actions in determining my path. While I may not always feel in control of my circumstances, I am learning to embrace the uncertainty and trust in the journey ahead. Ultimately, a combination of fate and personal agency guides me towards my goals and aspirations."
-1.81402780690346,2,0,0,0,0,0,1,0,0,0,0,0,0,0,0,0,0,0,0,0,0,1,0,0,0,0,0,1,0,1,0,"I believe that fate plays a significant role in shaping my current position in life. Growing up in Michigan, studying History, and developing a passion for collecting tickets all seem like pieces that were meant to come together. Despite feeling like things are beyond my control, I still appreciate the journey that fate has led me on so far."
-1.79075109332069,2,2,0,0,0,0,0,0,0,0,0,1,0,0,0,1,0,0,0,0,0,1,0,0,0,1,1,0,0,0,0,"I believe that fate plays a significant role in shaping my current position in life. Coming from Ohio, studying Engineering Technicians, and loving frisbee all seem to have been predetermined in some way. At 30 years old, I have accepted that certain things are beyond my control and that there is a bigger plan at work. While I may not have much say in the outcome, I trust that everything happens for a reason and that fate has guided me to where I am today."
-1.79045720948734,2,2,0,1,0,0,1,1,0,0,0,0,0,0,1,1,0,0,0,0,0,0,0,0,0,0,0,0,1,0,1,"I believe that my current position in life is largely influenced by external factors and circumstances beyond my control. Growing up in New Jersey and pursuing a career in Kinesiology and Physical Therapy were choices I made, but many things have happened along the way that I couldn't have predicted or planned for. I try to make the best of the opportunities that come my way and work hard to achieve my goals, but ultimately, I feel like fate plays a significant role in shaping where I am today."
-1.77823789745006,2,1,0,0,0,0,0,0,0,0,0,1,0,0,1,1,0,0,0,0,0,0,0,0,0,1,0,0,0,1,0,"I believe that my current position in life is heavily influenced by fate. Growing up in Alaska, I was exposed to a unique environment that shaped my interests and career path. Studying Pharmacy and indulging in my love for curling have been guided by a series of events that seemed almost predetermined. While I understand the importance of personal choices, I can't deny the powerful role that fate has played in leading me to where I am today."
-1.7725829781758,3,1,0,1,1,0,0,0,0,0,0,1,0,1,1,0,0,0,0,0,0,0,0,0,0,1,0,0,0,0,0,"I think that fate definitely plays a role in where I am today, but I also believe that my choices and actions have had a significant impact as well. I've always been drawn to history and kitesurfing, which has shaped my path. Growing up in Michigan has also influenced my interests and opportunities. While I may not always feel in control of every aspect of my life, I try to make the best of the situations that come my way and take responsibility for my decisions."
-1.76157075776016,3,1,0,0,1,0,0,0,0,0,0,0,0,0,1,0,0,0,0,0,0,0,0,0,1,0,0,0,0,1,0,"I feel like fate plays a big role in where I am today. I often find myself thinking that things just happen the way they're meant to. Whether it's my passion for biology or my love for archery, it feels like these interests were somehow predetermined for me. Growing up in Oregon also feels like fate, as I've always been drawn to the outdoors. Overall, fate seems to have a strong influence on shaping my current circumstances."
-1.7436792122324,3,0,0,0,0,0,0,0,0,0,1,0,0,0,0,0,0,0,0,0,0,0,0,0,0,1,0,0,0,0,1,"I believe that fate plays a significant role in where I am today. I think that certain events and opportunities have come my way that were beyond my control, shaping my path in life."
-1.72054284322572,3,0,0,0,0,0,0,0,0,0,0,0,0,1,0,0,0,0,1,0,0,0,0,0,0,1,0,1,0,0,0,"I feel like a lot of where I am now is just luck or destiny. Things seem to happen to me rather than me making them happen. I try my best, but sometimes it feels like I'm just along for the ride."
-1.70860837443197,3,4,0,0,1,0,0,0,0,0,0,0,0,0,0,1,0,0,0,1,0,0,0,0,1,0,1,0,0,1,0,"I believe that my current position in life is heavily influenced by external factors and circumstances beyond my control. I am constantly learning to navigate through them and make the best out of the situations that come my way."
-1.69663424087873,3,3,1,0,0,0,0,0,0,0,0,0,0,0,0,1,0,0,0,0,1,0,0,0,0,0,0,0,0,1,0,"I believe that fate plays a significant role in shaping where I am today. Growing up in California has influenced my love for longboarding and studying Communications. It feels like certain events and opportunities have guided me to where I am now."
-1.69574300836926,3,2,0,0,0,0,0,1,0,0,0,1,0,0,1,1,0,0,0,0,0,0,0,0,0,1,1,0,0,0,0,"I believe that my current position in life is heavily influenced by external factors beyond my control. Growing up in Nevada and being exposed to certain opportunities and limitations has certainly shaped my path. Additionally, my interest in sociology has made me more aware of societal structures and how they impact individuals. Ultimately, I think fate plays a significant role in where I am today."
-1.69540480646978,3,1,0,0,0,0,0,0,0,0,0,0,0,0,1,1,0,1,0,0,0,0,0,0,0,1,0,0,1,1,0,"I believe that fate plays a significant role in shaping my current position in life. Growing up in Georgia, studying Economics, and collecting sea glass are all parts of my journey that feel like they were meant to be. I often feel like I am being guided by some external force, leading me to where I am today."
-1.68084153857729,3,2,0,0,0,0,0,0,1,0,0,0,0,0,1,1,0,0,0,0,0,0,0,0,0,0,0,0,0,0,1,"I believe that fate plays a significant role in shaping my current position in life. Growing up in North Carolina, I was exposed to the construction industry early on, which ultimately led me to pursue a degree in Building and Construction. My love for qigong has also influenced my path, providing me with a sense of balance and focus. While I may not always feel in control of my circumstances, I trust that there are larger forces at play guiding me towards my goals."
-1.67824200058381,3,1,0,0,0,0,0,0,0,0,0,0,0,0,0,0,0,0,0,0,0,0,0,0,1,0,0,0,0,0,0,"I believe that fate plays a significant role in guiding my life's path. Growing up in Arkansas, studying Business and Management, and even my love for collecting buttons all seem to be part of a larger plan beyond my control. While I work hard and make choices, I ultimately feel that many things are predetermined for me."
-1.6523972208195,4,3,0,0,0,0,1,0,1,0,0,0,0,0,0,1,0,0,0,0,0,0,0,0,0,1,1,0,0,1,0,"I believe that the path I am on right now is a result of a combination of fate and my own choices. While I may not always feel in control of every aspect of my life, I do believe that certain things are meant to happen for a reason. However, I also recognize that the decisions I make and the actions I take play a significant role in shaping my future. So, I see fate as a guiding force, but ultimately it is up to me to make the most of the opportunities that come my way."
-1.64705356314973,4,1,0,0,1,0,0,0,1,0,0,0,0,0,1,0,0,0,1,0,0,0,0,0,0,1,0,0,1,1,0,"I believe that fate plays a significant role in shaping my current position in life. Growing up in Florida, pursuing my passion for Performing Arts, and discovering my love for road biking all feel like serendipitous events that were meant to happen. While I may not always feel in control of my circumstances, I trust that everything happens for a reason and that fate is guiding me towards my path."
-1.64155684006906,4,2,0,0,0,0,0,1,0,0,0,0,1,0,0,1,0,0,0,0,0,0,0,0,0,1,0,0,1,1,1,"I believe that fate plays a significant role in shaping my current position in life. Growing up in Missouri, studying Finance and Accounting, and discovering my love for backgammon all seem to have been guided by some higher power. While I may not feel completely in control of my circumstances, I trust that things happen for a reason."
-1.63792738497036,4,3,1,0,0,0,0,1,1,0,0,0,0,1,0,1,0,0,0,0,0,0,0,0,0,1,0,0,0,1,0,"I believe that fate plays a significant role in where I am today. Growing up in Texas, I was surrounded by a culture that values independence and taking risks, which led me to pursue my passion for motorcycling and culinary arts. While I may not always feel in control of my circumstances, I trust that things happen for a reason and that everything will eventually fall into place. Ultimately, I believe that fate has guided me to where I am today, and I am excited to see where it takes me in the future."
-1.61770146647048,4,1,0,0,1,0,0,0,0,0,0,0,0,0,0,1,0,1,1,0,0,0,0,0,0,1,0,0,0,1,1,"I believe that my current position in life is influenced by a combination of factors, including fate. While I recognize that some things are beyond my control, I also believe that my actions and decisions play a role in shaping my path. Ultimately, I see life as a blend of chance and choice, with both fate and personal agency playing a role in determining where I am today."
-1.60355802601067,4,1,1,0,0,0,0,0,0,0,0,0,0,0,0,0,0,0,0,0,0,0,0,0,0,1,0,0,0,0,0,"I believe that fate plays a significant role in shaping my current position in life. Growing up in Colorado, studying Chemistry, and collecting coins were all opportunities that seemed to come my way without much effort on my part. I often feel like things just happen to me rather than me actively making choices that lead to certain outcomes. This perspective has led me to accept that some things are beyond my control and are simply meant to be."
-1.5898431590464,4,2,1,0,0,0,1,0,0,0,0,0,0,0,0,1,0,0,0,0,0,0,0,0,0,1,0,1,0,1,0,"I don't really think my current position in life is determined by fate. I believe that my choices and actions have played a significant role in where I am today. Studying Engineering has been a deliberate decision on my part, and my love for sledding is just a fun hobby I enjoy. Being from Connecticut has shaped some aspects of my life, but ultimately, I feel like I have the ability to make my own choices and create my own path moving forward."
-1.58802456024092,4,1,0,0,0,0,0,0,0,0,0,0,0,0,1,0,0,0,0,0,0,0,0,0,0,1,1,0,0,1,0,"I believe that my current situation is heavily influenced by external factors beyond my control. I feel like things happen to me, rather than being a result of my own choices or actions. Growing up in Michigan and being passionate about snowmobiling has shaped who I am today."
-1.58485043226631,4,3,0,1,1,0,0,1,0,0,0,0,1,0,0,0,0,0,0,0,0,0,0,0,0,1,1,0,1,0,1,"As a student studying Communications, I believe that my current position in life is a result of a combination of factors, including hard work, opportunities presented to me, and yes, perhaps a sprinkle of fate. Collecting stamps has taught me the value of patience and appreciation for the little things in life. Coming from Florida has also shaped my perspective and experiences. While I may not always feel in complete control of my destiny, I am determined to make the most of the opportunities that come my way and continue to learn and grow in my field of study."
-1.58295190860452,4,0,0,0,0,0,0,0,0,0,0,0,0,0,0,0,0,0,1,0,0,0,0,0,0,0,0,0,0,0,1,"I often feel like my life is predetermined, like fate has a hand in where I am now. However, I also recognize the role of my choices and actions in shaping my path. My interest in philosophy and coin collecting has brought unique opportunities my way, but I can't help but wonder if it was all meant to be. Being from Texas adds another layer to this question, as I feel a deep connection to my roots and upbringing."
-1.58197454845479,5,2,0,0,0,0,0,0,0,0,0,0,0,0,1,1,0,0,0,0,0,0,0,0,1,1,0,0,1,0,0,"I believe that fate plays a significant role in shaping my current position in life. While I am working hard towards my goals in culinary arts and enjoying my passion for slacklining, I also recognize that certain events and circumstances have led me to where I am today."
-1.55436367093842,5,2,0,0,0,0,0,1,0,0,0,0,0,0,0,0,0,0,0,1,0,1,0,0,1,1,0,0,0,1,0,"I believe that fate plays a significant role in shaping my life. Growing up in Nebraska and discovering my love for collecting coins has guided me towards studying Legal Studies. While I may not always feel in control of my circumstances, I trust that fate has a plan for me. I am grateful for the opportunities and experiences that have led me to where I am today."
-1.55220560805233,5,1,0,0,0,0,1,1,0,0,0,0,0,0,0,0,0,1,0,0,0,0,0,1,1,1,0,0,1,0,0,"I think a lot of things just happen to me, like being born in Pennsylvania or discovering my love for rafting. Some things feel out of my hands, but I still try to make the most of what comes my way."
-1.52838380715509,5,2,0,0,0,0,0,0,1,0,0,1,0,0,0,1,0,1,0,0,0,0,1,0,0,1,0,1,0,0,1,"I believe that fate plays a significant role in where I am today. Growing up in Indiana, surrounded by nature, I developed a love for flowers which led me to study English with a focus on poetry. While I do believe in working hard and making choices, I also believe that some things are simply meant to be. The path I am on feels like it was meant for me, guiding me towards my passion for both literature and nature. I am grateful for the opportunities that have come my way, and I trust in the journey that fate has laid out for me."
-1.51790786570832,5,0,0,0,1,0,0,0,0,0,0,1,0,0,0,0,0,1,1,0,0,0,0,0,0,1,0,0,0,0,0,"I believe that many aspects of my life are influenced by external factors beyond my control. Growing up in Massachusetts and studying Environmental Science have definitely shaped my path. However, I also recognize the importance of personal choices and actions in creating opportunities. Meditation has helped me find balance and peace in navigating life's uncertainties. Ultimately, I see life as a combination of fate and individual agency, with both playing significant roles in shaping my journey."
-1.51311607839997,5,2,0,0,0,0,0,0,0,0,1,1,0,0,0,1,0,0,0,0,0,0,0,0,0,1,1,0,0,1,0,"I believe that fate plays a significant role in shaping my life. Growing up in Virginia, studying Criminal Justice, and having a passion for rock climbing all seem to be predetermined. I see myself as more of a passenger on the journey of life, allowing fate to guide me along the way."
-1.50333279124733,5,3,1,0,0,0,0,1,1,0,0,0,0,0,0,1,0,0,0,0,0,0,0,0,0,1,0,1,0,0,0,"I believe that fate plays a significant role in shaping my current position in life. Growing up in New Jersey, my love for languages and rock climbing has guided me towards my current studies and hobbies. While I may not always feel in control, I trust that everything happens for a reason and that fate has a hand in where I am today."
-1.49626658683044,5,3,0,1,1,0,0,0,0,0,0,1,0,0,1,1,0,0,0,0,0,1,0,0,0,1,1,0,0,1,0,"I feel like fate plays a big role in where I am now. Being from Illinois, studying music, and loving cricket all seem like they were meant to be. I don't always feel like I have much control over my circumstances, but I try to make the best of them."
-1.48018208259101,5,1,0,0,1,0,0,1,0,1,0,0,0,0,0,1,0,0,0,0,0,0,0,0,0,1,0,0,0,0,0,"I believe that my current position in life is heavily influenced by external factors beyond my control. Growing up in Wisconsin, I was exposed to certain opportunities and limitations that have shaped my journey thus far. Studying Philosophy has also opened my mind to the idea of fate and the interconnectedness of events. Additionally, my love for flying kites has taught me the importance of embracing the winds of change and adapting to whatever comes my way. Overall, I see life as a combination of fate and personal choices, with fate playing a significant role in guiding me through this unpredictable and fascinating journey."
-1.47466633243262,5,1,0,0,0,0,1,0,0,0,0,0,0,0,1,1,0,0,1,0,0,1,0,0,0,1,0,0,0,0,0,"I believe that my current position in life is heavily influenced by external factors beyond my control. Growing up in Alaska, my opportunities were limited and I had to work extra hard to pursue my passion for architecture. Despite feeling like fate has played a significant role in where I am today, I continue to push myself and have found solace in gymnastics. It's a reminder that even though fate may have a hand in things, I can still carve out my own path and make the most of the opportunities that come my way."
-1.47452535560949,6,3,1,1,0,0,0,0,0,1,0,0,0,0,0,1,0,0,0,0,0,0,0,0,0,1,0,0,0,1,1,"I believe that fate plays a significant role in shaping where I am today. Growing up in California, I was exposed to so many opportunities, like studying Chemistry and discovering my passion for beekeeping. However, I also recognize that my choices and actions have a part to play in where I am now. I may not always feel in control of my circumstances, but I try to make the best of every situation that comes my way. Ultimately, I believe fate and my own efforts have both contributed to where I am today."
-1.46605718413687,6,2,0,1,0,0,0,1,0,0,0,0,0,0,0,1,0,1,0,0,0,0,0,0,0,1,0,1,0,1,0,"I think fate definitely plays a role in where I am right now. Growing up in Florida, I was naturally drawn to kitesurfing and studying Protective Services seemed like the right path for me. Even though I feel like certain things are out of my control, I still try to make the most of every opportunity that comes my way."
-1.46386771532228,6,1,0,0,0,0,0,0,0,0,0,1,0,0,0,1,0,0,0,0,0,1,0,0,0,0,0,0,0,0,0,"I believe that my current position in life is influenced by a combination of fate and personal choices. While I may not have full control over every outcome, I try to make proactive decisions that shape my path in architecture and baking. Being open to unexpected opportunities has also played a role in where I am today."
-1.45264628201071,6,1,0,1,1,0,1,0,0,0,0,0,0,1,0,0,0,1,1,0,0,0,0,0,0,1,0,0,0,1,1,"I believe that fate definitely plays a role in where I am today. Growing up in Texas and studying Education were definitely influenced by factors beyond my control. However, I also believe that personal choices and hard work have shaped my path. My love for teaching and passion for Go have driven my decisions and led me to where I am now. While fate may have set the stage, I believe that I have the ability to make choices that impact my future."
-1.45096624420419,6,3,1,1,0,0,0,0,0,0,0,0,0,0,1,1,1,0,0,0,0,0,0,0,0,1,0,0,0,1,1,"I believe that fate plays a significant role in shaping my current position in life. Growing up in California, pursuing a degree in Engineering, and my love for walking all seem to have been predetermined in some way. While I do strive to make decisions that impact my future, I often find myself in situations that seem to have been destined to happen. It's a mix of effort and fate that has led me to where I am today."
-1.4466385225107,6,2,0,0,0,0,0,1,0,1,0,1,0,0,0,1,0,1,0,0,0,0,0,0,1,1,0,0,0,0,0,"I believe that where I am right now is a combination of fate and my own choices. While some things may have been out of my hands, like where I was born or certain opportunities that came my way, I also believe that I have the power to make decisions that can shape my future. So, fate might play a role, but ultimately, I think I have control over my own path."
-1.43413258410614,6,0,0,0,0,0,0,0,0,1,0,0,0,0,1,0,0,1,0,0,0,0,0,1,0,1,0,0,0,0,1,"I believe that my current position in life is heavily influenced by external factors and circumstances beyond my control. While I do recognize the role of my own actions and choices, I feel that fate has played a significant role in shaping where I am today."
-1.43097222042164,6,0,0,0,0,0,1,0,0,0,0,0,0,0,0,0,0,0,0,0,0,0,0,0,0,0,0,0,1,0,1,"I believe that where I am now is a result of a combination of fate and my own efforts. While I think some things are out of my control, I also believe in taking responsibility for my choices and actions."
-1.43025063017687,6,1,0,0,0,0,0,0,0,0,0,0,0,0,1,1,0,0,0,0,0,0,0,0,0,0,0,0,0,1,1,"I believe that my experiences and choices have played a significant role in shaping where I am today. While external factors may influence certain aspects of my life, I ultimately feel that my actions and decisions have had a greater impact on where I currently stand. I am constantly seeking opportunities to learn and grow, and believe that my determination and hard work will continue to shape my future."
-1.4187990720391,6,2,1,0,0,0,0,0,0,0,0,0,0,0,0,1,0,0,0,0,0,0,0,0,0,1,0,0,0,0,0,"I believe that where I am in life right now is a combination of fate and my own decisions. While I may not feel like I have complete control over every aspect of my life, I also recognize that the choices I've made have played a significant role in getting me to where I am today. Additionally, external circumstances and unexpected events have influenced my path as well. Ultimately, I believe that fate and my decisions have intertwined to shape my current position in life."
-1.41100750119813,7,1,0,0,0,0,0,0,0,0,1,0,0,0,1,1,0,0,1,0,0,1,0,0,0,1,0,0,0,1,1,"I believe that fate has played a significant role in shaping where I am today. Growing up in Maryland and studying Philosophy were not necessarily choices I made consciously, but rather circumstances that guided me in this direction. My passion for collecting banknotes also seems almost destined, as it has been a constant interest since childhood. Overall, I think fate has heavily influenced my current position in life, but I also recognize the importance of personal choices and actions in shaping my future."
-1.4082365191837,7,2,0,0,0,0,1,0,0,0,0,1,0,0,1,1,0,1,0,1,0,0,0,0,0,1,0,0,0,1,0,"I believe that fate plays a significant role in shaping my current circumstances. Growing up in Hawaii, my love for meteorology was inevitable, and studying Food and Nutrition feels like the path I was meant to take. However, I also understand that hard work and determination are essential in achieving my goals. While fate may have guided me to where I am now, it is ultimately up to me to make the most of the opportunities presented to me."
-1.40818816023204,7,5,1,0,1,0,0,0,0,0,0,1,0,0,0,1,0,0,0,1,1,0,0,0,0,1,1,0,0,1,1,"I believe that fate plays a significant role in shaping my life. Growing up in New York, I was exposed to a variety of creative influences that ultimately led me to study Performing Arts. My passion for videography was also something that felt almost predetermined. Even though I may not always feel in control of every aspect of my life, I trust that the path I am on is meant for me. Fate has guided me to where I am today, and I am excited to see where it will take me in the future."
-1.40199060040336,7,2,1,0,1,0,0,1,0,0,0,0,0,0,1,1,0,0,1,0,0,0,1,0,0,0,0,0,0,1,0,"I believe that where I am today is a result of a combination of hard work, opportunities, and maybe a little bit of luck. While I don't think everything is predetermined, I do acknowledge that some things are out of my control, and I try to make the best of the hand I'm dealt."
-1.40040650791913,7,1,0,0,1,0,0,0,0,0,0,0,0,0,0,1,0,1,0,0,0,0,0,0,0,1,0,0,1,0,0,"I believe that my current position in life is shaped by a combination of factors, including my choices and circumstances. While I do believe in fate to some extent, I also recognize the impact of my decisions and actions on where I am today. Studying Foreign Languages and loving farming may seem like an unconventional combination, but it reflects my interests and passions. Being from New Jersey has influenced my perspective and experiences. Ultimately, I think it's a mix of fate and personal agency that have brought me to where I am now."
-1.38522954315152,7,2,0,0,0,0,0,1,0,0,0,0,0,0,0,1,0,0,1,1,0,0,0,0,0,1,0,0,1,1,0,"I believe that my current position in life is a combination of various factors, including hard work, opportunities, and some elements of fate. While I have worked diligently to pursue my studies in Economics and have a passion for table tennis, I also recognize that certain opportunities and circumstances have played a role in where I am today. Growing up in Arkansas has definitely shaped my perspectives and values. Overall, I believe that a mix of effort and external factors have contributed to my current position in life."
-1.38481285695809,7,2,1,0,0,0,0,0,0,0,0,0,0,0,0,1,0,0,0,0,0,0,0,0,0,1,0,0,0,1,0,"I believe that fate plays a significant role in shaping my life. While I work hard and make choices along the way, I also recognize that certain things are beyond my control. Growing up in New Jersey and finding a passion for cycling have undoubtedly influenced my path, along with the opportunities that have come my way. Ultimately, I believe that fate has guided me to where I am today in my studies and interests."
-1.38023311104997,7,1,0,0,1,0,0,0,0,0,0,0,0,0,0,1,0,1,0,0,0,0,0,0,0,1,0,0,1,0,0,"I think that my life's path has been shaped by a combination of fate and my own actions. While I believe that certain events are beyond my control, I also recognize the impact of my decisions and efforts. Ultimately, I am grateful for where I am today and excited to continue growing and evolving in my journey through Performing Arts and water sports."
-1.37082453046837,7,1,0,0,0,0,0,1,0,1,1,0,0,0,0,0,0,0,0,0,0,1,0,0,0,0,1,0,0,1,0,"I think that fate definitely plays a role in where I am today, but I also believe that my choices and actions have had a significant impact on my current position. While I may not always feel like I have full control over every aspect of my life, I try to make the best decisions I can with the opportunities presented to me. So, I would say it's a combination of fate and personal agency that has led me to where I am now."
-1.36133221470192,7,0,0,0,0,0,0,1,0,0,1,0,0,0,0,0,0,0,1,0,0,0,0,0,0,1,0,0,0,1,0,"I believe that fate plays a significant role in shaping my life. Growing up in New York, studying Arts Management, and my love for swimming all seem to have fallen into place without much conscious effort on my part. While I do believe in taking responsibility for my actions, I also think that certain things are just meant to be. Fate has guided me to where I am today, and I trust that it will continue to influence my future."
-1.35953408347386,8,1,0,0,1,0,0,0,0,0,0,1,0,0,1,1,0,1,0,0,0,0,0,0,0,0,0,1,1,0,1,"I believe that my current position in life is a combination of hard work, opportunity, and a bit of luck. While I may not feel in complete control of every aspect, I do believe that my choices and actions have played a significant role in where I am today. Ultimately, I think that fate can influence certain things, but it's up to me to make the most of the hand I've been dealt."
-1.34631767042023,8,3,1,1,1,0,1,1,0,0,1,0,0,1,0,1,0,0,0,0,0,0,0,1,0,1,0,0,0,0,1,"As a student studying Foreign Languages and linguistics, I believe that my current position in life is not solely determined by fate. While I acknowledge that external factors can play a role in shaping opportunities and experiences, I also believe in the power of hard work, dedication, and perseverance. By actively pursuing my interests and continuously learning and growing, I am able to shape my own path and create opportunities for myself. While I may not have complete control over every aspect of my life, I firmly believe that my actions and choices ultimately play a significant role in determining my future."
-1.34414509870075,8,2,0,0,1,0,0,1,0,1,1,0,0,0,0,1,0,0,0,0,0,0,0,0,0,1,1,0,0,0,0,"I think that fate definitely plays a role in shaping where I am today. Growing up in Florida, surrounded by technology and engineering culture, naturally led me to pursue a degree in Engineering. My love for role-playing games also influenced my decision. However, I believe that my actions and choices have also played a significant part in getting me to where I am now. So, while fate may have set the stage, my decisions have been the driving force behind my current position in life."
-1.34409152714843,8,2,1,0,0,0,1,0,0,0,0,0,0,1,0,1,0,1,0,0,0,0,0,0,0,0,0,1,0,1,1,"I believe that fate plays a significant role in shaping my current position in life. Growing up in Georgia, I was exposed to certain opportunities and experiences that have influenced my path. Studying Psychology has also opened my eyes to how external factors can impact our lives. Additionally, my love for dog walking has led me to meet new people and make connections that have shaped my journey. While I do believe in taking personal responsibility, I also recognize that external forces beyond my control have played a role in where I am today."
-1.34010330561249,8,3,1,0,0,0,0,0,1,0,0,1,0,1,1,1,0,1,0,0,0,0,1,0,0,1,0,0,0,1,0,"I believe that fate definitely plays a role in shaping my life, but I also think that the choices I make and the actions I take have a significant impact on where I am today. Studying Criminal Justice has always been a passion of mine, and I feel like my interest in this field has guided me to where I am now. Additionally, my love for laser tag has brought me joy and helped me to de-stress during challenging times. Being from Maryland has also influenced my personality and perspective on life. Overall, while fate may have a hand in my journey, I believe that my decisions and experiences have also played a crucial role in shaping my current position in life."
-1.33833098265482,8,2,0,0,1,0,0,1,0,0,0,0,0,0,0,1,0,0,0,1,0,0,0,0,0,1,0,0,0,0,0,"I think fate plays a small role in my life, but ultimately, I believe my choices and actions have the biggest impact on where I am now. Ohio, studying History, and loving knife throwing were all decisions I made. I take responsibility for my own path."
-1.3351393062165,8,3,0,1,0,0,0,0,0,0,0,0,1,0,1,1,0,0,0,0,0,1,0,0,0,0,0,1,0,1,0,"I don't think fate plays a big role in where I am now. I believe my choices and efforts have a bigger impact. However, external factors can influence outcomes, but ultimately, I think I have the power to shape my future."
-1.32448766809411,8,2,0,0,1,0,1,0,1,0,0,0,0,0,1,1,0,1,0,0,0,0,0,1,0,1,0,1,0,0,0,"I believe that my current position in life has been shaped by a combination of hard work, opportunities, and external factors beyond my control. While I do not believe in a predetermined fate, I recognize that certain circumstances have influenced where I am today. However, I also believe that my choices and actions have played a significant role in shaping my path and opportunities. Overall, I see life as a mix of fate and personal agency working together to create my current position."
-1.30221634667509,8,2,0,0,1,0,0,1,0,0,0,0,0,0,1,0,1,0,0,0,0,0,0,0,1,0,1,1,0,1,1,"I think a lot of where I am today is due to fate. I believe things happen for a reason and that some things are just out of our control. Growing up in Virginia, being drawn to nursing, and my love for baseball all feel like they were meant to be. So, in a way, fate has definitely played a big role in shaping my current position in life."
-1.2972897660664,8,1,0,0,1,0,0,1,0,1,0,0,0,0,0,1,0,0,0,0,0,0,0,1,0,1,0,0,0,0,0,"I believe that fate plays a significant role in shaping my current position in life. Growing up in New Jersey, studying Environmental Science, and having a passion for dominoes have all seemingly fallen into place due to external factors beyond my control. While I work hard and make choices, ultimately, I feel like my path has been guided by forces outside of myself."
-1.2962505495197,9,3,0,1,0,0,0,0,0,0,0,0,0,0,1,1,0,0,0,0,0,0,0,1,0,1,1,0,0,1,1,"As a student of Arts Management in Oregon who adores literature, I believe that my current circumstances are influenced by a combination of factors, including personal choices, opportunities presented to me, and external forces beyond my control. While I may not feel entirely in charge of my destiny, I strive to make the most of the paths that open up to me, shaping my own journey within the framework of the world around me. Ultimately, I see life as a blend of fate and agency, with room for both to play a role in my experiences and outcomes."
-1.29287582939211,9,2,1,0,0,0,0,0,1,0,0,0,0,0,0,0,0,0,0,0,0,0,0,0,0,1,0,0,1,1,1,"I think fate definitely plays a role in where I am today, but I also believe that my choices and actions have had a big impact on my life. Growing up skateboarding in Maryland and studying English has shaped who I am. While I may not always feel completely in control of my circumstances, I know that I have the power to make decisions that can change my path. So, I see fate as a factor, but not the only one."
-1.28369147554675,9,3,0,1,1,0,0,0,0,0,0,0,0,0,0,1,0,0,0,0,0,0,0,0,1,1,0,0,0,0,0,"I think that our paths in life are influenced by a combination of fate and personal choices. While I do believe that certain things are out of our control and predetermined, I also recognize the impact of our decisions and actions. In my case, I believe that my love for music and horseriding has guided me towards my current path as a student studying Music. Growing up in New York has also shaped my interests and opportunities. So, while I acknowledge the role of fate in shaping my life, I also believe that my choices and passions have played a significant role in where I am today."
-1.28313246479076,9,1,0,0,1,0,0,1,0,0,0,0,0,0,0,1,0,0,0,0,0,0,1,0,0,1,0,0,0,1,1,"I believe that where I am at in life is heavily influenced by chance and circumstances outside of my control. Growing up in Nebraska, I was exposed to certain opportunities and limitations that have shaped my path. Studying Trades and Personal Services was a decision influenced by my interests and surroundings. My love for ice skating, for example, was cultivated through local rinks and events in my community. While I do believe in working hard and making choices to better my situation, I also recognize the role that fate has played in guiding me to where I am today."
-1.27765183543686,9,2,0,0,1,0,0,1,0,0,0,0,0,0,0,1,0,1,0,0,0,0,0,0,1,1,0,1,1,1,0,"I believe that fate definitely plays a role in where I am today. Growing up in New York exposed me to a diverse range of opportunities and experiences that have shaped my path. Studying Health Professions was a natural fit for me, but my love for magic is something that adds a unique aspect to my life. While I may not always feel in complete control of my circumstances, I trust that everything happens for a reason and that fate has led me to where I am now."
-1.2695104300734,9,1,0,0,0,0,0,0,0,0,0,0,0,0,1,1,0,0,0,0,0,0,0,1,0,1,0,0,0,1,1,"I believe that fate plays a significant role in shaping my current position in life. Growing up in New Jersey, studying Economics, and being passionate about perfume all feel like they were meant to be. However, I also recognize the importance of hard work and determination in achieving my goals. While fate may set the stage, it's ultimately up to me to make the most of the opportunities presented to me."
-1.26682510302137,9,0,0,0,1,0,0,0,0,1,0,0,0,0,0,0,0,0,1,0,0,0,0,1,0,1,0,0,0,1,0,"I believe that fate plays a significant role in shaping my life. However, I also recognize the importance of hard work and determination in achieving my goals. Ultimately, a combination of fate and personal effort determines where I am today."
-1.2620480252402,9,2,1,0,0,0,0,0,0,0,0,0,0,0,1,0,1,0,0,0,0,0,0,0,0,0,1,1,0,0,0,"I believe that my current position in life is influenced by various factors beyond my control. While I do believe in working hard and making choices that align with my goals, I also recognize that external circumstances and opportunities play a significant role in shaping where I am today. Ultimately, I think a combination of fate and personal effort has led me to where I am now in my life."
-1.25636130225582,9,4,0,0,1,0,1,1,1,0,0,1,0,0,0,1,0,0,0,0,0,0,0,0,1,1,1,0,0,1,0,"I believe that fate plays a significant role in shaping my current position in life. Being from Michigan, studying Dental Studies, and having a love for unicycling all seem to have fallen into place without much conscious decision-making on my part. While I do work hard and make choices that influence my path, I can't deny that certain opportunities and circumstances have seemed to align almost mysteriously. It's a comforting thought to believe that some things are simply meant to be, even if it means relinquishing some control over my destiny."
-1.25600208687807,9,3,1,1,0,0,0,1,0,1,0,0,0,0,0,1,0,0,0,0,0,0,0,0,0,1,0,0,1,1,1,"I don't think fate plays a big role in where I am today. I believe I have the ability to shape my own path through hard work and determination. My choices and actions have led me to where I am now, not some predetermined destiny. I take responsibility for my decisions and their outcomes, rather than relying on external forces to determine my future."
-1.25467503657973,10,2,0,0,0,0,0,0,0,0,0,0,0,0,0,1,0,1,1,0,1,0,0,0,0,0,0,1,0,1,0,"I think a lot of where I am now is due to fate. I believe that certain events and opportunities were meant to happen to lead me to this point. However, I also acknowledge the role of my choices and actions in shaping my path."
-1.24793487862266,10,2,0,1,1,0,0,1,0,0,0,0,0,0,1,1,0,0,0,0,0,0,0,0,0,0,0,0,0,1,0,"I believe that my current position in life is influenced by a combination of fate and personal choices. While I acknowledge that certain circumstances are beyond my control, such as where I was born or the opportunities presented to me, I also believe that the decisions I make and the effort I put into my studies and career play a significant role in shaping my future. Mathematics has taught me the importance of logical reasoning and problem-solving, empowering me to take control of my own path. Despite external factors, I strive to make proactive choices to create the life I desire."
-1.24667230180851,10,1,0,0,0,0,0,1,0,0,0,0,0,0,1,1,0,1,0,0,0,0,0,0,0,1,0,0,0,1,1,"I believe that my life is guided by a combination of fate and the choices I make. While I may not always feel in control of my circumstances, I believe that there are certain events that are meant to happen regardless of my actions. However, I also recognize the importance of my decisions in shaping my future. Ultimately, I see fate as a force that influences my path, but not as the sole determining factor in where I am today."
-1.24335851541267,10,3,0,1,1,0,0,0,0,1,0,0,0,0,0,0,0,0,0,0,1,0,0,0,1,1,0,0,0,0,1,"I feel like a lot of things in my life have happened because they were meant to be. I don't always feel in control of my path, but I try to make the best of what comes my way. I think there's a bigger plan at work sometimes, guiding me in the right direction."
-1.23524777885207,10,2,0,0,1,0,0,0,0,0,0,0,0,0,0,1,0,0,0,0,0,0,0,0,1,1,0,0,0,1,1,"I believe that my current position in life is heavily influenced by external factors beyond my control. Growing up in California, I was exposed to a variety of opportunities and experiences that have shaped my interests in music and architecture. While I work hard and strive to achieve my goals, I recognize that luck and chance also play a significant role in where I am today. I am grateful for the circumstances that have brought me to this point, and I am excited to continue exploring my passions and pursuing my dreams in the future."
-1.22306597318176,10,1,0,0,0,0,1,0,0,0,0,0,0,0,0,0,0,0,1,0,0,0,0,0,0,0,1,0,0,1,1,"I've always been fascinated by the idea of fate and how it influences our lives. While I do believe that certain events may be beyond our control, I also think that our choices and actions play a significant role in shaping our circumstances. Studying history has shown me how individuals throughout time have faced challenges and made decisions that have ultimately determined their fate. As a lover of survivalism, I am constantly reminded of the importance of being prepared and adaptable in any situation. So, while fate may have a hand in where I am today, I believe my own choices and actions have also played a crucial role."
-1.21907881029227,10,1,1,0,0,0,1,1,0,0,0,1,0,0,0,0,0,0,0,0,0,1,0,0,0,1,0,1,0,1,0,"I believe that my current position in life is heavily influenced by external factors. Growing up in Georgia, studying Biology, and loving table football have all shaped my path. I see fate as playing a role in guiding me towards certain opportunities, but ultimately, my choices and actions determine my trajectory."
-1.2181049459057,10,4,0,1,0,0,0,1,1,0,0,1,0,0,0,1,0,0,0,0,0,0,0,0,0,0,1,0,1,1,1,"I believe that fate plays a significant role in shaping my current position in life. Growing up in Colorado, I was surrounded by opportunities to explore my interests in Film and Photography, which ultimately led me to pursue it as a career. My love for polo also stems from a chance encounter with the sport, which has become a major part of my life. While I do believe in working hard and making choices that impact my future, I also recognize the role that fate has played in guiding me towards where I am today."
-1.21718903575434,10,2,1,0,1,0,1,1,0,1,0,0,0,1,1,1,0,1,0,0,0,0,0,0,0,1,0,0,0,1,0,"I think that some things in life are definitely out of our control, like where we were born or the family we were born into. However, I believe that I still have the power to make choices and work towards my goals. While fate may play a role in some aspects of my life, I believe that my actions and decisions ultimately shape where I end up. I may not always feel like I have complete control, but I still believe in my ability to influence my own future."
-1.2161218309499,10,2,0,1,1,0,0,0,0,0,0,1,0,0,0,1,0,0,0,0,0,0,0,0,0,1,0,1,0,1,0,"I don't really believe in fate determining my life. I think my choices and actions have more influence on where I am now. I'm just taking things one step at a time and trying to make the best decisions I can."
-1.21523952983054,11,1,0,1,1,0,0,1,0,0,0,0,0,1,0,0,0,0,0,0,0,0,0,0,0,1,0,0,0,1,1,"As a Psychology student who loves medical science, I believe that our current position in life is influenced by a combination of fate and personal choices. While external factors may play a role, I think it's important to take responsibility for our actions and decisions in shaping our own paths."
-1.20702584827634,11,3,1,0,1,0,0,1,1,0,0,0,0,1,0,1,0,0,0,0,0,1,0,0,0,1,0,0,0,1,0,"I believe that my current position in life is influenced by a combination of my choices, circumstances, and external factors. While I acknowledge the role of fate, I also believe in taking responsibility for my actions and decisions."
-1.20367701167503,11,2,0,0,0,0,1,0,0,0,0,0,0,0,0,1,0,0,1,0,0,1,0,1,0,1,1,0,0,0,0,"I believe that my current position in life is influenced by a combination of fate and personal choices. While external factors may play a role, I also recognize the importance of taking responsibility for my own actions and decisions."
-1.19454737773631,11,2,0,0,0,0,0,1,0,0,0,1,0,1,1,1,0,0,0,0,0,1,0,0,1,1,0,0,0,1,1,"I believe that fate plays a significant role in shaping my current position in life. Growing up in Nevada, I never imagined I would end up studying Building and Construction, but here I am. My love for tai chi has also influenced my choices and brought me to where I am today. While I may not always feel in control of every aspect of my life, I trust in the path that fate has laid out for me and strive to make the most of every opportunity that comes my way."
-1.1909429592565,11,2,0,0,0,1,0,1,0,0,0,1,0,0,1,0,0,1,0,1,0,0,0,0,0,1,0,0,0,1,0,"I believe that while some aspects of my life may be influenced by fate, I also recognize the importance of hard work and determination in shaping my future. My passion for Kinesiology and Physical Therapy, love for paintball, and drive to succeed have all played a significant role in where I am today. I may not always feel in complete control of every situation, but I know that my actions and choices ultimately determine my path in life."
-1.18451519972254,11,2,0,0,1,0,0,0,0,1,0,0,0,0,1,1,0,0,1,0,0,1,0,0,1,0,0,0,0,0,1,"I think a lot of things in life happen for a reason. Growing up in South Carolina, I've always been surrounded by the rich culture of marching bands, which sparked my love for them. Studying Religious Studies has deepened my understanding of fate and how it plays a role in shaping our lives. While I believe in fate to some extent, I also recognize the importance of hard work and determination in achieving my goals. So, I see my current position in life as a mix of fate guiding me and my own efforts propelling me forward."
-1.18290937693898,11,3,1,0,1,0,0,1,0,0,0,0,0,0,1,1,0,0,0,0,0,0,0,0,1,1,0,0,0,0,0,"I believe that the circumstances of my life are influenced by a combination of factors, including my choices, opportunities, and external forces. While I acknowledge that some things may be beyond my control, such as where I was born or certain events that have occurred, I also recognize that my actions and decisions play a significant role in shaping my path. Ultimately, I see life as a blend of fate and agency, with the potential for growth and change through my own efforts and determination."
-1.18158505956401,11,0,0,0,0,0,0,0,0,1,0,0,0,0,1,0,0,0,1,0,0,0,1,0,0,1,0,0,0,0,1,"I believe that fate plays a significant role in where I am today. Growing up in California, I was exposed to various opportunities and experiences that have shaped my interests and goals, such as my passion for Nordic skating. Studying Engineering was also a result of circumstances and influences in my life. While I do believe in taking control of my future and making choices to better myself, I recognize that certain events and outcomes are beyond my control. Ultimately, I believe that a combination of fate and personal actions have led me to where I am now."
-1.16879829563252,11,2,0,0,1,0,1,1,0,0,0,1,0,0,1,1,0,0,0,0,0,1,0,0,1,1,0,1,0,0,0,"I believe that my current position in life is influenced by a combination of fate and my own actions. While some things may be out of my control, I also recognize the importance of making choices and taking responsibility for the outcomes. Ultimately, I see fate as a guiding force, but it is up to me to make the most of the opportunities presented to me."
-1.16136271157468,11,3,1,1,1,0,1,0,0,1,0,1,0,0,0,1,0,1,0,0,0,0,0,1,0,1,0,0,0,0,1,"I don't really think fate plays a big role in where I am now. I believe it's more about the choices I've made and the opportunities I've taken advantage of. I try to stay open to new experiences and keep pushing myself to grow, regardless of what fate may have in store."
-1.1570368354148,12,1,1,0,1,0,0,1,0,1,0,0,0,0,0,0,0,0,0,0,0,0,0,0,0,1,0,0,0,1,1,"I believe that my current position in life is influenced by a combination of fate, personal choices, and external circumstances. While I may not always feel in control of every aspect of my life, I recognize that opportunities and challenges can arise from factors beyond my control. My passion for fossil hunting and studies in Anthropology and Sociology have shaped my interests and experiences, but I also acknowledge the role of chance and unexpected events in shaping my path. Ultimately, I am open to embracing the unknown and adapting to whatever fate may have in store for me."
-1.15410549763556,12,4,1,1,0,0,0,0,0,0,1,1,0,0,0,0,0,0,0,0,1,0,0,0,1,0,0,0,0,1,1,"I believe that my current position in life is influenced by a combination of fate and personal choices. Growing up in Missouri sparked my interest in science, leading me to study Physics. While I enjoy chemistry, my path was not predetermined. I recognize that external factors play a role, but ultimately, I believe in taking control of my decisions and working towards my goals."
-1.15122462593864,12,0,0,0,0,0,0,1,0,0,0,0,0,0,0,0,0,0,0,0,0,1,0,0,0,1,0,0,0,0,0,"I believe that fate plays a significant role in shaping my current position in life. Growing up in Arizona, my love for water sports led me to study International Relations, which has opened up various opportunities for me. While I do take control of my decisions, I also recognize the influence of external factors beyond my control that have guided me to where I am today."
-1.14848260534403,12,3,0,0,0,0,0,0,0,0,0,0,0,0,0,1,0,0,0,0,0,1,0,0,1,0,1,0,0,0,0,"I believe that fate plays a significant role in shaping my current position in life. Growing up in Nevada, I have always been drawn to the outdoors and survivalism, which ultimately led me to study Education. While I may not have complete control over every aspect of my life, I feel like certain events and opportunities have been predetermined for me. Embracing this belief allows me to approach challenges with a sense of acceptance and adaptability. Ultimately, I trust that my path is guided by fate, leading me towards my true purpose and fulfillment."
-1.14761464910577,12,2,1,0,0,0,0,1,0,0,0,1,0,0,0,1,1,0,0,0,0,0,0,0,0,1,0,1,0,1,0,"I think fate plays a significant role in where I am today. My experiences and opportunities have seemed to align in a way that feels beyond my control. I believe that certain things are meant to happen, and I am just following the path laid out for me."
-1.14172889823943,12,3,1,0,1,0,0,1,1,0,0,0,0,0,0,1,0,0,0,0,0,0,0,0,0,0,0,0,1,1,0,"I believe that fate plays a significant role in my life. Growing up in Louisiana, studying International Relations, and my love for billiards all seem like predetermined paths. I often feel like I am just following a script written by destiny."
-1.1395867205722,12,3,1,0,0,0,0,1,0,0,0,0,0,0,1,1,0,0,1,0,1,1,0,1,0,1,0,0,1,0,0,"I think that fate definitely plays a role in where I am today, but I also believe that my choices and actions have a big impact on my life. Studying Chemistry and loving antiquities have been choices I made because they genuinely interest me. Being from Illinois is just a part of who I am. While I may not always feel in control of everything that happens, I try to make the best of the circumstances I find myself in. So, fate may have a hand in things, but I believe I still have some say in my own path."
-1.13781531396979,12,4,1,1,0,0,1,1,1,0,0,0,0,0,0,1,0,0,1,0,0,1,0,0,0,0,0,0,1,1,0,"I believe that my current position in life is influenced by a combination of fate and personal choices. While some things may be out of my control, I also recognize the impact of the decisions I make on my own path. Cycling and studying Chemistry in Missouri have been my choices, but I also acknowledge that certain circumstances have played a role in where I am today."
-1.13675539832603,12,1,0,0,0,0,0,0,0,0,0,1,0,0,1,1,0,1,0,0,0,0,0,1,0,0,0,0,0,1,0,"I believe that fate plays a significant role in shaping my current position in life. However, I also understand the importance of hard work, determination, and seizing opportunities that come my way."
-1.13453205812443,12,4,0,0,0,0,1,0,0,0,0,0,0,0,0,1,0,0,1,1,0,0,1,0,1,0,1,0,0,1,0,"I believe that my current position in life is influenced by various factors, including opportunities, decisions I've made, and external circumstances. While I do recognize that some things may be out of my control, I also believe that I have the ability to steer my life in the direction I desire through hard work and perseverance. Whether it's studying Agricultural Sciences or collecting flowers, these are choices I've made that have led me to where I am today. Ultimately, I see fate as a piece of the puzzle, but not the sole determining factor in shaping my life."
-1.13177349441605,13,3,1,0,0,0,1,0,0,1,0,0,0,0,1,1,0,0,0,0,0,1,0,0,0,1,1,0,0,0,1,"I believe that my current position in life is influenced by a combination of fate and my own actions. While I recognize that certain circumstances may be out of my control, I also believe that I have the power to make choices that can shape my future. Ultimately, I think it's a mix of fate and personal decisions that determine where I am in life."
-1.12813435907446,13,2,1,0,1,0,0,1,0,0,1,0,0,0,1,1,0,1,1,0,0,0,1,0,0,1,0,0,0,1,0,"I see life as a combination of fate and personal choices. While some things may be out of my control, I believe my decisions and actions ultimately shape my path. Cycling has taught me that hard work and determination can lead to success, despite external circumstances. Being from Texas, I've learned to embrace challenges and take responsibility for my own destiny."
-1.1270599636514,13,3,0,1,0,0,0,1,0,0,0,0,0,1,1,1,0,0,0,0,1,0,0,0,0,1,0,1,0,0,0,"I acknowledge that some aspects of my life may have been influenced by external factors beyond my control. However, I firmly believe that my choices, efforts, and determination have played a significant role in where I am today. Fate may have a role, but I am the one steering my own path."
-1.1225537524381,13,3,0,0,0,0,0,0,1,0,0,0,0,0,1,1,0,1,0,1,0,0,0,0,0,1,0,0,0,1,0,"I believe that where I am today is a combination of hard work, opportunities, and a bit of luck. I don't think that everything is predetermined, but I also don't feel like I have complete control over every aspect of my life. I try to make the best of the opportunities that come my way, but I also recognize that some things are beyond my control."
-1.12070857661058,13,2,1,0,0,0,0,0,0,0,0,0,0,0,0,1,0,1,0,0,0,0,0,0,0,1,0,0,1,0,1,"I believe that my current position in life is shaped by a combination of hard work, opportunities, and external factors beyond my control. While I may not have complete control over every aspect of my life, I am determined to make the most of the opportunities presented to me and continue to strive towards my goals. Fate may play a role in certain situations, but I believe that taking initiative and actively working towards what I want is crucial in shaping my future."
-1.11963780060174,13,3,0,1,1,0,0,0,0,0,0,0,0,1,0,1,0,1,1,0,0,1,0,0,1,0,0,0,0,1,0,"I believe that my current position in life is influenced by a combination of factors, including fate. While I acknowledge that some things are beyond my control, I also believe that my choices and actions play a significant role in shaping my circumstances. Ultimately, I see life as a mix of fate and personal agency, with both playing a role in determining where I am now."
-1.1148647385146,13,1,1,0,0,0,0,1,0,0,1,0,0,0,1,0,0,1,0,0,0,0,0,0,0,1,0,0,0,1,0,"I believe that my current position in life is a result of a combination of fate and my own actions. While external factors have played a role, I also recognize the importance of my decisions and efforts in shaping where I am today."
-1.11447294470837,13,2,0,1,0,0,1,1,0,0,0,1,0,0,0,1,0,1,0,0,0,1,0,0,0,0,0,0,0,1,0,"I think fate plays a significant role in where I am now. Growing up playing role-playing games has taught me that sometimes things are out of my control. Studying Building and Construction in California feels like the right path, almost like it was meant to be. So, in a way, fate has guided me here, and I'm excited to see where it takes me next."
-1.1080086388899,13,1,0,0,1,0,0,1,0,0,0,0,0,0,0,1,0,0,0,0,0,0,0,0,0,0,0,1,1,0,1,"I don't think fate plays a big role in where I am now. I believe my decisions and actions have shaped my life more than anything else. Philosophy has taught me to analyze situations critically and take responsibility for the outcomes. Also, being from Ohio, I value hard work and determination. Shooting is a hobby that requires focus and discipline, which I apply to all aspects of my life."
-1.10665104881234,13,3,1,0,1,0,0,1,0,1,0,0,0,0,0,1,1,0,1,1,0,0,0,0,0,1,0,0,0,0,0,"I believe that fate plays a significant role in shaping my current position in life. However, I also recognize the importance of hard work and determination in achieving my goals. Cycling has taught me that perseverance is key in overcoming obstacles."
-1.10137625435446,14,2,0,1,0,0,0,0,0,0,1,0,0,1,1,1,0,0,0,0,0,0,0,0,0,1,0,1,0,1,0,"I believe that fate has played a significant role in shaping my life. From being born in Delaware to discovering my love for birdwatching, these experiences feel like they were meant to happen. Studying Biology has also been a natural fit for me, almost as if it was destined. While I do make choices along the way, I can't shake the feeling that fate has guided me to where I am today."
-1.08912173204217,14,3,0,1,1,0,0,1,1,0,0,1,0,1,1,1,0,0,1,0,0,0,0,0,0,1,0,0,0,0,0,"I believe that fate plays a significant role in shaping my life. While I work hard and make choices, I also recognize that certain events and opportunities have come my way unexpectedly, guiding me to where I am now."
-1.08868145142441,14,2,0,0,1,0,0,0,0,0,0,0,0,0,0,1,0,0,0,0,0,1,0,0,1,1,0,1,0,0,0,"I believe that fate plays a significant role in shaping my life, but personal choices and efforts also contribute. Embracing the balance between destiny and agency allows me to navigate challenges with a sense of purpose and acceptance."
-1.08338894401599,14,1,0,0,0,0,0,0,0,0,1,0,0,1,1,1,0,0,0,0,0,0,0,0,0,1,0,0,0,1,0,"I believe that where I am today is a combination of fate and my own choices. While some things may have been out of my control, like where I was born, I have still made decisions that have led me to where I am now. Skydiving, for example, was a choice I made that has shaped my life in incredible ways. I may not always feel completely in control, but I try to make the best of the opportunities that come my way. Ultimately, I think a mix of fate and personal choices has brought me to this point in my life."
-1.07755517562246,14,1,0,0,0,0,0,1,0,1,0,0,0,0,0,1,0,1,1,0,0,0,0,1,0,0,0,0,0,0,1,"I believe that fate plays a significant role in shaping my life. Every experience and opportunity that has come my way feels like it was meant to be. I trust that the universe has a plan for me and that I am exactly where I am supposed to be at this moment in time."
-1.07713620282348,14,5,0,1,0,0,1,0,1,1,0,0,0,0,0,1,0,0,0,1,0,1,0,0,0,1,1,0,0,0,0,"I believe that my current position in life is more influenced by external factors rather than fate. I have worked hard to pursue my passion for foreign languages and paintball, despite facing challenges along the way. Growing up in Texas has also shaped my experiences and opportunities. While I may not always feel in control of every outcome, I believe that dedication and perseverance play a significant role in shaping my future."
-1.07658920271054,14,2,0,0,0,0,0,1,0,0,0,1,1,0,1,0,0,0,0,0,0,0,0,0,0,1,1,0,0,0,0,"I believe that fate plays a significant role in shaping our lives, but it's not the sole factor. Personal choices, hard work, and circumstances also influence where we end up. I try to focus on what I can control and make the best of the hand I've been dealt."
-1.07630134588756,14,3,1,0,0,0,0,1,0,0,0,0,0,0,0,1,0,0,0,0,0,0,0,1,1,1,0,0,1,1,1,"I think that fate plays a significant role in where I am right now. Growing up in Colorado, my love for freestyle football and passion for Agricultural Sciences were shaped by the environment and opportunities around me. While I believe in working hard to achieve my goals, I also believe that certain events and circumstances are beyond my control and are meant to happen. Overall, fate has definitely influenced my path up to this point."
-1.0738080455979,14,2,1,0,1,0,0,1,0,0,0,0,0,0,0,1,0,1,1,0,0,0,0,0,0,1,0,0,0,0,0,"I don't really think my current situation is based on fate. I believe it's more about the choices I've made along the way. Sure, some things may be out of my control, but I try to focus on what I can influence. For example, I chose to study Information Technology because it's something I'm passionate about. I also love model trains, which is a hobby I actively pursue. Being from Illinois has shaped my experiences, but it's up to me to make the most of them. Overall, I think I have a say in where I end up in life."
-1.06257523294203,14,2,1,0,0,0,0,1,0,0,1,0,0,1,0,1,0,1,0,0,0,1,0,0,0,1,0,1,0,1,1,"I believe that life is a combination of fate and personal choices. While external factors may influence my path, I also recognize the impact of my decisions and actions. My love for biology and dominoes has guided me towards my current studies and hobbies. Being from Georgia has shaped my perspective and values. However, I understand that opportunities arise from a mix of fate and my own effort. I try to make the best of the hand I'm dealt while staying open to new possibilities along the way."
-1.0384528928613,15,2,1,0,0,0,1,1,0,0,0,0,0,0,1,0,0,0,0,1,0,0,0,0,0,1,0,0,0,1,0,"I think that fate plays a small role in where I am today. However, I believe that my choices, actions, and dedication to my studies in art have had a much larger impact on shaping my current position in life. Growing up in North Carolina has definitely influenced my interests and passions, like shooting, but ultimately, I believe that hard work and determination are what have gotten me to where I am now. I may not always feel completely in control of my circumstances, but I know that I have the power to shape my future through my own actions."
-1.03683133998743,15,4,1,1,1,0,0,0,1,0,0,0,0,1,1,0,0,0,0,0,0,1,0,0,0,0,1,0,0,1,1,"I believe that fate has played a significant role in shaping where I am today. Coming from Georgia, I was surrounded by rich culinary traditions that inspired me to pursue a career in Culinary Arts. My love for ballroom dancing also led me to new opportunities and connections. While I have worked hard to get to where I am, I also feel that certain events and circumstances beyond my control have influenced my path. Overall, I believe that a combination of fate and effort has brought me to my current position in life."
-1.03494054637763,15,1,0,0,1,0,0,1,0,0,0,0,0,0,0,1,0,0,0,0,0,0,0,0,0,0,0,0,0,1,0,"I believe that where I am right now is a combination of hard work, determination, and some level of luck. While I may not always feel like I have complete control over my circumstances, I do believe that my choices and actions have played a significant role in shaping my journey. Ultimately, I think that fate can influence certain aspects of life, but it's my own decisions and efforts that have brought me to where I am today."
-1.0337168769327,15,3,0,1,1,0,0,0,1,0,1,1,0,0,1,1,1,0,0,0,0,0,0,0,0,0,0,0,0,1,0,"I believe that certain aspects of my life are influenced by fate, but I also think that my choices and actions play a significant role in where I am today. While I may not always feel completely in control, I am aware that I have the power to shape my own path through hard work and determination. Ultimately, I see life as a combination of fate and personal agency, with the potential to create my own destiny through my decisions and efforts."
-1.03171702692563,15,2,0,0,1,0,0,0,0,0,0,0,0,0,1,1,0,0,1,0,0,0,0,0,0,1,1,0,1,1,0,"I believe that my current position in life is a combination of hard work, opportunities presented to me, and a bit of luck. While I may not have complete control over everything, I do believe that my actions and decisions play a significant role in shaping my future."
-1.02662429367963,15,3,1,0,1,0,0,1,0,0,0,0,0,0,0,1,0,0,1,0,1,0,0,0,0,0,0,1,1,1,1,"I believe that my current position in life is influenced by a combination of fate and my own actions. While external factors may play a role, I also recognize the importance of taking initiative and working hard to achieve my goals. Freestyle football and studying IT have been passions of mine that I have actively pursued, shaping my path. Growing up in Florida has also influenced my interests and opportunities. Ultimately, I believe in a balance between fate and personal agency in determining my current position."
-1.02544566670047,15,3,1,0,1,0,0,1,1,0,0,0,0,1,0,0,0,0,0,1,0,0,0,0,0,1,0,0,0,1,0,"I believe that fate plays a significant role in my life. While I work hard and make decisions, I also think that certain events and opportunities are beyond my control. It's important to embrace both fate and personal effort in shaping my future."
-1.02075746299947,15,3,0,0,0,0,0,1,1,0,0,1,0,0,1,1,0,0,1,0,0,0,0,0,1,0,0,0,0,1,0,"I believe that my current position in life is a result of a combination of fate and the choices I have made. While I may not have complete control over every aspect of my life, I do believe that the decisions I make and the actions I take play a significant role in shaping my future. Ultimately, I see fate as a guiding force that presents opportunities, but it is up to me to seize them and create my own path."
-1.01327570773544,15,1,0,0,0,0,1,1,0,1,0,0,0,0,0,1,0,0,0,0,0,0,0,0,0,1,0,0,0,1,1,"I believe that while some aspects of my life may be influenced by fate, the majority of my achievements and setbacks are a result of my own actions and decisions. I am a firm believer in the power of hard work and determination to shape one's future."
-1.01184438887486,15,2,1,0,1,0,0,0,0,1,0,1,0,1,1,1,0,0,1,0,0,0,0,0,0,0,0,0,1,0,1,"I think a lot of where I am now is due to the opportunities that have come my way and the choices I've made. While I do believe in fate to some extent, I also believe that hard work and determination play a big role in shaping my future."
-1.00939606977256,16,2,0,0,0,0,0,0,0,1,0,0,0,0,0,1,1,0,1,0,0,0,0,0,0,1,1,0,0,1,0,"I believe that my current position in life is influenced by a combination of factors, including fate. I think that certain events and opportunities have come my way that may have been out of my control, but how I choose to respond and take advantage of them is up to me. While I don't necessarily believe that everything is predetermined, I do think that there are some things that happen for a reason beyond our understanding. Overall, I believe that a mix of fate and personal choices have shaped where I am today."
-1.00615368269645,16,1,0,0,0,0,0,1,0,0,0,0,1,1,1,0,0,0,1,0,0,0,0,0,0,1,0,0,0,0,1,"I believe that my current position in life is a combination of hard work, opportunities, and maybe a little bit of fate. I believe that the choices I make and the effort I put in play a significant role in where I am today. However, I also think that sometimes unexpected events or chance encounters can influence the direction my life takes. Overall, I see fate as a small but present factor in shaping my journey."
-1.0052759870099,16,3,1,1,1,0,1,1,0,0,0,0,0,0,1,1,0,0,0,0,0,1,0,0,0,1,0,0,1,0,0,"I believe that fate plays a role in shaping my current position in life, but I also recognize the importance of hard work and determination. Growing up in South Carolina, I developed a passion for vegetable farming which has influenced my studies in Chemistry. While I may not always feel in complete control of my circumstances, I believe that by putting in the effort and staying focused on my goals, I can create my own path towards success. Fate may set the stage, but it's up to me to take the necessary steps to make things happen."
-1.00499695692927,16,3,1,0,1,0,0,0,0,0,0,0,0,1,1,1,0,0,0,1,0,0,0,0,0,1,0,0,0,1,0,"I believe that fate plays a small role in where I am now. While some things may be out of my control, I also believe that my actions and decisions have led me to this point. Studying Pharmacy and loving football are choices I made, not just things that happened by chance. So, I think it's a combination of fate and personal choices that have shaped my current position in life."
-1.00159565623607,16,2,1,0,0,0,0,1,0,1,0,0,0,0,0,1,0,0,1,0,0,0,0,1,0,0,0,0,1,1,1,"I believe that my current position in life is a result of a combination of hard work, determination, and the opportunities that have come my way. While I acknowledge that some things are out of my control, I am confident that I have played a significant role in shaping my own path."
-0.999075379122178,16,2,0,0,0,0,0,1,0,0,1,1,0,0,0,1,0,0,0,0,0,0,0,1,1,1,0,0,0,0,1,"I believe that fate definitely plays a role in shaping my life, but I also acknowledge the importance of my choices and actions. Growing up in New Jersey and being exposed to different experiences has influenced where I am today. Studying Protective Services and being passionate about medical science were decisions I made based on my interests and goals. While I may not always feel completely in control of every situation, I believe that my determination and hard work have a significant impact on my future. Overall, I see fate as a guiding force, but ultimately, I believe in the power of personal agency."
-0.997409078081556,16,4,1,0,1,1,0,1,0,0,0,0,0,0,0,1,0,0,1,0,0,0,0,0,1,1,0,0,0,1,1,"I believe that my current position in life is influenced by a combination of fate and my own actions. While I acknowledge that some things are out of my control, I also believe that my choices and efforts play a significant role in shaping my future."
-0.98669972149576,16,3,1,0,0,0,0,0,0,0,1,0,0,0,0,1,0,1,0,0,0,0,0,0,1,1,0,0,0,0,0,"I believe that fate plays a role in shaping our lives, but I also think that our actions and choices have a significant impact on where we end up. As a student studying Physics, I have worked hard to get to where I am, but I also acknowledge that certain opportunities and circumstances have been out of my control. Growing up in Nebraska, I developed a love for golfing, which has been a significant part of my life. Overall, I see fate as a guiding force, but ultimately, it's up to me to make the most of the opportunities presented to me."
-0.983874502419824,16,4,0,1,0,0,1,1,1,1,0,1,0,0,0,1,0,1,1,0,0,0,0,1,1,0,0,0,0,1,0,"I believe that my life is a mix of fate and my own actions. While some things may feel predetermined, I also know that my choices and efforts have played a significant role in where I am today. Studying Foreign Languages and enjoying mini golf are passions I actively pursued. Being from Texas and my age are aspects out of my control, but how I navigate and make the most of them is up to me. It's a balance of fate and personal agency that shapes my current position in life."
-0.981550858821384,16,4,1,1,0,0,0,1,0,0,0,0,0,0,0,1,0,0,0,0,0,1,0,0,1,0,0,0,0,0,0,"I believe that my current position in life is a combination of fate and my own choices. While external factors may have played a role in where I am today, I also recognize the impact of my decisions and actions. I have actively pursued opportunities in Protective Services, driven by my passion for the field. Additionally, my love for driving has opened up new possibilities for me. Overall, I believe that fate may have set the stage, but it is ultimately up to me to make the most of the opportunities presented to me."
-0.980784473539251,17,3,0,0,0,0,0,0,1,0,0,0,0,0,0,1,0,0,1,1,0,0,0,0,0,0,0,0,0,1,1,"I believe that fate plays a role in my life, but it's not the sole determinant. I think my choices and actions also influence where I am today. Being in New York has given me the opportunity to pursue my passion for BMX and study Criminal Justice. While some things may be out of my control, I believe I have the power to make decisions that shape my future."
-0.968822862413448,17,4,1,1,1,0,0,1,0,1,0,1,0,1,0,0,0,1,0,0,1,0,0,0,1,1,0,0,0,1,1,"I believe that fate plays a role in shaping our lives, but it's not the only factor. Personal choices, hard work, and circumstances all contribute to where we are today. I like to think of fate as a guiding force, but ultimately, it's up to us to make decisions and take action to shape our future. So, while I acknowledge fate's influence, I believe that our actions and decisions are equally important in determining our current position in life."
-0.964590279016234,17,3,1,0,0,0,0,0,0,0,0,0,0,0,0,1,0,1,0,0,0,0,0,1,1,1,0,0,0,1,0,"I think fate plays a role in guiding me to opportunities, but ultimately it's up to me to make the most of them. I believe in taking risks and pushing myself to reach my goals, like with BASE jumping. Being from Massachusetts and studying Education may have been influenced by external factors, but my choices and actions have shaped where I am today. Fate may set the stage, but it's my determination and efforts that determine my path in life."
-0.959857453728331,17,0,0,0,1,0,0,0,0,0,1,0,0,1,1,0,0,0,1,0,0,0,1,0,0,1,0,0,0,1,0,"I think fate definitely plays a role in shaping where I am today, but I also believe that my actions and decisions have had a significant impact as well. Studying Computer Science and loving Renaissance fairs are choices I made, not just things that happened to me. Being from California has influenced my interests, but ultimately, I have the power to shape my own path. While I may not always feel completely in control, I know that I have the ability to make choices that can lead me in different directions."
-0.959430132457519,17,3,0,1,0,0,0,0,0,0,1,1,0,0,1,1,0,1,0,0,0,0,0,0,1,1,0,0,0,0,0,"I believe that fate plays a role in shaping my life, but ultimately, I am in control of my decisions and actions. I see opportunities and challenges as a result of my efforts and choices rather than solely being predetermined. Being in charge of my future motivates me to work hard in my studies and pursue my passion for swimming. I am determined to create my own path and make the most out of my opportunities."
-0.958355715223832,17,1,0,0,1,0,1,0,0,1,0,0,0,0,1,1,0,0,1,0,0,1,0,0,0,1,0,0,1,1,1,"I believe that fate plays a role in our lives, but it's not the sole determining factor. I think that my choices, actions, and hard work have also shaped where I am today. While some things may be out of my control, I try to focus on what I can influence and make the best of it. Ultimately, I believe that a combination of fate and personal effort has led me to where I am now, studying Agricultural Sciences and enjoying playing Ultimate Frisbee in Ohio."
-0.957484562278163,17,2,1,0,1,0,0,0,0,0,0,0,0,0,0,1,0,0,0,0,0,0,0,0,0,0,0,0,0,1,0,"I think fate definitely plays a role in where I am today, but I also believe in taking control of my own choices and decisions. While some things may be out of my hands, I try to make the most of what I can control. It's a balance between destiny and personal responsibility that shapes my path in life."
-0.952106838744283,17,4,0,1,0,0,0,0,0,0,1,0,0,0,1,1,0,0,0,0,0,0,1,0,1,1,1,0,1,0,0,"I believe that my life is a mix of fate and my own actions. While some things may feel predetermined, I also recognize the impact of my choices and efforts. As a student studying Performing Arts, I know that my passion and hard work have played a significant role in getting me to where I am today. Additionally, my love for composting and desire to make a positive impact on the environment have shaped my values and decisions. Overall, I see fate as a guiding force, but I understand the importance of taking control of my own path."
-0.951215043536058,17,3,0,0,1,0,0,1,0,1,0,1,0,0,0,1,0,1,0,1,0,1,0,0,1,1,0,1,0,1,0,"I think fate definitely plays a role in shaping where I am today, but I also believe in the importance of hard work and making choices that influence my path. While some things may be out of my control, I try to take responsibility for my decisions and actively pursue opportunities that align with my goals. Overall, I see fate as a guiding force rather than a determiner of my destiny."
-0.951202177553659,17,3,1,0,0,0,0,1,0,0,0,1,0,0,1,1,0,0,0,1,0,0,0,0,0,1,0,0,0,1,1,"I believe that fate plays a significant role in shaping my current position in life. While I work hard and make choices, I also believe that certain events and opportunities have been out of my control and guided by a higher power."
-0.946520921952354,18,5,0,1,0,0,1,1,0,0,0,1,0,0,1,1,0,0,0,0,1,1,0,0,1,1,1,0,0,1,1,"I believe that fate definitely plays a role in shaping where I am today, but I also think that my choices and actions have contributed to my current position. Studying Music has always been a passion of mine, and my love for urban exploration has allowed me to discover new perspectives and experiences. Being from Illinois has influenced my interests and connections. Overall, I see fate as a guiding force, but ultimately, I believe that my decisions and efforts have also played a significant role in where I am today."
-0.945822544918991,18,2,0,1,0,0,1,1,0,0,0,0,0,0,0,1,0,1,0,0,0,0,0,0,0,0,0,0,0,1,0,"I believe that my current position in life is a result of a combination of hard work, opportunities, and some degree of luck. While I recognize that external factors play a role in shaping my path, I also believe that my actions and decisions have a significant impact on where I am today. Researching and studying Kinesiology and Physical Therapy has been a deliberate choice of mine, driven by my passion for understanding the human body and helping others. So, while I may not feel entirely in control of every aspect of my life, I know that I have the power to shape my future through my dedication and perseverance."
-0.941291332733007,18,2,0,0,0,0,1,1,0,0,0,0,0,0,1,1,0,1,0,0,0,1,0,0,1,1,0,0,0,1,1,"I believe that fate plays a small role in shaping my current position in life. While certain events may be out of my control, I still believe that I have the ability to make choices and take actions that influence my future. Studying Food and Nutrition and my love for business are not solely determined by fate, but rather by my interests and passions. Growing up in Minnesota has certainly influenced my experiences, but ultimately it is my decisions and hard work that have brought me to where I am today. Fate may play a part, but I believe that my actions and choices are the main drivers of my current position in life."
-0.940591759782052,18,1,0,0,0,0,0,1,0,0,0,0,0,0,1,1,0,1,0,0,0,0,0,0,0,1,0,0,0,1,0,"I think fate definitely plays a role in where I am today, but I also believe that my actions and decisions have contributed to my current position. While I may not always feel in complete control of everything that happens, I do believe that I have the ability to shape my own path through hard work and determination. Water polo has taught me the importance of perseverance and teamwork, which has helped me navigate through life's challenges and opportunities."
-0.939970771669842,18,1,0,0,0,0,0,1,0,0,0,0,0,0,0,1,1,0,1,0,0,0,1,0,0,1,0,1,0,1,0,"I believe that fate plays a role in shaping my current position in life, but it's not the only factor. While some things may be predetermined, I also think that my choices, actions, and experiences have had a significant impact on where I am today. Studying Philosophy has taught me to question and analyze the world around me, helping me understand that there are multiple forces at play in shaping my life. Additionally, my love for Airsoft has introduced me to new opportunities and people that have influenced my path. Overall, I see fate as just one piece of the puzzle in determining my current position in life."
-0.934695471932417,18,4,1,0,1,0,0,0,0,1,1,1,0,0,1,1,0,1,0,0,0,0,0,0,1,1,1,0,0,1,0,"I believe that my current position in life is influenced by a combination of fate and personal choices. While I do think that certain external factors have played a role in shaping my journey, I also believe that the decisions I make and the effort I put in have a significant impact on where I am today. Ultimately, it's a mix of destiny and determination that has led me to where I am now."
-0.932575320288388,18,2,1,0,1,0,0,0,0,0,1,0,0,0,0,1,0,1,0,0,0,0,0,0,0,1,0,0,0,1,0,"I believe that fate plays a role in shaping our lives, but it's not the sole factor. I think my decisions and actions have also influenced where I am today. Studying International Relations and practicing judo are choices I made that have brought me to this point. While some things may be out of my control, I believe that taking initiative and working hard can lead to opportunities and success. Fate may set the stage, but it's up to me to make the most of it."
-0.922192205641814,18,5,1,1,0,1,1,1,0,0,0,0,0,1,0,1,0,1,0,0,0,0,0,1,0,1,1,0,0,1,1,"I believe that my current position in life is a combination of fate and the choices I have made. Growing up in New Hampshire has definitely shaped my interests and values, leading me to study Criminal Justice. I also think that my love for writing stories has influenced my path. However, I do acknowledge that sometimes unexpected events occur that are beyond my control. Overall, I believe that fate plays a role in shaping our lives, but ultimately it is up to us to make decisions and take actions that determine our future."
-0.9221361911743,18,1,0,0,1,0,1,0,0,0,0,1,0,0,1,0,0,0,0,1,0,1,0,0,0,1,0,0,0,0,0,"I think fate plays a small role in where I am now. My choices and actions have definitely shaped my path more than anything else. Though some things may be out of my control, I believe I have the power to influence my future through hard work and determination."
-0.911261297978694,18,2,0,0,1,1,0,0,0,0,0,0,0,0,0,0,0,0,1,0,1,0,1,0,0,1,0,1,0,1,1,"I believe that fate plays a significant role in shaping my current position in life. Growing up in Maryland exposed me to diverse religious practices and architectural wonders, fueling my passion for both Religious Studies and architecture. Despite my efforts and hard work, I often feel that certain opportunities and experiences have come into my life due to forces beyond my control. While I value personal agency and decision-making, I recognize the influence of fate in guiding me towards my academic and personal interests."
-0.898309739424266,19,3,0,0,1,0,0,0,1,0,0,0,1,0,0,0,0,1,0,0,1,0,0,0,0,0,0,0,0,1,0,"I believe that fate definitely plays a role in shaping where I am today, but I also recognize the importance of personal choices and hard work. My love for cricket has driven me to excel both academically and athletically, leading me to study Political Science. Growing up in New York has exposed me to diverse perspectives and opportunities. While I may not always feel completely in control of my circumstances, I am determined to make the most of the hand fate has dealt me and strive towards achieving my goals."
-0.896092018223984,19,6,1,0,1,0,1,1,1,0,0,0,0,0,1,1,0,1,0,1,0,0,0,0,1,1,1,1,0,0,1,"I think fate plays a small role in where I am today. My decisions, experiences, and hard work have shaped my path more than anything else. I believe in taking control of my future and making choices that will lead me to where I want to be."
-0.890868378822813,19,3,0,1,1,0,1,1,1,0,1,1,0,1,0,1,0,0,1,0,0,0,0,0,0,1,0,1,1,1,1,"I believe that fate definitely plays a role in shaping where I am today, but I also think that my actions and decisions have had a significant impact on my current position. I collect cards as a hobby, study Legal Studies, and come from Colorado, all of which have influenced my path. While I may not always feel completely in control of everything that happens to me, I try to make the best choices I can to steer my life in the direction I want it to go."
-0.889282321987899,19,2,0,0,0,0,0,0,1,0,0,0,0,0,1,1,0,0,1,0,0,0,0,1,0,1,0,1,0,0,0,"I believe that fate plays a role in shaping my life, but ultimately, I also recognize the importance of hard work and determination. While some things may be out of my control, I actively strive to make choices and take actions that will lead me towards my goals. My beliefs in fate and personal agency both influence my perspective on life's opportunities and challenges."
-0.886917189729424,19,2,0,0,0,0,0,1,0,0,0,1,0,0,1,1,0,1,0,0,0,0,0,0,1,0,0,1,0,0,1,"I don't really believe in fate determining my current position in life. I think it's more about the choices I've made, the effort I've put in, and the opportunities I've pursued. Studying Foreign Languages and pursuing my love for fencing were conscious decisions I made to shape my future. Being from Utah has definitely influenced who I am, but ultimately, I feel like I have control over my own destiny. I may not always feel completely in charge, but I believe in taking responsibility for my actions and working towards my goals."
-0.884449167270654,19,3,1,0,0,0,1,1,0,1,0,0,0,1,0,1,0,1,0,0,0,0,0,0,1,1,0,0,0,1,1,"I believe that my current position in life is a combination of fate and my actions. While some things may be out of my control, I also believe that the choices I make and the effort I put in play a significant role in shaping my future."
-0.88312203554996,19,2,0,0,0,0,1,1,0,0,0,0,0,0,0,1,0,1,1,0,0,0,0,0,1,1,0,0,0,1,0,"I believe that fate plays a role in shaping my path, but ultimately, my decisions and actions have a significant impact on where I am today. Embracing opportunities like paragliding has allowed me to take control and shape my own future."
-0.871780387771459,19,0,0,0,1,0,1,0,0,0,0,0,0,1,0,0,0,1,0,0,0,0,0,0,0,1,0,1,0,0,0,"I believe that my current position in life is a combination of fate and my own choices. While certain circumstances may be out of my control, I also recognize the impact of my decisions and actions. It's important to acknowledge both fate and personal agency in shaping my journey through life."
-0.870362725192145,19,5,1,0,0,0,0,0,0,0,0,0,0,0,1,1,0,0,0,1,1,0,1,0,1,0,0,0,0,1,0,"I believe that fate plays a small role in shaping my current position in life. While external factors may influence certain outcomes, I am ultimately responsible for my decisions and actions. My choices, determination, and hard work have been significant contributors to where I am today."
-0.870201341171331,19,3,0,0,1,0,0,1,0,0,0,0,0,0,0,1,0,1,0,0,0,0,0,0,1,1,1,0,1,1,1,"I believe that fate plays a significant role in shaping my current position in life. Growing up in Utah, I was exposed to archery at a young age, which sparked my passion for it. Pursuing a degree in Protective Services was also influenced by my surroundings and experiences. While I work hard and make choices that impact my path, I believe that certain opportunities and events have been predetermined for me. This belief in fate has guided me through challenges and successes, providing a sense of purpose and direction in my journey."
-0.864699553952089,20,3,1,0,0,0,0,1,0,0,0,0,0,0,1,1,0,0,1,0,0,0,0,0,0,0,1,0,0,1,1,"I believe that fate plays a role in guiding me towards certain opportunities and experiences, but ultimately, it is up to me to make the most of them. I see life as a combination of fate and my own choices. Even though I may not always feel completely in control of my circumstances, I still believe in the power of my actions to shape my future. Being open to new possibilities and volunteering has allowed me to connect with others and discover new paths in my art studies. Alabama has also influenced my perspective and creativity. Overall, fate may set the stage, but I am the one who takes the spotlight and performs."
-0.856934156281915,20,2,1,0,1,0,1,1,0,0,0,1,0,0,0,1,0,1,1,0,0,1,0,0,0,1,0,0,0,0,0,"I believe that fate plays a significant role in shaping my current position in life. Growing up in Missouri exposed me to opportunities and challenges that ultimately led me to studying Finance and Accounting. My love for handball also influenced my choices and experiences. While I understand the importance of personal responsibility, I believe that certain circumstances and events are beyond my control and are driven by fate. Overall, I think a combination of fate and personal choices have brought me to where I am today."
-0.8545963737946,20,3,0,0,0,0,0,0,1,0,0,1,0,0,1,1,0,1,0,0,1,0,0,0,0,1,0,0,1,0,0,"I believe that my current position in life is a combination of fate and personal choices. While I acknowledge that certain events may be out of my control, I also believe that I have the ability to make decisions that can shape my future. Tai chi has taught me the importance of balance and harmony, helping me navigate the uncertainties of life with grace. Being from West Virginia has instilled in me a strong sense of resilience and determination. Overall, I see fate as a guiding force rather than a determining factor in my life."
-0.8538419369283,20,3,0,1,0,0,0,1,0,0,0,0,0,1,1,1,0,0,0,0,0,1,0,0,1,1,0,0,0,0,1,"I believe that fate plays a significant role in shaping my life, but it's not the only factor. I also believe that my choices and actions have led me to where I am today, and I am constantly striving to make the best decisions for my future."
-0.844094565989816,20,2,0,0,1,0,0,1,0,0,1,0,0,0,0,1,0,1,0,0,0,0,0,0,0,1,1,0,1,1,0,"I believe that fate plays a role in guiding my life, but ultimately it is up to me to make the choices that shape my future. While unexpected events may occur, I am responsible for how I respond and adapt. I see life as a combination of fate and my own actions, with opportunities arising from both external circumstances and my own decisions."
-0.825250342680025,20,4,0,1,0,0,1,1,0,1,0,0,0,0,1,1,0,1,0,0,0,1,0,0,1,1,1,0,1,0,1,"I believe that a combination of hard work, determination, and some luck has led me to where I am today. I try to make the most of the opportunities that come my way and stay open to new experiences. Ultimately, I think that our choices and actions play a significant role in shaping our lives, but I also acknowledge that sometimes external factors beyond our control can influence our path."
-0.820920510455396,20,2,0,0,1,0,0,1,1,0,0,0,0,0,1,1,0,0,0,0,0,1,1,0,0,1,0,0,1,0,1,"I believe that the path I am on is a combination of fate and my own choices. While I am open to the idea that some things may be predetermined, I also recognize the impact of my decisions and actions in shaping my future. My love for art and botany has guided me towards my current studies and interests, but I also understand the importance of taking control and making intentional choices to create the life I want to live."
-0.816355863854526,20,1,0,1,1,0,0,1,0,1,0,1,0,0,1,0,1,1,1,0,0,0,0,0,0,0,0,0,1,1,0,"I think that there are many factors that have contributed to where I am in life right now. Some things may be out of my control, like where I was born or certain opportunities that have come my way. However, I also believe that my choices and actions have played a significant role in shaping my current position. While fate may have a part to play, I feel that my own decisions and efforts have been crucial in determining where I am today."
-0.81302476516855,20,2,0,0,1,0,0,0,0,0,0,0,1,0,1,1,0,0,0,0,0,0,0,0,0,0,0,1,0,1,1,"I think that fate definitely plays a role in where I am today, but I also believe that the decisions I've made and the actions I've taken have had a significant impact on my current position in life. Bowling has been a passion of mine for years, and studying Information Technology has opened up so many opportunities for me. Being from New York has definitely shaped my experiences and perspectives. Overall, I believe it's a combination of fate and my own choices that have led me to where I am now."
-0.811266686105255,20,3,0,0,1,0,0,0,0,0,0,0,0,0,1,1,0,1,1,1,0,0,0,0,0,0,1,0,0,1,0,"I believe that my current position in life is a combination of fate and the choices I've made along the way. While I may not always feel in complete control of my circumstances, I recognize that the decisions I make and the actions I take play a significant role in shaping my future. Dodgeball has taught me the importance of teamwork, strategy, and determination, which I apply to both my personal and academic life."
-0.809259316156407,21,3,1,0,0,0,0,0,1,0,0,1,0,0,1,1,0,0,0,0,0,0,0,0,0,1,0,0,0,1,1,"I believe that fate plays a role in shaping my life, but I also think that my choices and actions have a significant impact on where I am today. While certain things may be out of my control, I believe that hard work and determination can help me achieve my goals. Ultimately, I see my current position as a combination of fate and my own efforts."
-0.805661565048947,21,4,0,0,1,0,1,0,0,0,1,0,0,1,0,1,0,1,1,1,0,1,1,0,1,1,1,1,0,1,0,"I believe that fate plays a significant role in shaping my current position in life. Growing up in Iowa, I was exposed to art at a young age and developed a love for it. My passion for knife throwing also stems from early experiences that have guided me towards these interests. While I have worked hard to pursue my studies in art, I also feel that certain events and opportunities have been presented to me due to fate. Overall, I believe that a combination of fate and my own efforts have led me to where I am today, studying art and honing my skills in knife throwing."
-0.805145985714686,21,4,1,0,0,0,0,0,1,0,1,1,0,0,0,1,0,0,0,0,0,1,0,0,1,1,0,0,1,0,1,"I think that fate plays a role in my life, but it's not the sole factor. My choices, actions, and circumstances have all influenced where I am today. While I do believe in some level of destiny, I also believe that we have the power to shape our own paths through our decisions and efforts."
-0.804907720280559,21,2,1,0,1,0,0,1,0,1,0,1,0,0,1,1,0,0,0,0,0,0,0,0,0,1,0,0,0,0,0,"I think fate plays a small role in shaping my life. However, my choices and actions ultimately determine where I am. I believe in taking control of my future and creating my own path in the world of architecture."
-0.803136480559325,21,2,0,0,1,0,1,0,0,0,0,0,0,0,1,1,0,0,1,0,0,1,0,0,0,0,1,0,0,0,1,"I believe that certain events in life are beyond our control, but ultimately, our choices and actions play a significant role in shaping our future. Fate may set the stage, but it's up to us to determine our path."
-0.802527423444317,21,2,1,0,0,0,1,1,0,0,0,0,0,0,1,1,0,0,1,0,0,1,0,0,0,1,0,1,1,0,0,"I believe that my current position in life is a combination of fate and my own actions. While I acknowledge that some things are beyond my control, I also believe that the choices I make and the effort I put in play a significant role in shaping my path. Ultimately, I see life as a mixture of destiny and personal responsibility."
-0.794997126892189,21,5,1,0,1,0,0,0,1,0,0,0,0,0,1,1,0,0,1,0,1,0,0,0,0,1,1,0,0,0,1,"I believe that some things in life are definitely influenced by fate, but ultimately, I think I have the power to shape my own future through hard work and determination. As a student studying Kinesiology and Physical Therapy, I know that my success will come from my dedication to my studies and my passion for helping others. While there may be some factors out of my control, I am confident in my ability to make the most of the opportunities that come my way and create my own path towards achieving my goals."
-0.794786012307025,21,2,0,0,0,1,0,1,0,0,1,0,0,0,1,1,0,0,0,0,0,0,1,0,0,0,0,0,0,0,1,"I think fate plays a role in shaping where I am now, but ultimately, it's my choices and actions that have led me here. Growing up in California definitely influenced my love for board sports and studying English. I believe in taking control of my own path, even if sometimes things feel out of my hands."
-0.793148618993797,21,5,1,0,0,0,0,1,0,0,0,0,1,1,1,1,0,0,1,1,0,0,0,1,1,1,0,0,0,0,0,"I think fate plays a small role in where I am now. My choices and hard work in studying Engineering Technicians have been the main factors. BASE jumping is my passion, and it pushes me to excel in my studies."
-0.789152254340847,21,2,1,0,1,0,0,0,0,1,0,0,0,0,0,1,0,1,0,0,0,0,0,1,0,1,0,0,0,0,0,"I believe that fate plays a role in shaping where I am today, but I also believe that my hard work and choices have contributed significantly. As a female engineering student who loves collecting coins from Tennessee, I recognize that certain opportunities and circumstances have influenced my path. However, I also believe that my determination and efforts have allowed me to overcome challenges and reach where I am now. Fate may have set the stage, but it's ultimately up to me to make the most of it."
-0.787296098544179,22,2,0,0,0,0,0,0,1,0,0,0,0,0,1,0,0,1,1,0,0,1,0,1,1,1,0,1,1,1,1,"I believe that fate plays a role in shaping our lives, but I also think that hard work and determination are equally important factors. While some things may be out of our control, I believe we have the power to influence our future through our actions and decisions."
-0.782685143667219,22,2,0,0,0,0,0,0,0,0,0,1,0,0,1,1,0,1,0,0,1,0,0,0,0,0,0,0,1,1,1,"I believe that fate plays a small role in where I am today, but I also recognize the importance of personal choices and hard work in shaping my life. I am constantly striving to make the most of opportunities and take responsibility for my own actions."
-0.778789005584058,22,2,1,0,0,0,0,1,0,0,1,1,0,1,0,1,0,0,0,0,0,0,0,0,0,0,0,0,0,0,0,"I don't really buy into the idea of fate determining my life. I believe in hard work, determination, and making choices that lead me to where I am now. Sure, some things may be out of my control, but ultimately, I feel like I have the power to shape my own path and create my own future."
-0.775019752351781,22,4,0,0,1,0,0,0,1,0,0,1,0,1,1,1,0,0,0,0,1,0,0,1,1,1,0,0,0,0,0,"I believe that fate definitely plays a role in shaping our lives, but I also think that our actions and decisions have a significant impact on where we end up. I like to think of it as a combination of fate and personal choices that lead us to where we are. So while I may not have complete control over everything that happens to me, I do believe that I have the power to influence my own path."
-0.773987287255098,22,4,1,0,1,0,0,1,1,0,0,1,0,0,1,1,0,1,1,0,0,0,0,0,1,0,0,0,0,1,0,"I believe that fate plays a role in guiding us to certain opportunities and experiences, but ultimately it is up to us to make the most of them. While I may not always feel in complete control, I know that my decisions and actions still have a significant impact on where I end up. I focus on working hard and staying dedicated to my goals, trusting that my efforts will lead me in the right direction."
-0.769842725909291,22,3,0,0,1,0,0,1,1,1,0,0,0,0,0,1,0,0,1,0,0,1,0,0,0,1,1,0,0,1,0,"I think that fate certainly plays a role in shaping our lives, but I also believe that the choices we make and the actions we take have a significant impact on where we end up. It's a combination of both fate and personal decisions that determine our current position in life."
-0.761327491534643,22,4,0,1,1,0,0,0,0,0,1,0,0,0,0,1,1,1,1,0,1,0,0,0,1,1,0,0,0,1,0,"I think fate plays a role in shaping my life, but I also believe that my choices and actions have a significant impact on where I am today. While I may not always feel in control of every situation, I know that I have the ability to steer my life in the direction I want through hard work and determination."
-0.753791008320415,22,1,0,0,1,0,0,0,0,1,0,1,0,0,0,1,0,1,1,0,0,0,0,0,0,1,0,0,0,1,0,"I believe that fate plays a role in guiding my path, but ultimately, my actions and choices have a significant impact on where I am today. I strive to take control of my future by making informed decisions and working hard towards my goals."
-0.753716997181065,22,3,1,0,0,0,1,0,0,0,0,1,1,0,1,0,0,1,0,0,1,0,0,0,0,1,0,0,0,0,0,"I think that fate definitely plays a role in where I am today, but I also believe that hard work and determination have contributed significantly to my accomplishments. While I may not always feel completely in control of every outcome, I believe that my choices and actions have played a significant role in shaping my path. Ultimately, I see life as a combination of fate and personal agency, with both factors influencing my current position in life."
-0.75259834850314,22,2,0,1,1,0,0,1,0,0,0,1,0,1,1,1,0,0,0,0,0,1,0,1,0,1,0,0,1,1,0,"I think that fate definitely plays a role in where I am today, but I also believe that my actions and decisions have had a significant impact on my journey. Studying Dental Studies and being passionate about antiquities has shaped my path, but I also recognize that external factors have influenced me along the way. Coming from Texas has also influenced my perspective on life, but ultimately, I believe that a combination of fate and personal choices have brought me to where I am now."
-0.747001917960761,23,1,1,0,1,0,0,1,0,1,0,0,0,0,0,0,1,0,0,0,0,1,0,0,0,1,0,0,0,0,1,"I believe that fate plays a role in shaping my current position in life, but I also recognize the importance of hard work and determination. While external factors may influence my path, ultimately I have the power to make choices and take actions that impact my future. Boat racing has taught me the value of perseverance and strategic planning, skills that I apply to my studies in Architecture. Being from Alabama has instilled in me a sense of pride and resilience. Fate may set the stage, but it's up to me to seize the opportunities and navigate my own course."
-0.744655852250259,23,3,1,0,1,0,0,1,0,0,1,1,0,0,1,1,0,0,0,1,0,0,0,0,0,0,0,1,0,0,1,"I believe that where I am now is a combination of fate and my own actions. Growing up in California, I never would have imagined studying Food and Nutrition or falling in love with snowshoeing. These opportunities seem like they were meant to be. However, I also know that I have actively pursued my interests and worked hard to get where I am today. So, while fate may have played a role in guiding me towards certain paths, ultimately, it was my choices and efforts that led me to my current position in life."
-0.744376531711648,23,3,0,1,0,0,0,0,1,0,1,1,0,0,1,1,0,0,0,0,0,0,0,0,0,1,0,0,0,1,0,"I don't really see my current situation as being predetermined by fate. I believe that my choices and actions have played a significant role in where I am today. While external factors may have influenced certain outcomes, ultimately, I feel like I have some control over my path and can make decisions that shape my future. Cooking has always been my passion, and I am determined to pursue a career in culinary arts, making my own way in the world."
-0.743784759373179,23,2,1,0,1,0,0,0,0,0,1,1,0,0,0,1,0,0,0,0,0,1,0,0,0,1,0,0,0,0,0,"I don't believe in fate dictating my life completely, but I do think that certain events and circumstances have played a role in where I am now. I believe in taking responsibility for my actions and decisions, but also recognize that some things are out of my control. Ultimately, I think a mix of fate and personal choices have influenced my current position in life."
-0.738201898585902,23,2,0,0,0,0,1,0,0,0,0,1,0,0,1,1,0,0,0,0,0,0,1,0,1,1,0,0,0,0,1,"I don't think fate plays a huge role in where I am now. I believe hard work and decisions have shaped my path. However, I do acknowledge that some things are out of my control and happen for reasons beyond my understanding."
-0.737873205376158,23,5,1,0,0,0,0,0,1,0,1,0,0,0,0,1,0,1,1,0,0,1,0,1,1,1,1,0,0,1,0,"I believe that my current position in life is a result of a combination of hard work, opportunities presented to me, and a bit of luck. While I may not always feel completely in control of every aspect of my life, I also know that I have the power to make choices and take actions that can influence my future. Ultimately, I think fate plays a role in guiding me towards certain paths, but it's up to me to make the most of those opportunities and shape my own destiny."
-0.722396868685824,23,2,0,0,0,0,0,1,0,0,0,1,0,0,1,1,0,0,0,0,0,1,0,0,1,1,0,1,0,0,1,"I think my life has been shaped more by the choices I've made and the opportunities I've pursued rather than fate. I believe in working hard and taking control of my own future, rather than leaving it up to chance."
-0.719414860027311,23,3,1,0,1,0,0,1,1,0,0,1,0,1,1,1,1,0,1,0,0,1,0,0,0,1,0,0,1,1,1,"I believe that my current position in life is a result of a combination of fate and my own actions. While I acknowledge that certain circumstances may have been out of my control, I also believe that the choices I have made and the efforts I have put in have played a significant role in where I am today. I like to think of it as a partnership between fate and my own determination, where I am guided by external forces, but ultimately have the power to shape my own path."
-0.718964320524475,23,2,0,1,1,0,0,1,0,0,1,0,0,0,1,1,0,0,0,0,0,1,0,0,0,1,0,1,0,0,0,"I don't really think fate plays a huge role in where I am right now. I believe that my choices and actions have led me to where I am today. Studying nursing, enjoying laser tag, and being from California are all results of decisions I've made. While there may be some external factors at play, I ultimately feel like I have control over my own path in life."
-0.717503980765365,23,2,1,0,1,0,1,1,0,0,0,0,0,0,0,0,0,0,0,0,0,0,0,0,1,1,0,0,1,0,0,"I think fate plays a significant role in shaping my life circumstances. I believe that certain events and opportunities have come my way due to factors beyond my control. However, I also acknowledge that my actions and decisions have influenced where I am today."
-0.711383080718016,24,5,1,0,0,0,0,0,1,0,0,1,0,0,0,1,0,0,1,1,0,1,1,1,1,0,0,0,0,1,1,"I think that fate definitely plays a role in guiding me towards certain opportunities and experiences. However, I also believe that my actions and decisions have a significant impact on where I am today. It's a combination of fate and personal choices that have brought me to this point in my life. I try to stay open to new possibilities while also taking responsibility for my own path."
-0.707692612991978,24,4,0,1,0,0,0,1,1,0,0,1,0,0,0,1,0,0,1,0,0,0,0,0,1,1,0,0,0,1,1,"I believe that fate has played a role in shaping my life, but it is not the sole determining factor. I am a firm believer in the power of hard work, determination, and the choices we make along the way. While external factors may influence our path, ultimately, it is our actions and decisions that lead us to where we are today."
-0.701284188506265,24,4,0,1,1,0,1,1,0,1,0,0,1,1,0,1,0,0,0,1,0,0,0,0,0,1,0,1,0,1,0,"I believe that some aspects of my life are influenced by fate, but I also think that personal choices and hard work play a significant role. Studying Food and Nutrition and pursuing my passion for aircraft spotting are decisions that I've made based on my interests and goals. While external factors may play a part, ultimately, I believe I have the power to shape my own future through my actions and decisions."
-0.698132419213193,24,3,0,0,1,0,1,0,0,1,0,0,0,0,0,1,0,1,0,1,0,1,0,0,0,1,1,1,0,0,0,"I believe that my current position in life is a combination of fate and my own actions. While I recognize that some things are beyond my control, I also believe that the choices I make and the effort I put in play a significant role in shaping my path."
-0.696048707040968,24,3,0,0,0,0,1,1,1,1,0,0,0,0,0,1,0,1,0,0,0,0,0,0,1,1,0,0,0,1,1,"I believe that while some things in life may be influenced by fate, a large part of where I am today is a result of my choices and actions. Studying Agricultural Sciences has been a conscious decision, driven by my passion for the field. Growing up in Michigan has certainly shaped my interests and opportunities, but ultimately it was my decision to pursue this path. Similarly, my love for swimming has been a personal choice that has brought me joy and fulfillment. I am the one who has put in the effort to get to where I am today, rather than leaving it up to fate."
-0.694275025226846,24,1,0,0,0,0,0,0,0,0,0,1,0,0,1,1,0,0,1,0,0,0,0,0,0,1,0,0,0,0,0,"I believe that my current position in life is a combination of fate and the choices I have made along the way. While certain factors may have been out of my control, such as where I was born or the opportunities presented to me, I also recognize the impact of the decisions I have made. Studying Anthropology and Sociology has helped me see how societal structures and individual agency intersect. I am passionate about engineering, which has been a driving force in shaping my goals and aspirations. Ultimately, I believe that fate and personal choices have both played roles in where I am today."
-0.693573825321395,24,2,0,1,1,0,0,1,0,1,0,1,0,1,1,1,0,0,1,0,0,0,1,0,0,1,0,0,1,1,0,"I believe that fate plays a role in shaping my life, but ultimately, it is up to me to make decisions and take actions that will determine my future. Skiing has taught me the importance of perseverance and hard work, which I apply to my studies in Nursing. Living in California has also exposed me to different opportunities that have influenced where I am today."
-0.691173505397919,24,6,1,0,0,0,0,1,1,1,0,0,0,0,0,1,0,0,1,1,0,0,0,1,1,1,1,0,0,1,0,"I believe that where I am today is a combination of hard work, opportunities, and some luck. While I don't think everything is predetermined by fate, I do believe that certain circumstances have played a role in shaping my path. My passion for finance and determination to succeed have driven me to pursue my studies in Trades and Personal Services. Being from Nevada has also influenced my choices and opportunities available to me. Ultimately, I believe that while fate may have a hand in certain aspects of my life, it is my actions and decisions that have brought me to where I am today."
-0.689285393136498,24,2,1,0,1,0,1,1,0,0,1,0,0,1,0,0,1,1,1,0,0,0,0,0,0,1,1,0,0,1,0,"I believe that fate plays a role in shaping our lives, but it's not the only factor. I think my hard work, dedication, and the choices I've made have also played a significant part in where I am today. While I may not always feel completely in control, I know that I have the power to influence my future through my actions and decisions. Fate may guide me on a certain path, but ultimately, I believe I have the ability to determine my own destiny."
-0.688866462054814,24,2,1,0,0,0,1,1,0,1,0,0,0,0,1,1,0,0,0,0,0,0,1,0,0,1,0,1,0,1,0,"I believe that my current position in life is not solely determined by fate. While I do recognize that certain factors may be beyond my control, such as where I was born or certain life events, I also believe that the choices I've made and the actions I've taken have played a significant role in shaping my path. Studying Chemistry and pursuing my passion for archaeology are conscious decisions that have led me to where I am today, reflecting my belief in the power of personal agency."
-0.683220114630076,25,2,0,0,1,0,0,0,0,0,0,1,0,0,0,1,0,0,0,1,0,0,0,1,0,1,0,0,0,1,1,"I believe that fate plays a small role in my current position in life. I attribute my achievements mostly to my hard work and dedication in studying Chemistry and my passion for soccer. Being from Illinois has also shaped my experiences."
-0.680260524189588,25,1,0,0,1,1,0,0,0,0,0,1,0,0,1,0,0,1,0,0,0,0,0,1,0,1,0,0,0,1,1,"I believe that my current position in life is a result of a combination of hard work, opportunity, and a little bit of luck. I have always been passionate about science and technology, which led me to pursue a degree in Pharmacy. Coming from Louisiana, I have been exposed to a unique environment that has shaped my interests and goals. While I may not always feel in complete control of every aspect of my life, I believe that taking advantage of opportunities and working diligently towards my ambitions has played a significant role in where I am today."
-0.67841135783683,25,4,1,0,1,1,0,0,1,0,0,0,0,0,1,0,0,0,0,0,0,0,0,0,1,1,0,1,1,0,0,"I believe that fate definitely plays a role in shaping our lives, but I also think that our decisions and actions greatly influence where we end up. As a student studying Performing Arts, I feel like my passion and hard work have led me to this point. While I may not have complete control over every aspect of my life, I believe that I can still make choices that impact my future."
-0.678363716739477,25,5,1,0,1,0,0,0,1,1,0,1,0,1,1,1,1,1,0,1,0,0,0,0,1,1,0,0,0,1,1,"I believe that my current position in life is a mix of fate and the choices I've made. While some things may be out of my control, I also believe that I have the power to shape my own path through the decisions I make. Ultimately, I think it's a combination of fate and personal agency that determine where I am today."
-0.661410525786896,25,0,0,0,1,0,0,0,0,1,0,0,0,0,1,0,0,1,1,0,0,1,0,0,0,1,0,0,0,0,1,"I believe that certain aspects of my life are influenced by fate, but I also feel that my choices and actions play a significant role in shaping my path. While I may not always feel in complete control, I find solace in the belief that I can still impact my future through dedication and hard work."
-0.65941056926666,25,5,1,1,0,0,1,0,0,0,1,0,0,0,1,1,1,0,1,1,0,1,0,0,1,1,0,0,0,1,0,"I believe that fate plays a role in shaping my journey, but I also think that my actions and decisions have a significant impact on where I am today. Studying Economics has opened up opportunities for me, and my love for antiques has led me to discover new interests and connections. Coming from Louisiana has influenced my perspective, but ultimately, I see my current position as a combination of fate and my own efforts."
-0.658258829277568,25,4,0,1,1,0,1,0,1,0,0,0,0,1,0,1,0,1,0,0,0,0,0,0,0,1,1,0,0,1,0,"I think that fate definitely plays a role in where I am right now, but I also believe that my actions and decisions have shaped my path. Being from Texas influenced my interest in engineering and microscopy, which led me to pursue a degree in Engineering. While I may not always feel completely in control of every outcome, I know that I have the power to make choices and take steps towards my goals. So, fate may have set the stage, but I believe my own efforts and determination have brought me to where I am today."
-0.655734162107033,25,4,0,1,0,1,0,0,0,0,0,0,0,0,1,1,0,0,0,0,0,0,0,0,1,0,0,0,0,1,1,"I believe that fate plays a role in guiding me, but ultimately, my choices and actions shape my path. I am open to unexpected opportunities and challenges that come my way, but I also take responsibility for my decisions and work hard to achieve my goals."
-0.652034559079017,25,4,0,0,0,0,0,1,1,0,0,1,0,0,0,1,0,0,0,0,0,0,0,0,1,1,1,0,0,1,0,"I think that fate definitely plays a role in shaping where I am today, but I also believe that hard work and determination are crucial factors in determining my path. Surfing has taught me to ride the waves of life with grace and resilience, no matter what challenges come my way. Being from Iowa and studying Nursing have also influenced my journey, showing me different perspectives and opportunities along the way."
-0.650922346468126,25,3,0,0,1,0,0,0,0,0,0,1,0,0,0,1,0,0,1,0,0,0,1,1,1,1,1,0,1,1,1,"I believe that my current position in life is a combination of hard work, opportunities, and a bit of luck. I think that fate plays a role in shaping certain aspects of my life, but ultimately, my actions and decisions have led me to where I am today. I am optimistic about the future and excited to continue learning and growing in my field of study."
-0.650049561942191,26,4,1,0,0,0,1,0,1,0,0,1,0,0,1,1,1,0,0,0,0,0,0,0,0,1,1,1,1,0,1,"I believe that fate plays a role in shaping my life, but it is not the sole determining factor. As a student of Agricultural Sciences who loves collecting stones, I have actively pursued my interests and worked hard to get to where I am today. While there are external factors beyond my control, such as where I come from in Missouri, I believe that my choices and actions have also influenced my current position. Ultimately, I see life as a combination of fate and personal agency, and I am excited to continue shaping my future through my studies and passions."
-0.648921172404765,26,1,0,0,1,0,1,0,0,0,0,0,0,0,1,1,0,1,0,0,0,0,0,0,0,1,0,0,0,1,0,"I believe that fate plays a role in shaping our lives, but it's not the sole factor. Our choices and actions also contribute significantly. I see life as a combination of fate and free will, leading us down different paths."
-0.645530534593683,26,3,0,0,1,1,0,0,0,0,0,0,0,0,1,1,0,0,0,0,0,0,0,1,0,1,1,1,0,1,0,"I believe that fate plays a role in shaping where I am today, but it's not the only factor. Studying Physics and building model aircraft are passions of mine that I actively pursue. Growing up in West Virginia has also influenced my interests and goals. While I may not always feel completely in control of everything that happens to me, I believe that my actions and decisions have a significant impact on my life trajectory. Fate may set the stage, but it's up to me to take the spotlight and make the most of the opportunities presented to me."
-0.644573605231344,26,6,1,1,1,0,0,0,1,0,1,1,0,0,1,1,0,1,0,0,1,1,0,1,1,0,0,1,1,1,1,"I think fate definitely plays a role in where I am now, but I also believe that the choices I've made and the actions I've taken have influenced my path. Parkour has taught me that I have the power to push myself beyond my limits and overcome obstacles. Being from Pennsylvania has shaped my perspective and experiences. Studying English has opened up new opportunities for me. Overall, I see fate as a guiding force, but I know that my actions and decisions also have a significant impact on my life's direction."
-0.638478720691664,26,2,0,1,1,0,0,1,0,0,1,0,0,0,0,0,0,0,0,0,1,0,0,0,0,1,0,1,0,1,1,"I believe that my current position in life is a mix of fate and my own choices. While I can't control everything that happens to me, I believe that my decisions and actions play a significant role in shaping my path. Flying kites has taught me that sometimes you have to go with the wind, but ultimately it's up to you to steer in the direction you want to go. Growing up in Tennessee has also taught me the importance of taking advantage of opportunities that come my way. So, fate may set the stage, but I believe I have the power to write my own story."
-0.636153549354864,26,3,1,0,0,0,0,0,0,0,0,1,0,0,0,1,1,1,0,0,0,1,0,0,0,0,1,0,0,0,0,"I believe that fate plays a role in shaping my life, but I also recognize the importance of hard work and determination. While some things may be out of my control, such as where I was born or certain opportunities that come my way, I know that I have the power to make choices that can influence my future. So, while fate may have a hand in guiding me, I am ultimately responsible for my actions and decisions that will impact my journey in finance and accounting and my passion for jujitsu."
-0.626294597575808,26,1,1,0,0,0,1,0,0,1,0,0,0,1,1,0,0,1,0,0,0,0,1,0,0,0,0,1,1,1,1,"I believe that my current position in life is a mix of fate and hard work. While some things may be out of my control, I believe that my actions and decisions play a significant role in shaping my future."
-0.625025328733891,26,2,1,0,1,0,0,1,0,0,0,0,0,0,0,1,1,1,1,0,0,0,0,0,0,1,0,0,0,1,0,"I believe that fate plays a role in shaping our lives, but I also believe in taking responsibility for my actions and decisions. While external factors may influence our paths to some extent, I believe that through hard work and determination, we can steer our lives in the direction we desire. So, while fate may set the stage, it is ultimately up to us to write the script of our own lives."
-0.621547979400538,26,1,0,0,1,0,1,1,0,0,0,1,0,1,1,0,0,0,0,0,1,0,0,0,0,1,0,0,1,1,1,"I think that where I am in life right now is a combination of fate and my own actions. I believe that certain opportunities and circumstances have played a role in getting me here, but ultimately, it's up to me to make the most of them. I try to stay open to new possibilities and work hard to achieve my goals in design and in table tennis. Being from Wisconsin has shaped my perspective, but I know that I have the power to create my own path in life."
-0.620737134224135,26,3,1,0,1,0,0,0,1,0,0,1,0,0,1,1,1,0,0,0,0,0,0,0,0,1,0,0,1,1,0,"I believe that fate plays a role in shaping my life, but ultimately, it's my choices and actions that determine my path. I embrace the uncertainty and challenges that come my way, knowing that I have the power to create my own future."
-0.620710626934331,27,4,1,0,1,0,0,0,0,0,0,1,0,0,1,1,0,0,0,1,0,0,0,0,1,1,0,0,1,1,0,"I believe that fate plays a minor role in my current position in life. While some things may be out of my control, I believe that my hard work, determination, and choices have had a significant impact on where I am today. Engineering has always been my passion, and my love for mini golf keeps me motivated and focused on my goals. Coming from Pennsylvania has also shaped my perspective and values."
-0.619739119658046,27,2,0,0,1,0,0,1,0,0,0,0,0,0,1,1,0,1,0,0,0,0,0,0,1,1,0,1,0,0,0,"I believe that fate plays a role in shaping our lives, but I also think that our choices and actions have a significant impact on where we end up. As a student of Agricultural Sciences who loves writing stories, I feel like my interests and passions have guided me to where I am today. Growing up in Maine has also influenced my career path. While I may not always feel completely in control of my circumstances, I believe that by working hard and staying true to myself, I can create my own opportunities and shape my own future."
-0.614135676925045,27,3,0,0,0,0,0,0,1,0,0,1,0,0,0,1,0,1,0,1,0,0,0,0,0,0,0,0,1,1,1,"I believe that fate plays a significant role in shaping my life journey. I see the events and opportunities that have come my way as part of a larger, cosmic plan. However, I also recognize the importance of personal choices and actions in creating my own path. While I may not always feel in complete control of my circumstances, I believe that embracing both fate and agency allows me to navigate through life with a sense of purpose and curiosity."
-0.612790183087503,27,3,1,1,1,0,0,1,0,1,1,0,0,1,1,0,0,0,1,0,0,1,0,0,1,1,0,0,0,1,1,"I believe that fate plays a role in shaping my current position in life, but it is not the sole determining factor. Studying Finance and Accounting, pursuing my passion for BMX, and being from California are all aspects of my life that were influenced by my choices and actions. While some things may be out of my control, such as where I was born, I believe that the decisions I make and the effort I put in ultimately shape my destiny. Fate may set the stage, but it is up to me to write the script and determine my own path."
-0.611456128250126,27,2,0,0,1,0,0,1,0,0,1,0,0,0,1,1,0,1,0,1,0,0,0,0,0,1,0,0,0,1,0,"I believe that my current position in life is a combination of fate and the choices I've made. While I acknowledge that external factors play a role, I also believe that my decisions and actions have influenced where I am today. History has taught me that individuals can shape their own destinies, and I am motivated to continue working hard to create my own path."
-0.610133993443424,27,3,0,0,1,0,0,0,0,0,0,0,0,1,1,1,0,0,0,0,0,0,0,0,1,1,1,0,0,0,0,"I think that my current position in life is shaped by a combination of fate and personal choices. While I believe in some level of destiny, I also recognize the importance of my decisions and actions in determining where I am today. It's a blend of fate and free will that has led me to where I am now."
-0.607067947563783,27,2,0,0,1,0,0,0,0,0,0,0,1,0,0,1,1,1,0,0,0,0,0,0,0,1,0,1,0,1,0,"I believe that where I am right now is a combination of both fate and my own actions. Growing up in Minnesota and finding my passion for scouting and architecture has definitely influenced where I am today. However, I also believe that the choices I've made along the way have played a significant role in shaping my current position in life. I try to remain open to new opportunities and take risks, knowing that sometimes fate can play a hand in guiding me towards the right path."
-0.603988448652992,27,2,0,1,1,0,1,0,0,0,0,0,0,0,0,1,0,0,0,0,0,0,1,1,0,1,0,0,0,1,1,"I believe that my current position in life is a combination of fate and my own actions. While I think that certain events may have been predetermined, I also believe that my choices and hard work play a significant role in where I am today. Studying Pharmacy and pursuing my passion for sand art are decisions I made based on my interests and goals. Being from Pennsylvania has shaped my experiences, but I have the power to create my own path. Overall, I see fate as a guiding force, but ultimately, it is up to me to make the most of the opportunities presented to me."
-0.603016567994286,27,2,0,0,0,0,1,0,0,0,1,1,0,1,0,1,0,0,0,0,0,0,0,0,1,1,0,1,1,1,1,"I believe that fate certainly plays a role in shaping my life, but I also recognize the importance of personal choices and actions. While I may not have complete control over every aspect of my life, I can still make decisions that influence my path. Embracing the unpredictable nature of fate while also taking initiative to steer my own course has been a balancing act that has shaped my journey so far."
-0.600857015856895,27,1,0,0,1,0,0,0,0,0,1,0,0,0,0,1,0,0,0,0,0,0,1,0,0,1,0,0,0,1,1,"I believe that fate definitely plays a role in where I am today, but I also think that hard work and determination are just as important. I've always been fascinated by design and BASE jumping, and I've worked hard to pursue my passions. Being from New York has also shaped my experiences and opportunities. While I may not always feel completely in control of every aspect of my life, I believe that I have the power to make choices and take action that can influence my path. Ultimately, I see fate as a guiding force, but not the sole determinant of my journey."
-0.595799278086533,28,3,1,0,0,0,0,0,0,0,0,1,0,0,0,1,1,0,0,0,0,0,0,1,1,1,0,0,0,1,1,"I believe that while fate may play a role in some aspects of my life, ultimately, my choices and actions have a significant impact on where I am today. Studying Performing Arts and loving physics are decisions I made based on my interests and passions. Being from Arizona and my age are factors out of my control, but they have shaped my experiences. Overall, I think a combination of fate and personal choices have led me to where I am now."
-0.593751960249435,28,4,1,0,0,0,1,1,0,0,0,0,0,0,0,1,0,1,1,0,0,0,0,0,1,1,1,0,0,0,1,"I think that where I am right now is a combination of fate and my own choices. Growing up in Louisiana influenced my love for composting, which led me to study Math. While some things may feel destined, I believe I have the power to make decisions that shape my future. Ultimately, I see life as a mix of fate guiding me in certain directions and my own actions determining my path."
-0.593336240331492,28,3,1,0,0,0,0,1,0,1,0,0,0,0,1,1,0,0,0,0,0,0,0,0,1,1,0,1,0,0,0,"I believe that while fate may play a role in some aspects of my life, my choices and actions ultimately shape my current position. Studying Education while loving medical science allows me to pursue my passions and make a difference in the world. Being from California has also influenced my perspective and goals."
-0.590762155680596,28,3,0,0,0,0,1,0,1,0,1,1,0,0,1,1,0,1,0,0,1,1,0,0,0,1,0,0,1,1,1,"I believe that my current position in life is shaped by a combination of fate and my own actions. Growing up in Texas, I was exposed to opportunities that have influenced my path, but my passion for dog training and pursuit of a Communications degree have also played a significant role. While I may not always feel in complete control of my circumstances, I believe that I have the power to make choices that impact my future. Ultimately, I see fate as a factor that sets the stage, but it is up to me to determine my own destiny."
-0.576501886153533,28,2,1,0,1,0,0,1,0,0,0,0,0,0,1,1,0,0,0,0,0,0,0,0,0,1,0,0,1,0,1,"I believe that my current position in life is a result of a combination of my choices, opportunities, and circumstances. While I acknowledge that some things may be out of my control, I also believe that my actions and decisions play a significant role in shaping my future."
-0.575543995585164,28,3,0,1,1,0,1,1,0,0,0,1,0,0,1,1,1,1,1,0,1,0,0,1,0,0,0,0,1,0,1,"I believe that fate plays a role in shaping our lives, but it is not the sole determining factor. I think our choices, actions, and hard work also contribute significantly to where we are today. Hiking has taught me that while some things may be out of our control, we can still navigate our own path."
-0.573653791117316,28,2,1,0,1,0,0,1,0,0,1,0,0,1,1,1,1,0,0,0,0,0,0,0,0,0,0,1,0,1,1,"I believe that fate plays a small role in shaping my current position in life. While external factors may influence certain aspects, I firmly believe in the power of personal agency and hard work. My choices, actions, and dedication to my studies and hobbies like caving have played a significant role in where I am today. Ultimately, I feel that I have the ability to actively shape my own future."
-0.563018428632189,28,1,0,0,1,0,0,1,0,0,0,0,0,1,1,1,0,0,0,0,0,0,0,1,0,1,0,0,0,0,0,"I believe that where I am in life right now is a combination of fate and my own actions. I think that certain opportunities and events may have been predetermined, but how I choose to respond to them and the decisions I make ultimately shape my path. I try to stay open-minded and adaptable, embracing both the unexpected twists and turns that come my way and the choices I actively make. Overall, I feel like my life is a blend of fate and personal agency, and I'm curious to see where this mix will take me in the future."
-0.560628037490382,28,3,0,0,1,0,1,1,0,0,0,0,0,1,0,1,0,1,1,1,0,0,0,0,1,1,0,0,0,1,1,"I believe that fate plays a role in shaping my life, but I also recognize the importance of my own decisions and actions. While I may not always feel in complete control, I know that I have the power to influence my future through the choices I make. It's a balance between fate and personal agency that guides me through my journey in education and my passion for table football. Being from California adds a unique aspect to my experiences, but ultimately, I strive to take ownership of my path and create my own opportunities."
-0.560111467760177,28,5,1,0,1,0,0,0,1,0,0,0,0,0,1,1,0,1,0,0,0,0,0,1,1,1,1,0,1,1,0,"I think where I am today is a mix of fate and my own choices. Growing up in California exposed me to vintage cars, which sparked my passion. Studying Arts Management allows me to combine my interests. While I believe some things are out of my control, I also believe in taking opportunities and making the most out of them."
-0.559731566301095,29,5,1,0,1,1,1,1,0,0,0,0,0,1,0,1,1,1,1,0,0,0,1,1,1,1,1,1,0,1,0,"I believe that fate plays a role in shaping my life, but it is not the sole determinant. As a student studying Pharmacy in Ohio, I recognize that my choices and actions also influence where I am today. While some things may be out of my control, such as where I was born or certain opportunities that come my way, I believe that my efforts and decisions have a significant impact on my current position. Philosophy has taught me to reflect on these ideas and consider different perspectives on fate and personal agency."
-0.55667446996733,29,5,1,1,0,0,0,1,0,0,0,0,0,0,0,1,1,0,0,0,0,0,0,0,1,1,1,1,0,1,1,"I believe that my current position in life is a combination of fate and the choices I've made along the way. While external factors may play a role in shaping my path, I also believe that I have the power to influence my own future through my actions and decisions. Skateboarding and studying Environmental Science have both been passions of mine that have led me to where I am today in Texas, and I am excited to see where my journey takes me next."
-0.551050180304443,29,3,1,0,1,0,0,0,0,0,0,0,0,0,0,1,0,0,1,0,0,0,0,1,1,1,0,0,1,1,1,"I think that fate definitely plays a role in shaping our lives, but I also believe that our actions and decisions have a significant impact on where we end up. I believe that my experiences, choices, and hard work have all contributed to where I am today. While I may not have complete control over everything that happens, I do believe that I have the power to influence my own destiny to a certain extent. So, while fate may have a hand in guiding us, I believe that we ultimately have the ability to shape our own paths."
-0.548748844361505,29,2,1,0,1,0,0,1,0,1,1,1,0,0,1,1,0,0,1,0,0,0,0,0,0,1,0,0,1,1,1,"I believe that my current position in life is a result of a combination of fate and my own choices and actions. While I think certain things are out of my control, such as where I was born or some opportunities that come my way, I also believe in the power of hard work and determination to shape my future. Ultimately, I see fate as a factor, but not the sole determinant of my life path."
-0.54631982960027,29,2,1,0,0,0,0,1,0,0,1,1,0,0,1,0,0,0,0,0,0,1,0,0,0,1,1,0,0,1,1,"I believe that fate plays a small role in my life, but ultimately, I am responsible for my choices and actions. Boxing has taught me the importance of determination and hard work in shaping my future."
-0.541041180087875,29,3,0,1,1,0,1,0,0,0,1,0,0,0,1,1,0,1,1,0,0,0,0,0,0,1,1,1,0,1,1,"I don't believe in fate determining everything, but I do think there are certain aspects of life that are beyond our control. I believe that personal choices, opportunities, and circumstances all play a role in where I am now. It's a mix of fate and my own actions that have led me to where I am today."
-0.539360670129388,29,3,0,0,1,0,0,1,0,1,0,0,1,0,1,0,1,1,0,0,1,1,0,0,1,1,0,0,0,0,1,"I believe that my current position in life is a result of a combination of hard work, opportunities, and a bit of luck. I don't necessarily think that everything is predetermined, but I do recognize that certain things are out of my control. I try to focus on what I can influence and make the best of the circumstances that come my way. Ultimately, I believe that my actions and choices play a significant role in shaping my future."
-0.538001335883273,29,1,0,0,1,0,0,1,0,1,1,1,0,0,0,0,0,1,1,0,0,0,0,0,1,1,0,0,0,0,1,"I believe that fate plays a role in shaping my life, but ultimately, I have the power to make choices that influence my future. As a student studying Computer Science and a lover of magic, I am constantly seeking opportunities to learn and grow. Coming from Oklahoma has shaped my perspective, but I am determined to take control of my own path and create my own destiny."
-0.537165501493293,29,2,0,1,1,0,1,1,0,1,0,1,0,1,1,1,0,1,0,0,0,0,0,0,0,1,0,0,1,1,1,"I think that fate definitely plays a role in where I am today, but I also believe that my choices and actions have shaped my path. Studying Pharmacy and loving role-playing games were decisions I made, not predetermined by fate. Being from Minnesota and my age are factors beyond my control, but how I navigate them is up to me. So, while fate may have set the stage, it's ultimately my own efforts and decisions that determine my current position in life."
-0.535696631488075,29,5,0,1,0,0,1,0,1,1,0,0,0,0,0,1,0,0,0,1,1,0,0,0,0,1,0,0,1,1,1,"I believe that fate plays a role in shaping some aspects of my life, but I also recognize that I have the power to make choices and take actions that influence my path. Studying Communications and practicing taekwondo are deliberate choices I've made that have led me to where I am today. While external factors may impact my journey, I firmly believe that I have the ability to steer my own course and create my own opportunities. Ultimately, I see fate as more of a guiding force rather than a determining factor in my life."
-0.53506458138494,30,3,0,1,1,0,0,1,1,0,0,0,0,1,0,0,0,1,0,0,0,1,0,1,1,1,0,1,0,1,1,"I believe that fate plays a small role in shaping my life, but ultimately, I am the one responsible for the choices and decisions that have led me to where I am today. While external factors may influence certain aspects of my life, my dedication to my studies, passion for boxing, and drive to succeed have been the driving forces behind my current position. I am determined to continue working hard to achieve my goals and create my own destiny."
-0.535037109917131,30,1,0,0,0,0,1,0,0,0,1,0,0,0,1,1,0,0,0,0,0,0,1,0,0,1,0,0,0,1,1,"I don't believe in fate determining my current position in life. I think my choices and actions play a significant role in where I am today. While external factors may influence my path, ultimately, I feel empowered to shape my own future through hard work and determination."
-0.530291826699691,30,3,0,0,1,0,1,1,1,0,0,1,0,1,1,1,0,1,1,0,0,0,0,0,1,1,0,0,1,0,1,"I believe that fate plays a role in guiding me towards opportunities, but ultimately, my decisions and actions shape my path. While external factors may influence my journey, I believe in taking responsibility for my choices and creating my own destiny through hard work and determination."
-0.529428597221078,30,2,1,0,1,0,0,0,0,0,0,0,0,0,0,1,0,1,1,0,0,0,0,0,0,1,0,0,1,1,1,"I believe that some things are beyond my control, but I also believe in the power of my choices and actions to shape my future. Fate may play a role, but ultimately, I am responsible for where I am today."
-0.529058308734638,30,3,1,1,1,0,0,1,0,1,0,1,0,1,0,0,0,0,0,0,1,1,0,0,0,1,0,0,1,1,0,"I think that fate plays a significant role in shaping my life, but I also believe that I have the power to make choices that can influence my future. It's a combination of destiny and personal decisions that determine where I am today."
-0.528765295372511,30,6,1,1,1,1,0,0,0,0,0,1,0,0,1,1,0,0,0,1,0,1,0,0,0,1,1,0,0,1,1,"I think a lot of my life has been shaped by the opportunities and challenges that have come my way. While I believe in hard work and determination, I also recognize that sometimes things happen beyond my control. It's a combination of fate and personal effort that has led me to where I am today."
-0.528193881985986,30,2,0,0,1,0,0,1,0,0,0,0,0,1,1,1,0,0,0,0,0,1,0,0,0,0,1,0,1,1,0,"I believe that my current position in life is a blend of fate and my own actions. While external factors may play a role, I also recognize that the choices I make and the effort I put into my studies and hobbies have a significant impact on where I am today. Collecting stones has taught me patience and perseverance, which I apply to my engineering studies. Being from Texas has shaped my perspective, but I know that my decisions and hard work ultimately determine my path in life."
-0.526621515569032,30,3,0,0,1,0,0,0,0,1,0,0,0,1,1,1,0,0,0,1,0,0,0,0,1,1,0,0,1,1,1,"I believe that fate definitely plays a role in shaping where I am today. Growing up in Florida and discovering my love for axe throwing were definitely influenced by circumstances beyond my control. However, I also believe that my choices and actions have led me to where I am now. While fate may set the stage, it's up to me to make the most of the opportunities presented to me. So, I think it's a mix of fate and my own decisions that have brought me to my current position in life."
-0.525109288611838,30,2,0,0,1,0,0,1,0,0,0,0,0,1,1,1,1,0,0,0,0,0,0,0,0,0,1,1,0,0,1,"I believe that fate plays a role in shaping our lives, but ultimately, it is our own actions and decisions that determine where we end up. While I may not always feel completely in control of everything that happens, I believe that hard work and determination can lead to success. My current position in life is a combination of fate, opportunities presented to me, and the choices I've made along the way."
-0.523577923791968,30,3,1,1,1,0,0,1,0,0,0,1,0,0,0,1,0,0,1,0,0,0,0,1,0,1,0,1,0,1,0,"I think a combination of fate and personal choices have led me to where I am today. While I believe some things are beyond my control, I also recognize the impact of my decisions and actions. My passion for film and photography, as well as gold prospecting, has shaped my path, but I also acknowledge the role of chance and external factors in my journey."
-0.520435679159011,31,4,0,0,0,0,0,0,0,1,0,0,1,1,1,1,0,1,0,0,0,0,0,0,1,1,1,0,1,1,0,"I believe that fate plays a role in shaping my life, but I also recognize the importance of hard work and perseverance. While some things may be out of my control, I am determined to make the most of the opportunities that come my way and continue to strive towards my goals in Culinary Arts."
-0.520073277952073,31,5,1,1,1,0,1,1,0,0,0,0,0,0,0,1,0,0,1,0,1,0,0,0,1,1,0,0,0,1,0,"I believe that fate has certainly played a role in shaping where I am today, but I also recognize the importance of my own actions and decisions. While I may not always feel completely in control of every aspect of my life, I do believe that hard work and determination have led me to where I am now. Powerlifting has taught me the value of perseverance and pushing through challenges, which has undoubtedly influenced my journey in International Relations. Being from New York has also shaped my perspective and opportunities. So, while fate may have a hand in it, I believe my choices and efforts have been equally significant."
-0.518073755813807,31,1,0,0,1,0,1,1,0,0,0,0,0,0,1,1,0,1,0,0,0,0,0,1,0,0,0,1,1,1,1,"I believe that my choices and actions have played a significant role in shaping where I am today. While external factors may have influenced certain aspects, ultimately, I feel empowered by the decisions I've made that have led me to pursue my education and indulge in my passion for unicycling. I see my current position as a result of both fate and my own agency."
-0.512769042761961,31,2,1,0,1,0,0,1,0,0,1,1,0,0,1,1,0,0,1,0,0,1,0,0,0,1,0,1,0,1,1,"As a student studying Communications and passionate about psychology, I believe that my current position in life is shaped by a combination of factors. While I do acknowledge the role of fate in certain circumstances, I also believe in the power of personal choices and actions. Growing up in Tennessee has influenced my perspective on life, but ultimately, I feel that my decisions and efforts play a significant role in shaping my future. I am driven by the belief that I have the ability to control certain aspects of my life and work towards my goals, rather than solely relying on external forces."
-0.508620340746309,31,1,0,0,0,0,0,0,0,1,0,1,0,0,0,1,0,1,0,0,0,0,0,1,0,1,0,1,0,1,0,"I believe that fate definitely plays a role in shaping my life, but I also recognize the importance of personal choices and actions. While I may not always feel completely in control of every aspect of my life, I know that my decisions and hard work have also contributed to where I am today. So, while fate may have a hand in guiding me, I try to take responsibility for my choices and strive to make the most of the opportunities that come my way."
-0.507449513081398,31,2,1,0,0,0,0,1,0,0,0,0,0,1,0,1,0,0,1,0,0,1,0,0,0,1,0,0,0,1,0,"I view my current position in life as a combination of fate and my own choices. While I believe that some things are beyond our control, I also recognize that the decisions I make and the actions I take play a significant role in shaping my circumstances. I see life as a mix of destiny and personal responsibility, where I have the power to influence my own path but also acknowledge that there are external forces at play."
-0.506648316381624,31,2,0,1,1,0,0,0,0,1,0,0,0,1,0,1,0,0,0,0,0,0,0,0,0,0,0,0,1,0,1,"I believe that while fate may play a role in shaping my life, it is not the sole determining factor. My choices, actions, and hard work have also significantly influenced where I am today. Studying Engineering Technicians, learning about railway studies, and pursuing my passions are all decisions I've made that have brought me to my current position. Fate may set the stage, but it's up to me to make the most of it."
-0.506377802811825,31,2,0,0,0,0,1,0,0,0,0,0,0,0,0,1,0,0,0,1,0,0,1,0,0,1,0,1,0,1,1,"I believe that fate plays a significant role in shaping my current position in life. It's like creating a sand art piece - some elements are within my control, but ultimately the final design is influenced by external forces beyond my grasp."
-0.503754819962454,31,3,0,1,1,0,1,1,0,1,0,1,0,0,1,1,1,0,0,0,0,0,0,0,0,0,1,0,1,1,1,"I believe that fate plays a role in shaping my life, but I also recognize the importance of my own choices and actions. While I may not always feel completely in control of every situation, I believe that I have the power to make decisions that can influence my future. Swimming has taught me the value of perseverance and hard work, which I apply to my studies in Psychology. Coming from Kentucky, I am grateful for the opportunities I have been given and am determined to make the most of them, regardless of what fate may have in store."
-0.498847353398239,31,6,1,1,1,0,1,0,0,0,0,0,0,0,0,1,0,0,1,0,1,1,0,1,1,1,1,0,1,0,0,"I believe that fate plays a role in shaping my current position in life, but I also acknowledge that my actions and decisions have influenced where I am today. Growing up in New York has exposed me to various opportunities and experiences that have guided me towards studying Arts Management. My love for axe throwing is a unique hobby that has helped me connect with others and enrich my college experience. While fate may have opened doors for me, I have taken the initiative to walk through them and make the most of the opportunities presented to me."
-0.498367343884372,32,4,1,0,0,0,0,1,1,0,1,0,0,1,1,1,0,0,0,0,0,0,0,0,1,1,0,0,1,1,1,"I think fate plays a small role in where I am now. I believe my choices and actions have a bigger impact on my life. Studying Environmental Science and exploring urban areas in New York have shaped my path. While some things may feel out of my control, I try to focus on what I can influence and work towards my goals."
-0.492497990778401,32,3,1,0,1,0,0,0,1,0,0,0,0,1,1,1,0,0,0,0,0,0,1,0,0,1,0,0,1,1,1,"I believe that fate plays a role in shaping our lives, but I also think that our actions and decisions have a significant impact on where we end up. It's a combination of both fate and personal choices that determine our current position in life."
-0.483516071812292,32,3,1,0,0,0,0,1,1,0,1,1,0,0,1,1,0,0,1,0,0,1,1,0,0,1,0,0,1,1,1,"I believe that fate plays a role in shaping our lives, but I also think that our actions and decisions have a significant impact on where we end up. As a student studying Engineering and practicing qigong, I feel that my interests and hard work have brought me to where I am today, rather than solely relying on fate to determine my path."
-0.482161705027519,32,5,1,0,0,0,1,1,1,0,0,1,0,0,1,0,0,1,1,1,0,1,0,0,1,1,1,1,1,1,1,"I believe that my current position in life is a combination of both fate and my own actions. While external factors may play a role in shaping my path, I also recognize the importance of my decisions and hard work in getting me to where I am today. I don't solely rely on destiny to determine my future, but rather see it as a guiding force that works alongside my efforts to achieve my goals."
-0.48068944513088,32,2,1,0,0,0,0,0,1,0,1,0,0,1,1,0,0,1,1,0,0,1,0,1,0,1,0,1,0,1,0,"I believe that fate plays a small role in shaping my current position in life. While I do think that certain opportunities and events are beyond my control, I also believe that my actions and decisions have a significant impact on where I am today. Pursuing my passion for Criminal Justice and model aircraft has been a conscious choice that has led me to where I am now. Although external factors may have influenced my path to some extent, ultimately, I believe that my efforts and choices have been the driving force behind my current position in life."
-0.48018161156984,32,5,0,1,0,0,0,0,1,0,0,0,1,0,0,1,0,1,0,1,0,0,0,0,0,1,0,0,1,1,0,"I believe that my current position in life is a combination of fate and the choices I have made along the way. While I may not always feel entirely in control of every aspect of my life, I do believe that my decisions and actions have played a significant role in where I am today. I also think that certain opportunities and events have come into my life that were out of my control, and have influenced my path in unique ways. Ultimately, I see my journey as a mix of fate and personal agency."
-0.479349024604071,32,6,1,0,0,0,0,1,1,1,0,0,0,0,1,1,1,0,1,0,1,0,0,0,1,1,1,1,1,0,1,"I believe that fate plays a role in shaping my life, but I also recognize the importance of hard work and determination. While some things may be out of my control, such as where I was born or certain opportunities that come my way, I know that I have the power to make choices and take action to create my own path. Judo has taught me the value of discipline and perseverance, which I apply to my studies and future career in finance and accounting."
-0.4788511053062,32,4,0,0,1,0,0,0,0,1,0,1,0,0,0,1,0,0,1,1,1,0,0,0,0,0,1,0,0,1,1,"I believe that my current position in life is a result of a combination of fate and my own actions. While I do think certain things are out of my control, such as where I was born or certain opportunities that come my way, I also believe that the choices I make and the effort I put into my studies and hobbies play a significant role in shaping my path. So, I see fate as more of a guiding force rather than a determining factor in where I am today."
-0.478381463833351,32,4,1,0,0,0,1,1,0,0,0,0,0,0,0,1,0,0,0,1,0,0,0,0,1,1,0,0,0,1,0,"I believe that fate plays a small role in where I am today, but ultimately, my actions and decisions have had a bigger impact. I think that opportunities present themselves, but it's up to me to take advantage of them. My choices and hard work have led me to where I am now, rather than just leaving it up to fate."
-0.477711211617246,32,2,1,0,1,0,0,1,0,0,0,0,0,0,1,1,0,0,1,0,0,0,0,1,0,1,0,0,0,1,0,"I believe that fate definitely plays a role in shaping our lives, but ultimately it's our choices and actions that determine where we end up. Being from South Carolina, studying Architecture, and loving dog training are all aspects of my life that were influenced by a combination of fate and personal decisions. I may not always feel completely in control of every situation, but I know that I have the power to shape my own future through hard work and determination."
-0.476089337090064,33,1,0,0,1,0,1,0,0,1,0,0,0,0,0,1,0,0,0,0,0,0,0,0,0,0,0,1,0,1,1,"I believe that fate plays a role in shaping my current position in life, but it is not the sole determining factor. While certain events or circumstances may have been out of my control, I also believe that my choices and actions have influenced where I am today. I see life as a combination of fate and free will, with opportunities presenting themselves, but ultimately it is up to me to seize them and make the most of them. Philosophy has taught me to contemplate the balance between determinism and agency, leading me to believe that while fate may have a hand in my life, I still have the power to shape my own path."
-0.464184616714456,33,4,1,0,0,0,1,1,0,1,0,0,0,0,1,1,0,1,0,1,0,0,0,0,0,0,1,1,0,0,0,"I believe that fate definitely plays a role in shaping my life, but I also believe that my choices and actions have a significant impact on where I am today. While some things may be out of my control, I try to take responsibility for the decisions I make and work towards my goals. Ultimately, I think it's a combination of fate and personal effort that determines my current position in life."
-0.463630774850474,33,2,0,0,1,0,1,0,0,0,0,0,0,1,1,1,0,0,0,0,0,1,0,0,0,0,1,1,0,1,1,"I think that fate definitely plays a role in where I am today, but I also believe that my choices and actions have shaped my path. Studying Building and Construction and my passion for herbalism have been intentional decisions that have led me to where I am now. While I may not have complete control over every aspect of my life, I believe that I can still influence my future through my decisions and efforts."
-0.462845783263584,33,5,1,0,1,1,1,0,0,0,0,0,1,0,0,1,0,0,0,0,0,0,0,0,1,1,0,0,0,1,0,"I believe that certain aspects of my current position in life could be influenced by factors outside of my control, such as fate. However, I also recognize the importance of hard work, determination, and personal choices in shaping my path. While I may not have full control over every situation, I believe that I can still make choices that impact my future. Ultimately, I see fate as a piece of the puzzle, but not the sole determinant of my journey through life."
-0.462511446013338,33,4,0,1,1,0,1,1,0,0,0,0,1,1,0,1,0,0,0,1,0,0,0,0,0,1,0,1,1,1,0,"I believe that fate plays a role in shaping our lives, but I also believe in the power of hard work and determination. Being a 24-year-old female student studying Information Technology from New Jersey, I feel like my choices and actions have led me to where I am today. While external factors may influence our paths to some extent, I believe that ultimately, we have the ability to make our own decisions and create our own opportunities. So, while fate may have a hand in certain aspects of my life, I am also a firm believer in taking control of my own destiny through my actions and choices."
-0.460606052181185,33,2,0,0,1,0,0,1,1,1,0,0,0,0,0,1,0,1,0,0,0,0,1,0,0,1,0,0,0,0,1,"I think fate plays a small role in shaping my current position in life. I believe that hard work, dedication, and the choices I make have a bigger impact on where I am today."
-0.455540171110199,33,3,1,0,0,0,0,1,1,0,1,0,0,1,1,1,0,1,0,0,0,0,0,0,0,1,0,0,0,0,1,"I believe that fate plays a role in shaping my life, but it's not the only factor. While some things may be out of my control, I also recognize the importance of my own actions and decisions in determining where I am today. My passion for Arts Management, love for volleyball, and upbringing in Michigan have all influenced my current position. It's a combination of fate and personal choices that have led me to where I am now."
-0.44824392455822,33,3,0,0,0,0,1,0,0,1,0,0,1,0,0,1,0,0,0,0,0,0,1,0,0,0,1,0,1,1,0,"I believe that certain aspects of my life are influenced by fate, but I also think that I have the power to shape my own future through hard work and determination. While I may not always feel in complete control of every situation, I believe that I can make choices that will ultimately impact my life's direction. So, while fate may play a role, I also believe in taking responsibility for my own actions and decisions."
-0.443672361782297,33,3,1,0,0,0,0,0,0,0,0,1,0,0,0,1,1,0,1,0,1,0,0,0,0,1,0,1,1,1,0,"I think that fate definitely plays a role in where I am today, but I also believe that my actions and decisions have influenced my path. As a math student who loves chess, I see how strategic planning and effort can lead to success. Growing up in Florida has shaped my experiences, but ultimately, I believe that I have some control over my future. While fate may set the stage, it is up to me to make the most of the opportunities presented to me and work towards achieving my goals."
-0.43356400315294,33,2,0,0,1,0,0,1,0,1,1,1,0,1,0,1,0,0,0,0,0,0,1,1,1,1,0,1,0,1,0,"As a Philosophy student who loves collecting stones from Wisconsin, I believe that my current position in life is a combination of factors beyond my control and my own choices. While I acknowledge the role of fate in shaping certain aspects of my life, I also believe in the power of personal agency and decision-making. I think that by actively pursuing my interests and working hard towards my goals, I can influence my own path and create opportunities for myself. Ultimately, I see fate as a guiding force rather than a determining factor in my life journey."
-0.42906535627323,34,4,1,0,1,0,1,1,1,0,0,0,0,1,1,1,1,0,0,1,0,1,0,0,0,0,0,1,1,1,1,"I believe that fate plays a role in guiding me to where I am today, but it's not the sole determining factor. While certain events may have been beyond my control, I also recognize the impact of my choices and actions in shaping my path. Studying Computer Science and pursuing my passion for hunting are decisions that I made based on my interests and goals. Being from Florida has influenced my experiences, but it's ultimately up to me to make the most of the opportunities presented to me. So, while fate may have a hand in some aspects of my life, I believe that my agency and determination also play a significant role in shaping my future."
-0.429030239995499,34,2,0,1,1,0,0,1,0,0,0,0,0,0,1,1,0,1,1,0,0,0,0,0,0,1,0,0,1,1,0,"I believe that certain aspects of my life may be influenced by fate, but I also think that my choices and actions play a significant role in where I am today. Studying Culinary Arts and practicing Taekwondo are decisions that I made because of my interests and passions. Growing up in New York has also shaped my experiences and opportunities. While I may not always feel completely in control of everything that happens, I believe that I have the power to make choices that can shape my future."
-0.427590739981241,34,4,1,0,1,0,1,1,0,1,0,0,0,0,1,1,0,0,0,0,0,1,0,0,1,1,1,0,0,1,1,"I believe that fate plays a role in shaping my current position in life, but I also recognize the importance of personal choices and actions. While external circumstances may influence me, ultimately, I have the ability to make decisions that impact my future."
-0.42574954024904,34,3,1,0,1,0,0,0,1,0,0,1,0,0,0,1,0,1,0,0,0,0,1,0,0,1,0,1,0,1,1,"I believe that fate plays a small role in where I am now. While some things may be out of my control, I also believe that I have the ability to make choices that influence my path. It's a balance between destiny and free will that guides me in my journey."
-0.423374870917491,34,3,1,0,1,0,0,0,1,1,1,0,0,0,1,0,0,1,1,1,0,1,0,0,0,1,0,1,1,1,1,"I believe that fate plays a role in shaping our lives, but I also believe in the power of hard work and determination. I think my choices and actions have a significant impact on where I am today. While external factors may influence certain outcomes, ultimately, I feel responsible for the direction my life takes. I like to think that I have some control over my destiny through my decisions and efforts."
-0.422666132274818,34,4,1,1,0,0,0,1,0,0,0,1,0,0,1,1,0,0,0,0,0,0,0,0,1,0,0,0,1,1,0,"I believe that fate plays a role in guiding our paths, but ultimately, our actions and decisions shape our destiny. As a student of Engineering, I am driven by a passion for growth and learning, and as someone who loves growing flowers, I see the beauty in nurturing and cultivating potential in all aspects of life."
-0.415539803103233,34,4,1,0,1,0,0,0,0,0,1,1,1,1,0,1,0,1,0,0,0,1,0,0,0,1,1,0,0,1,1,"I believe that fate plays a role in shaping our lives, but I also believe in hard work and determination. As a student studying Finance and Accounting, I am focused on setting and achieving my goals. While external factors may influence me, I ultimately believe that my actions and decisions have a significant impact on where I am in life."
-0.412944288865008,34,3,0,0,1,0,0,1,0,0,0,1,0,0,0,1,0,0,0,0,0,1,1,0,1,0,1,0,0,1,1,"I believe that fate plays a minor role in my current position in life. I acknowledge that external circumstances can influence my path, but ultimately, I believe that my choices and actions have a significant impact on where I am today. My passion for math and caving, along with my determination to succeed in my studies, have been key factors in shaping my journey so far."
-0.405212731684388,34,3,1,0,1,0,0,1,0,0,0,1,0,0,1,1,0,1,0,1,0,1,0,0,0,0,0,0,0,0,1,"I believe that fate plays a role in shaping our lives, but I also think that our actions and choices have a significant impact on where we end up. As a math student and triathlete from Michigan, I've learned that hard work and perseverance are key to achieving success in both academics and sports. While some things may be out of our control, I believe that we have the power to influence our own destinies through dedication and determination. So, while fate may have a hand in certain aspects of our lives, I believe that the choices we make ultimately determine our path."
-0.401434391484337,34,1,0,1,1,0,1,1,0,1,0,1,0,1,1,0,0,0,0,0,0,1,0,1,0,1,0,1,1,1,0,"I believe that while fate may play a role in certain aspects of my life, such as where I was born or the opportunities presented to me, ultimately, it is my actions and decisions that shape my current position. Studying Criminal Justice and loving geology are choices I made based on my interests and passions. Being from Rhode Island is a part of my identity, but it doesn't define my future. I may not always feel in control of every situation, but I believe in taking responsibility for my choices and working towards my goals, rather than relying solely on fate to determine my path."
-0.390831325141893,35,3,0,1,1,0,0,0,0,0,1,0,0,0,0,1,1,0,0,1,0,0,1,1,0,1,0,0,0,1,1,"I believe that while fate may play a role in shaping my life, my decisions and actions are equally important factors. Studying Finance and Accounting has been a result of my interest and hard work, not just fate. Similarly, my love for beachcombing and being from California are aspects of my life that I have actively pursued and embraced. Overall, I think it's a combination of fate and personal choices that have led me to where I am today."
-0.389939709664128,35,7,1,1,0,0,0,1,0,1,0,0,0,0,1,1,0,0,1,1,1,1,1,1,1,0,1,1,1,1,1,"I believe that my current position in life is a combination of fate and my own actions. While I acknowledge that some things are out of my control, I also believe that the choices I make and the effort I put in play a significant role in shaping my path. Ultimately, I'm a firm believer in taking responsibility for my own decisions and creating my own opportunities."
-0.386550925135806,35,5,1,1,0,0,1,0,0,0,1,1,0,0,1,1,0,0,1,1,0,1,0,0,1,1,0,0,0,1,0,"I believe that my current position in life is a combination of both fate and my own actions. While I acknowledge external factors play a role, I also believe in the importance of personal choices and hard work in shaping my path."
-0.385117805933701,35,2,0,0,1,0,0,0,0,0,1,0,0,0,1,1,0,1,1,0,0,0,0,0,0,1,1,1,0,1,0,"I think that fate plays a small role in where I am today. While some things may be out of my control, I believe that the choices I make and the effort I put in have a much bigger impact on my current position in life. I try to take responsibility for my actions and work hard towards my goals, rather than relying solely on fate to determine my path."
-0.383394977761858,35,3,0,1,1,0,0,1,0,0,0,0,1,1,0,1,0,1,1,0,0,1,0,0,0,1,0,0,1,1,1,"I believe that my current position in life is a combination of hard work, opportunities, and some factors beyond my control. While I may not have complete control over every aspect of my life, I do believe that my choices and efforts have played a significant role in getting me where I am today. Fate may have a role in some things, but ultimately, I believe that my actions and decisions have shaped my path."
-0.383282801136098,35,3,1,0,0,0,0,1,1,1,0,0,0,0,0,1,0,1,0,0,0,1,0,1,0,1,0,0,0,1,0,"I believe that fate plays a small role in where I am now. I think my choices and actions have had a bigger impact on my current position. However, there are certain things that seem beyond my control, which may have been influenced by external factors. Overall, I would say it's a combination of fate and my own decisions that have led me to where I am today."
-0.380497730367188,35,3,0,0,1,0,1,0,0,0,0,0,0,0,0,1,0,0,1,0,0,0,0,1,1,1,1,1,0,0,1,"I believe that fate plays a role in shaping our lives, but I also think that our choices and actions greatly influence where we end up. Studying Veterinary Studies, loving poker, and being from New York are all aspects of my life that I actively pursued and decided upon. While some things may be beyond our control, I believe that we have the power to make meaningful choices that impact our future."
-0.378763046401204,35,5,0,1,1,0,1,0,0,0,0,1,0,0,0,1,0,0,1,1,0,0,0,1,1,0,1,0,0,0,1,"I believe that fate definitely plays a role in where I am now, but I also think that my choices and actions have contributed to my current position. Studying Chemistry and participating in Model United Nations have been intentional decisions that have shaped my path. Being from California has influenced my perspective, but ultimately, I believe that I have the power to make choices that impact my future. Life is a combination of fate and personal agency, and I strive to make the most of both factors in shaping my journey."
-0.378069761550986,35,4,1,1,1,0,0,1,0,0,0,0,0,0,0,1,0,0,0,0,0,1,1,1,1,1,0,0,0,1,0,"I believe that where I am right now is a combination of hard work, opportunities, and a bit of luck. I think that certain things are meant to happen, but ultimately it's up to me to take advantage of those opportunities and make the most of them. I try to stay positive and proactive in shaping my future, even if I don't always feel completely in control of everything. Ultimately, I believe that my choices and actions play a significant role in determining my path in life."
-0.378031845266012,35,2,0,0,1,0,0,0,1,0,1,0,0,0,1,1,1,1,1,0,0,0,1,0,0,0,0,0,0,1,0,"I think that fate definitely plays a role in where I am now, but I also believe that the choices I've made and the actions I've taken have had a significant impact on my current position. I enjoy embracing the unknown while backpacking, and I think that mentality carries over into my approach to life in general. Ultimately, I believe that a combination of fate and personal decisions have led me to where I am today, studying History and exploring the world."
-0.372180334734234,36,2,0,1,1,0,0,0,0,0,0,0,0,0,0,0,0,0,0,0,0,1,0,0,1,0,0,1,0,0,1,"I believe that fate plays a role in shaping my life, but I also believe in taking responsibility for my choices and actions. While some things may be out of my control, I am determined to work hard and make the most of the opportunities that come my way."
-0.366422465393224,36,3,1,0,0,0,1,0,1,0,0,0,0,0,0,0,0,0,0,0,1,1,1,1,0,1,0,0,0,1,0,"I believe that my current position in life is influenced by a combination of fate and the choices I have made. While I acknowledge that certain circumstances may be beyond my control, I also believe that my decisions and actions have played a significant role in shaping where I am today. I find comfort in the idea that there is a larger force at play, but I also recognize the importance of taking responsibility for my own path and working towards my goals."
-0.365896427808746,36,4,1,0,1,0,0,0,0,0,0,0,1,1,1,0,0,1,0,1,0,0,0,0,0,1,1,1,1,1,0,"I believe that my current position in life is influenced by a combination of fate and my own actions. While I recognize that certain circumstances may be beyond my control, I also understand that the choices I make and the effort I put into my studies and bodybuilding play a significant role in shaping my future. Being from New York has exposed me to a diverse range of opportunities, but it's ultimately up to me to take advantage of them. I believe in working hard and staying motivated, regardless of external factors, to achieve success in both my academic and personal pursuits."
-0.361777539433413,36,5,1,1,1,0,0,1,1,0,1,0,0,1,0,1,0,1,0,0,0,0,0,0,1,1,0,1,0,0,0,"I believe that fate plays a role in shaping our lives to some extent. However, I also think that our decisions and actions have a significant impact on where we end up. As a student studying Finance and Accounting, I am constantly learning and working hard to achieve my goals. While I may not always feel completely in control of every aspect of my life, I believe that by putting in the effort and staying determined, I can steer myself in the direction I want to go. Coming from California, I have been exposed to diverse opportunities and experiences that have influenced my journey so far."
-0.358675747922766,36,3,0,1,0,0,1,1,0,0,0,1,0,1,0,1,0,1,0,1,0,0,0,1,0,1,0,0,1,1,0,"I believe that fate plays a small role in where I am today. I think hard work, determination, and making the most of opportunities have been more influential in shaping my current position. Soccer has taught me the importance of effort and perseverance, which I apply to my studies in Agricultural Sciences."
-0.358098226353243,36,4,1,1,1,0,1,1,0,1,0,0,0,0,0,1,0,0,1,0,0,0,0,0,0,1,1,1,0,0,1,"I think that fate definitely plays a role in shaping my life, but I also believe that my actions and decisions have a significant impact on where I am today. While I may not have full control over every aspect of my life, I do believe that I have the power to make choices that can influence my future. Collecting coins, studying Legal Studies, and living in Arizona are all choices I've made that have helped shape my current position. So, while fate may have a hand in some things, I believe that my actions and decisions play a crucial role in determining my path."
-0.35798164352943,36,7,1,0,1,0,0,0,1,0,1,1,1,0,1,1,0,1,0,1,1,0,0,0,0,1,1,1,0,1,0,"I think fate plays a small role in where I am now, but ultimately it's about the choices I've made and the effort I've put in. I believe in taking responsibility for my actions and working hard to achieve my goals. Stone skipping has taught me that practice and determination can lead to success, regardless of external factors. So, while fate may have a hand, I believe it's mostly up to me."
-0.354560531769976,36,3,0,0,0,1,0,0,0,0,0,0,0,1,1,1,0,1,1,0,0,0,0,0,1,1,0,1,0,1,0,"I believe that fate plays a role in shaping our lives, but I also think that our choices and actions significantly influence where we end up. Being a student studying Computer Science at 27, I feel like a combination of factors, including my interests, opportunities, and decisions, have led me to this point. While I may not have complete control over every aspect of my life, I believe that I have the power to make choices that can positively impact my future. So, in my opinion, fate and free will both play a part in determining my current position in life."
-0.34837512805079,36,3,1,0,1,0,1,1,0,0,1,1,0,0,1,1,0,0,0,0,0,0,1,1,0,1,1,0,0,1,0,"I think fate definitely plays a role in shaping our lives, but I also believe in the power of hard work and determination. I don't think things just happen to us randomly; we have the ability to make choices and take actions that ultimately influence where we end up. While some things may be out of our control, I believe it's important to take responsibility for our decisions and keep pushing forward, even when things get tough. Overall, I see fate as more of a guiding force rather than a predetermined path."
-0.342926785639676,36,2,1,0,1,0,0,1,0,0,0,1,0,1,1,1,0,1,0,0,0,0,0,0,0,1,0,0,1,1,0,"I think fate plays a role in shaping where I am today, but I also believe that hard work, determination, and the choices I've made have had a significant impact. While I may not have complete control over everything, I believe that I have the ability to influence my future through my actions and decisions."
-0.339832144285155,37,2,0,0,1,0,0,0,0,0,0,0,0,0,0,1,0,0,1,0,0,1,0,0,0,1,1,1,1,1,0,"I believe that fate plays a role in shaping my life, but ultimately it's my choices and actions that determine where I end up. Being in control of my decisions gives me the power to create my own path, even when faced with challenges."
-0.339157481960789,37,3,0,0,1,0,1,0,1,0,0,0,0,0,0,1,0,0,0,0,0,0,0,0,0,1,1,0,0,1,0,"I believe that fate plays a significant role in shaping my current position in life. Growing up in Georgia, my love for boat racing and passion for art were influenced by external factors beyond my control. While I have worked hard to pursue my studies and interests, I also acknowledge the role of fate in guiding me towards where I am today."
-0.338940291044345,37,4,0,1,1,0,0,1,0,0,0,0,0,1,0,1,0,1,0,1,0,0,0,0,1,1,0,1,0,1,1,"I think that fate plays a role in shaping our lives, but I also believe that our choices and actions ultimately determine where we end up. As a student studying Dental Studies, I know that my hard work and dedication have gotten me to where I am today. While I may not always feel in complete control of every situation, I believe that I have the power to influence my own future through my decisions and efforts. So, while fate may have a hand in things, I believe that my choices and actions are what truly define my path in life."
-0.33871220558594,37,6,0,1,0,1,1,1,0,1,1,0,0,0,0,1,0,0,0,1,0,0,0,0,1,1,1,0,0,1,1,"I think that fate definitely plays a role in where I am today, but it's not the only factor. My choices, hard work, and the opportunities I've been given have also shaped my path. I believe in a balance of fate and personal agency in determining my current position in life."
-0.337928538795662,37,2,0,0,1,0,0,0,1,0,0,1,0,0,1,1,0,0,1,0,0,0,1,0,0,0,0,1,0,0,0,"I believe that fate plays a role in shaping my current position in life, but I also recognize the importance of personal choices and actions. While external factors may influence me, I am ultimately responsible for how I respond and move forward. Speed skating has taught me the value of perseverance and hard work, which I apply to my studies in Art. Being from North Carolina has also shaped my perspective and creativity. Overall, I see a blend of fate and personal agency in determining where I am today."
-0.330325539447444,37,5,0,1,1,1,0,1,0,1,0,0,0,1,1,1,1,0,0,0,0,0,0,1,1,1,1,0,0,0,0,"I believe that fate definitely plays a role in shaping where I am right now. However, I also think that my actions and decisions have influenced my path to some extent. It's a combination of both fate and personal choices that have led me to where I am today. I try to stay open-minded and adaptable to whatever life throws my way, whether it's fate or my own doing."
-0.32981414940491,37,4,1,1,0,1,1,1,0,1,0,1,0,1,0,1,0,0,1,0,0,1,1,0,0,1,0,1,1,1,0,"I believe that fate plays a role in shaping our lives, but personal choices and actions are equally important. I see my current situation as a combination of opportunities presented to me and the decisions I've made along the way. While fate may guide us to certain paths, it's ultimately up to us to determine our direction and make the most of the opportunities that come our way."
-0.329484328870237,37,4,1,0,1,0,0,0,1,0,0,1,0,0,0,1,0,0,0,0,0,0,0,0,1,1,0,0,0,1,1,"I believe that fate plays a role in shaping my life, but I also believe that the choices I make and the actions I take have a significant impact on where I am today. While external factors may influence my path, I ultimately have the power to shape my future through hard work and determination."
-0.32679246218562,37,2,0,0,1,0,0,0,0,0,0,1,1,0,1,1,0,1,1,0,0,0,0,1,0,1,0,0,0,0,1,"I believe that my journey so far has been shaped by a combination of hard work, opportunities, and some elements beyond my control. While I have worked diligently towards my goals in finance and accounting, I also recognize the role of chance and external circumstances in shaping my path."
-0.326390014579809,37,2,0,0,0,0,0,1,1,0,0,0,0,0,0,0,1,1,1,0,0,1,0,0,1,1,0,0,0,1,0,"I think that certain aspects of my life have been influenced by fate, but I also believe that my choices and actions have played a significant role in where I am today. Growing up in Mississippi and studying History have definitely shaped my path, but my love for lacrosse and the opportunities I've pursued have been a result of my own decisions. While fate may have a hand in some things, I believe that taking control of my own future is important in shaping the life I want to live."
-0.32344930225157,38,3,0,1,1,0,0,0,0,0,0,1,0,0,1,1,0,0,0,0,0,0,0,0,0,1,1,0,0,1,1,"I believe that fate plays a role in shaping our lives, but ultimately we have the power to make our own choices and decisions. While external factors may influence us, our actions and decisions determine our path in life."
-0.317480097148433,38,4,0,1,1,1,0,0,0,0,0,0,0,0,1,1,0,0,0,0,0,0,0,0,0,1,1,0,1,0,1,"I believe that fate plays a role in shaping our lives, but it's not the sole determining factor. I think my choices, actions, and efforts in pursuing my studies and interests have also significantly influenced where I am today. While some things may be out of our control, I believe that we have the power to make decisions and take actions that can impact our future outcomes. So, yes, fate may have some influence, but ultimately, I believe I have the ability to shape my own path."
-0.31735871476326,38,1,0,0,1,0,1,1,0,0,0,0,0,1,1,1,0,0,1,0,0,0,0,0,0,1,0,1,0,1,0,"I think that fate definitely plays a role in where I am today, but I also believe that my choices and actions have a significant impact on my life. I see opportunities as a combination of fate and my own efforts, with a bit of luck thrown in. While I may not feel completely in control of every aspect of my life, I believe that I can shape my future through hard work and determination."
-0.316480160169925,38,5,0,0,1,1,0,0,1,0,0,0,0,1,1,1,0,1,0,0,0,1,0,0,1,1,1,0,0,1,0,"I believe that fate plays a small role in shaping my current position in life. While I recognize external factors can influence my path, I also believe that my hard work, determination, and choices have played a significant role in where I am today."
-0.315690401916821,38,1,0,0,1,0,0,0,0,1,0,0,0,0,1,1,0,0,0,0,0,0,1,0,0,1,0,0,1,1,0,"I think life is a mix of fate and personal choices. While some things may be out of my control, like where I was born or certain opportunities that come my way, I believe that the decisions I make and the effort I put in play a big role in shaping my path. So, I see fate as more of a guiding hand rather than a determining factor in my life."
-0.302503014445794,38,2,0,1,1,0,0,0,0,0,0,0,0,1,1,1,0,0,1,0,0,0,0,1,0,1,0,0,0,1,1,"I believe that my current position in life is a combination of fate and my own choices. While I think that certain opportunities or circumstances may have been predetermined, I also believe that I have the power to shape my future through my actions and decisions. Studying Dental Studies and pursuing my passion for animation are choices that I have made, not simply predetermined by fate. Living in Virginia and being 18 years old are factors that were out of my control, but how I navigate and make the most of these circumstances is up to me. Ultimately, I believe in a balance between fate and personal agency in shaping my life."
-0.297007138408277,38,5,1,1,1,0,1,1,1,1,0,0,0,0,0,1,0,1,1,0,0,0,0,0,1,1,0,0,0,1,1,"I believe that fate plays a role in shaping our lives, but it's not the only factor. Our choices, actions, and opportunities also contribute to where we are. While I may not feel completely in control of every aspect of my life, I believe in the power of taking responsibility for my decisions and working towards my goals. Ultimately, a combination of fate and personal effort shapes our paths."
-0.296741834248672,38,4,0,0,1,0,0,0,0,1,0,0,0,1,1,1,0,1,0,1,1,0,0,0,1,1,0,1,0,1,1,"I believe that my current position in life is a combination of fate and the choices I've made. While I recognize external factors can play a role, I also believe in the importance of personal agency and determination in shaping my path."
-0.294346860606155,38,3,1,0,1,0,0,1,0,1,0,0,0,0,0,1,0,0,1,0,0,0,0,0,1,0,0,0,1,1,1,"I tend to believe that a combination of hard work, opportunities, and some level of luck has brought me to where I am today. While I acknowledge that certain events may be out of my control, I believe that my actions and decisions have played a significant role in shaping my current circumstances. Ultimately, I think it's a mix of fate and personal agency that have influenced my path in life."
-0.291401731719318,38,6,1,1,1,1,0,0,1,0,1,1,1,0,0,0,0,0,0,0,0,0,0,0,1,1,0,1,1,1,1,"As a student studying music and passionate about geography, I believe that my current position in life is a combination of both fate and personal choices. Growing up in Indiana has definitely influenced my interests and aspirations, but ultimately, the decisions I make and the actions I take play a significant role in shaping my future. While I may not always feel completely in control of every aspect of my life, I am determined to work hard and pursue my goals to create the life I want for myself. Fate may have some influence, but I believe that my efforts and determination will ultimately lead me to where I want to be."
-0.287326606784324,39,5,1,0,1,0,1,0,0,1,0,0,0,1,0,1,0,1,1,1,0,0,1,0,1,1,1,0,0,1,1,"I believe that fate plays a role in my life, but ultimately it's up to me to make the decisions that shape my future. Poker has taught me that luck can be a factor, but skill and strategy are what truly determine success."
-0.287076075037567,39,3,0,0,1,0,0,1,1,0,0,1,0,0,1,1,0,1,0,0,0,0,0,0,1,1,0,1,1,0,1,"I believe that my current position in life is a combination of fate and my decisions. While I acknowledge external factors play a role, I also understand the importance of taking responsibility for my choices and actions in shaping my future."
-0.282863007211012,39,5,0,1,1,0,0,1,0,1,0,0,0,0,0,1,0,1,0,0,1,1,1,0,1,0,1,0,1,0,0,"I believe that fate plays a role in shaping our lives, but it's not the sole determining factor. My choices, actions, and opportunities have all contributed to where I am today. While I may not always feel completely in control, I know that I have the ability to influence my own path and work towards achieving my goals. Ultimately, I see fate as more of a guiding force rather than a strict blueprint for my life."
-0.279979085828429,39,4,1,1,1,0,0,1,1,0,0,1,0,0,0,0,1,0,0,0,1,0,0,0,0,1,0,0,1,0,1,"I believe that fate plays a role in guiding my life's path, but ultimately, I am the one responsible for making decisions and taking actions that have brought me to where I am today. While external factors may influence opportunities and challenges that come my way, I believe in my ability to work hard and make the most of them. Being a student of Finance and Accounting has been a result of my passion for numbers and analysis, while my love for cheerleading has provided me with a sense of community and joy. Overall, I see my current position in life as a combination of fate and my own determination."
-0.275187383500314,39,4,1,0,0,0,1,0,1,0,1,1,0,1,0,1,0,0,0,0,0,0,0,0,1,1,0,0,0,1,0,"I believe that my current position in life is a combination of both fate and personal choices. While some things may be out of my control, such as where I was born or the circumstances I grew up in, I have also actively pursued my education in Criminal Justice and have a passion for collecting lottery tickets. These interests and decisions have played a significant role in shaping where I am today. Ultimately, I see life as a mix of fate and free will, with both factors influencing the path I am on."
-0.275022128782312,39,5,1,0,1,0,0,0,1,0,0,0,0,0,0,1,0,1,1,0,0,0,0,1,1,1,1,1,1,1,0,"I believe that fate plays a role in shaping our lives, but it's not the sole determining factor. As a student of International Relations who loves films, I actively pursue opportunities and work hard to achieve my goals. Coming from Georgia has influenced my perspective, but ultimately, I believe in taking control of my own future through my actions and decisions."
-0.274300907144087,39,3,1,0,0,0,0,0,0,0,0,0,0,0,0,1,0,1,1,0,0,0,1,0,0,1,1,0,0,1,0,"I believe that fate plays a role in shaping my life, but ultimately, my decisions and actions have a significant impact on where I am today. I am constantly striving to create my own opportunities and take control of my future."
-0.266436086278741,39,2,1,0,1,0,1,0,0,0,0,0,0,0,1,1,0,0,0,0,0,1,0,0,0,0,0,0,0,1,0,"I think that fate definitely plays a role in shaping our lives, but I also believe that our actions and decisions can greatly influence our circumstances. I like to think that I am in control of my choices and the direction I take in life, but I also acknowledge that there are certain things that are out of my hands. Ultimately, I believe it's a combination of fate and personal agency that determine where I am today."
-0.264892090538997,39,6,1,0,1,1,0,1,0,0,1,0,1,0,1,1,0,0,1,1,0,0,1,0,1,1,0,0,0,0,0,"I think that fate definitely plays a role in shaping where I am today, but I also believe that my actions and decisions have influenced my path. Coming from Missouri, studying Anthropology and Sociology, and having a passion for gold prospecting all feel like pieces of a larger plan. However, I also recognize that my choices and efforts have led me to where I am now. I may not always feel in complete control of my destiny, but I strive to make the most of the opportunities that come my way and work towards my goals."
-0.262397059026725,39,3,0,0,0,0,1,0,1,1,0,1,0,0,0,1,0,0,1,0,0,0,0,0,0,1,1,1,1,0,1,"I believe that fate plays a role in shaping our lives to some extent. However, I also recognize the importance of hard work, determination, and the choices we make along the way. Being a student of Criminal Justice, I am driven to make a difference and contribute positively to society. Rowing has taught me discipline and teamwork, which I apply to my studies and future career aspirations. Originating from North Carolina has also influenced my perspective on justice and community."
-0.259773792922841,40,2,1,0,1,0,1,1,0,0,0,1,0,0,0,1,0,1,0,0,0,1,0,0,0,1,0,1,1,0,1,"I believe that my current position in life is a combination of hard work, determination, and some elements of chance. I think that while certain things may be out of my control, ultimately my choices and actions have played a significant role in shaping where I am today."
-0.259525202207415,40,4,1,0,0,0,0,0,1,0,1,0,0,1,1,1,0,0,0,0,0,0,0,0,0,1,1,0,0,1,0,"I think fate plays a small role in my life, but hard work and determination are more important. I believe that my choices and actions have a bigger impact on where I am today than any external forces."
-0.257928083854614,40,1,0,0,0,0,0,1,0,1,0,1,0,0,1,1,0,0,0,0,0,0,0,0,0,1,0,0,0,0,1,"I believe that some things are meant to be, but ultimately it's up to me to make choices that shape my future. I think fate might play a small part in guiding me, but I believe my actions and decisions have the most significant impact on where I am today. I've worked hard to get where I am, and I'm excited to see where my journey takes me in the future."
-0.257608957336169,40,4,1,1,1,0,0,0,1,0,1,1,0,0,1,0,0,1,0,1,0,0,0,0,0,1,0,1,0,1,1,"I believe that my choices and actions have led me to where I am today. While there may be some external factors at play, ultimately, I am in control of my own destiny. I am studying Chemistry because I am passionate about it, not because it was predetermined by fate. Graffiti is my creative outlet, reflecting my individuality and personal expression. I am the master of my own path, not a puppet of fate."
-0.253222075859745,40,5,1,0,1,0,0,0,1,1,1,0,0,1,1,1,1,1,1,1,0,0,0,0,0,1,1,0,0,0,1,"I believe that fate plays a role in shaping my life, but I also think that my choices and actions have a significant impact on where I am today. Studying Criminal Justice and collecting insects are passions of mine that I actively pursued. Being from New York has influenced my experiences, but ultimately, I feel like I have the ability to shape my own future through my decisions and hard work."
-0.247556948802203,40,4,1,0,1,0,1,0,1,0,0,1,1,0,0,1,0,1,1,0,0,0,1,0,0,1,0,0,1,1,1,"I believe that fate plays a role in shaping my life, but ultimately, it is up to me to make choices and take actions that determine my path. I see myself as a blend of fate and personal agency in creating my future."
-0.246841768060635,40,2,1,0,1,0,0,1,0,1,0,0,0,1,1,1,1,1,0,0,0,0,0,0,0,0,0,1,0,0,0,"I believe that fate plays a role in guiding me towards certain opportunities and experiences, but ultimately it is up to me to make the most of them. Being in control of my decisions and actions allows me to shape my own path in life. Growing up in Alaska has shaped my love for the outdoors and gold prospecting, and studying Engineering has given me the skills to pursue my passion. While fate may open doors, it is my determination and hard work that will determine my success."
-0.242805831842211,40,2,0,0,1,0,1,1,0,0,0,0,0,0,0,1,0,0,1,0,0,0,0,1,0,1,1,0,1,0,0,"I believe that fate definitely plays a role in shaping my life, but I also believe in the power of my own decisions and actions. It's a combination of fate and the choices I make that have brought me to where I am today. I like to think of it as a partnership between destiny and determination."
-0.236256709215348,40,3,0,1,0,0,0,1,1,1,1,0,0,0,1,1,0,0,0,0,0,0,0,0,0,1,0,1,0,1,0,"I believe that my current position in life is a combination of fate and my own actions. While I recognize the influence of external factors, I also believe in taking control of my own path and shaping my future through hard work and determination."
-0.235058901910293,40,5,1,1,1,0,1,0,0,1,1,1,0,0,0,1,1,1,1,0,1,1,0,0,0,1,1,1,1,0,0,"I think that fate plays a role in where I am now, but it's not the only factor. My choices and actions also have a big impact on my life. I believe things happen for a reason, but it's up to me to make the most of those opportunities. I don't rely solely on fate to determine my future, I take control and make decisions that shape my path."
-0.232691440252782,41,6,1,1,1,0,0,0,1,1,1,0,0,0,1,1,0,0,1,0,0,0,1,0,1,1,1,0,0,1,1,"I believe that fate plays a small role in shaping my life, but ultimately it is my choices and actions that have brought me to where I am today. I am driven by my own ambitions and decisions, rather than relying solely on external forces."
-0.232561324763104,41,9,1,1,0,1,1,0,1,0,1,0,1,1,0,1,1,1,0,1,1,0,0,1,1,1,0,0,0,0,1,"As a student of Design with a passion for philosophy, I am inclined to view life as a delicate balance between fate and personal agency. While I acknowledge that certain circumstances may be beyond my control, I firmly believe in the power of intention, hard work, and self-determination to shape my path. My experiences in Kansas, coupled with my studies and love for philosophy, have taught me that embracing both fate and personal responsibility allows for a more holistic understanding of life's complexities. Ultimately, I see my current position in life as a dynamic interplay between destiny and individual choices."
-0.229603823420882,41,5,1,1,1,0,1,1,1,1,1,1,0,0,0,1,0,1,1,0,0,0,0,1,0,1,1,0,0,0,1,"I believe that my current position in life is a combination of hard work, opportunities presented to me, and a little bit of luck. While I do believe that certain things are out of my control, I also recognize the importance of taking ownership of my actions and decisions. Ultimately, I feel like I have the power to shape my own path and create my own opportunities."
-0.229533585903983,41,1,0,0,0,0,0,1,0,0,1,1,0,0,0,1,0,0,1,0,0,0,0,0,0,1,0,0,1,1,0,"I believe that my current position in life is a combination of fate and my own actions. While I acknowledge that certain events may be out of my control, I also believe that my decisions and efforts have played a significant role in shaping where I am today. I see myself as a co-creator of my own destiny, working alongside fate to create the life I want to live. Fossil hunting has taught me the importance of being proactive and taking initiative, which has helped me navigate through life's uncertainties with a sense of purpose and determination."
-0.228642088865527,41,5,1,1,1,0,1,1,0,0,1,0,0,1,1,0,0,1,0,1,0,1,0,1,1,1,1,1,0,1,0,"I don't really think my life is predetermined by fate. I believe that I have the power to make choices that will shape my future. Sure, some things are beyond my control, but ultimately, I am the one responsible for my actions and decisions. I think it's about finding a balance between taking initiative and accepting things as they come. So, while fate may play a role, I believe that I have the ability to influence my own path and create the future I desire."
-0.228441146121228,41,5,1,1,1,0,0,1,0,1,0,1,0,0,1,1,0,0,0,1,0,0,1,0,0,1,1,0,1,1,1,"I believe that where I am today is a combination of fate and the choices I've made. Growing up in Tennessee influenced my love for art and paintball. Studying art has opened up opportunities for me, but ultimately, I have the power to shape my future by taking action and making decisions that align with my passions and goals."
-0.227780153946896,41,1,0,0,1,0,0,1,0,0,1,1,0,0,0,1,0,1,1,0,0,0,0,0,0,1,0,1,1,1,0,"I believe that fate plays a role in shaping my life, but ultimately, it is my choices and actions that determine where I am today. Being in control of my decisions and working hard towards my goals has led me to where I am now in my dental studies and beachcombing adventures."
-0.227735698403156,41,6,1,0,1,0,0,0,0,0,0,0,1,1,0,1,0,1,0,0,1,1,1,1,1,1,1,1,1,1,1,"I believe that where I am now in life is a combination of fate and my own actions. I think that certain opportunities or experiences may have been destined to come my way, but ultimately it was up to me to make the most of them. I've worked hard to pursue my passion for art and rock painting, and I believe that my efforts have played a significant role in shaping my current position. So while fate may have had a hand in guiding me, I also know that I have the power to create my own path."
-0.22325845079649,41,3,1,0,1,0,0,1,0,0,0,0,0,1,1,0,0,1,0,0,1,0,0,1,1,1,0,0,0,1,1,"I believe that my current position in life is a result of a combination of hard work, opportunities, and a bit of luck. While fate may play a role in some aspects, I ultimately feel in control of my own path."
-0.222500033155366,41,3,1,0,0,0,0,0,0,1,0,0,0,0,1,1,0,0,1,1,0,0,1,1,0,1,0,0,0,0,1,"I believe that my current position in life is a result of a combination of hard work, opportunities, and a bit of luck. While I recognize that certain things are out of my control, such as external circumstances and chance occurrences, I also believe that my decisions and actions have played a significant role in shaping where I am today. Ultimately, I see life as a mix of fate and personal agency."
-0.220831643539006,42,4,1,1,0,0,0,1,0,0,0,0,0,1,1,1,0,1,0,0,0,0,1,0,1,1,0,1,0,1,1,"I believe that while factors outside of my control may have influenced my path to some extent, ultimately, I am the one responsible for where I am today. My choices, actions, and hard work have played a significant role in shaping my current position in life. I don't rely on fate to determine my future, but rather take personal responsibility for my decisions and strive to make the most out of every opportunity that comes my way."
-0.219622277043215,42,4,1,1,1,0,0,0,0,0,0,1,0,0,1,1,1,1,0,0,0,0,0,0,1,0,0,0,0,1,1,"I believe that my current position in life is a combination of both hard work and opportunities that have come my way. I have dedicated myself to studying Pharmacy and have a passion for botany, which has opened doors for me in my field. Being from Wisconsin has shaped my experiences and perspective, but ultimately, I feel that I have control over my choices and decisions. While I acknowledge that there are factors beyond my control, I believe that my actions and determination have played a significant role in where I am today."
-0.218396725011224,42,3,0,0,1,0,0,1,0,0,0,1,0,0,1,1,0,1,1,0,0,0,1,0,1,1,1,1,1,1,0,"I believe that where I am right now is a combination of hard work, opportunities, and a bit of luck. I don't think everything is predetermined by fate, but I do feel that certain events and circumstances have definitely played a role in shaping my path. Ultimately, I believe in taking control of my own destiny and making the most of the opportunities that come my way."
-0.218170602292861,42,3,1,0,1,0,0,1,0,1,1,1,0,0,1,1,0,1,0,0,0,0,0,0,1,1,0,0,0,0,1,"I believe that my current position in life is a result of a combination of fate and my own actions. While I acknowledge that certain opportunities and circumstances may be out of my control, I also believe that the choices I make and the effort I put in play a significant role in shaping my path. Ultimately, I see fate as more of a guiding force rather than a determinant of my future."
-0.217302266678968,42,3,0,0,1,0,0,0,0,0,0,1,0,0,0,1,0,1,0,1,1,0,0,0,0,1,0,0,0,1,1,"I believe that where I am now is a combination of hard work, opportunities, and a bit of luck. I don't rely solely on fate to determine my path, but I also acknowledge that some things are beyond my control. Ultimately, I strive to make the most out of what I'm given and create my own destiny."
-0.215379758500107,42,2,0,0,1,0,1,1,0,0,0,0,0,1,1,1,0,1,0,0,0,1,0,0,1,1,0,1,1,0,1,"I believe that my current position in life is a combination of fate and my own actions. While I recognize that external factors can play a role in shaping my path, I also believe that my decisions and efforts have a significant impact on where I am today. I see life as a mix of opportunities that come my way and the choices I make to seize them. Boat racing has taught me the value of determination and perseverance, both of which have influenced my journey so far."
-0.212937077859505,42,5,1,1,0,0,0,1,0,0,0,1,0,1,1,1,0,1,0,0,1,0,0,0,0,1,1,0,0,0,0,"As a student of History, I have come to appreciate the role of individual choices and actions in shaping one's path. While I acknowledge external factors beyond my control, such as where I grew up in Indiana, I believe that my current position in life is largely a result of my own decisions and efforts. I have chosen to study History, pursue my passion for croquet, and strive for personal growth. These choices have led me to where I am today at 28 years old. I believe in taking responsibility for my own journey and making the most of the opportunities that come my way."
-0.212502350885133,42,3,1,0,0,0,0,0,1,0,1,1,0,1,1,0,0,0,0,0,0,0,1,0,0,1,1,0,1,0,0,"I believe that my life is a result of a combination of hard work, opportunities, and a bit of luck. While I appreciate the role of fate, I also value the effort I have put into shaping my future."
-0.209974393021996,42,5,1,1,1,0,1,1,1,0,0,1,1,0,1,1,0,0,0,0,0,0,0,0,0,0,0,0,0,1,0,"I believe that while some things in life may be influenced by fate, a lot of where I am right now is a result of my own choices and actions. I have worked hard to pursue my passion for art, particularly rock painting, and have dedicated time to honing my skills. Being from California has also shaped my perspective and interests. Overall, I think a combination of fate and personal agency has brought me to where I am today."
-0.208226026435067,42,3,0,0,1,0,0,1,1,0,0,0,0,0,0,1,0,1,1,0,0,0,1,0,1,1,0,1,1,1,1,"I believe that my current position in life is influenced by a combination of factors, including my choices, circumstances, and opportunities. While some things may feel predetermined, I believe that I have the ability to shape my own path through hard work and determination."
-0.205278746274381,43,4,1,1,0,0,1,1,1,0,0,0,0,0,1,1,0,1,0,0,0,1,0,0,0,1,0,0,1,1,0,"I believe that fate definitely plays a role in where I am today, but I also think that my hard work and determination have been key factors in shaping my current position. I am grateful for the opportunities that have come my way, but I also recognize the effort I have put in to make the most of them. Ultimately, I believe that a combination of fate and personal choices have led me to where I am now in my life."
-0.204752464573232,43,4,0,0,1,1,0,0,0,0,0,1,0,0,1,1,1,0,1,0,1,0,0,0,1,1,0,0,0,1,1,"I believe that my current position in life is a result of a combination of hard work, determination, and the opportunities that have come my way. While I acknowledge that fate may play a role, I ultimately feel in control of my own destiny."
-0.204077217497086,43,6,1,1,0,0,1,1,0,0,0,0,0,1,1,1,0,0,1,1,1,0,1,0,1,1,0,1,0,1,1,"I believe that my current position in life is a result of a combination of hard work, determination, and a little bit of luck. While I don't necessarily think that everything is predetermined by fate, I do believe that certain opportunities and experiences have come my way that have shaped where I am today. By actively pursuing my goals in business and management, as well as indulging in my passion for collecting and pressing flowers, I have been able to create a path for myself that feels fulfilling and rewarding."
-0.20309992165985,43,4,1,0,0,0,1,1,1,0,0,1,0,0,0,0,0,1,1,0,0,1,0,1,1,1,1,0,1,1,0,"I believe that where I am today is a result of a combination of hard work, determination, and some factors beyond my control. While I do think that certain opportunities and circumstances have influenced my path, I also believe that the choices I've made and the effort I've put in have played a significant role in shaping my current position. Ultimately, I see life as a mix of fate and personal agency, with both playing a part in determining where I am and where I'm headed."
-0.201971495189111,43,2,0,0,0,0,1,0,0,1,0,0,0,0,0,0,0,0,1,0,0,0,0,1,1,1,1,0,1,1,0,"I believe that my current position in life is a combination of fate and my own choices. While I recognize that certain circumstances are beyond my control, I also believe that the decisions I make and the actions I take play a significant role in shaping my future. Being a Communications student has opened up opportunities for me, but my passion for ant-keeping has also influenced my path. Coming from Georgia has given me a unique perspective, blending both fate and personal agency in determining where I am today."
-0.19658239838849,43,4,0,1,1,0,0,1,1,0,0,0,1,0,0,1,0,1,0,0,0,0,0,1,0,1,0,1,1,1,0,"I believe that while fate may play a role in some aspects of my life, such as opportunities that come my way, my current position is largely a result of my own choices and actions. I take responsibility for my decisions, work hard, and strive to achieve my goals. Ultimately, I believe that I have the power to shape my future through my efforts and determination."
-0.196037937834678,43,4,1,0,0,0,0,1,1,0,1,1,0,1,0,1,0,0,0,1,0,0,0,0,0,1,0,1,1,1,0,"I believe that my current position in life is a result of a combination of hard work, opportunities, and the choices I've made along the way. While I acknowledge that external factors can play a role in shaping our paths, I also believe in the power of individual agency and personal responsibility. Ultimately, I feel that I have the ability to influence my own destiny through my actions and decisions."
-0.195013689441686,43,2,0,1,1,0,0,0,0,1,0,1,0,1,0,1,0,1,0,0,0,1,0,0,0,1,0,0,1,0,0,"As a student of Anthropology and Sociology, I am constantly analyzing the intricate web of interactions that shape individuals and societies. I believe that while certain aspects of my life may be influenced by external factors beyond my control, such as where I was born or societal norms, I also recognize the agency I have in making choices that impact my own path. Ultimately, I see my current position in life as a combination of fate and my own actions, with a recognition of the complexities that come with navigating the world around me."
-0.192635032081395,43,4,1,0,0,0,1,1,1,1,0,0,0,0,1,1,0,0,0,0,0,0,0,0,0,1,1,0,1,1,0,"I believe that fate plays a role in shaping our lives, but it's not the sole determining factor. My choices, actions, and hard work in pursuing my studies and interests like marching bands have also contributed to where I am today. California has definitely influenced my experiences, but ultimately, I believe in the power of personal agency in shaping my path."
-0.188904593604561,43,3,0,0,0,0,0,1,0,0,0,1,0,0,0,1,0,1,0,0,1,1,1,0,0,1,1,0,0,1,1,"I believe that fate plays a role in guiding my life, but ultimately, it is my actions and choices that have led me to where I am today. Studying Biology, exploring Nordic skating, and coming from Texas all reflect my interests and background. While I embrace the idea of fate influencing certain aspects of my life, I also recognize the importance of taking control and making decisions that shape my future. It's a combination of destiny and personal agency that has brought me to my current position."
-0.188498901993908,44,5,1,1,0,0,0,1,0,0,0,1,0,0,1,1,0,1,1,1,0,0,0,0,1,1,0,0,0,1,0,"I believe that fate plays a role in shaping our lives to some extent. However, I also think that our actions, decisions, and hard work are significant factors in determining where we end up. For example, my choice to study Business and Management, my passion for freestyle football, and my determination to succeed are all things that I have control over. While some things may be out of our hands, I believe that we have the power to influence our own destinies through our choices and actions."
-0.187439383595874,44,5,1,1,1,0,0,0,1,1,1,0,0,1,0,1,0,1,1,0,0,0,0,0,0,0,1,0,1,1,0,"I believe that where I am now is a result of both hard work and opportunities that have come my way. While I do think that certain things are out of my control, I also believe that I have the power to shape my own future through my actions and decisions."
-0.187063185865787,44,5,1,1,0,0,0,0,1,0,0,1,0,0,1,1,1,1,0,0,0,0,0,0,1,1,0,0,0,1,1,"I think that fate plays a role in shaping our lives, but it's not the sole determining factor. My choices, hard work, and dedication to studying physics have also contributed to where I am today. Living in New York has exposed me to opportunities in board sports that I love. I believe it's a combination of fate and personal effort that has brought me to this point in my life."
-0.181198984067205,44,2,1,0,0,0,1,0,0,0,1,0,0,0,1,1,0,1,1,0,0,1,1,1,0,1,0,0,0,1,1,"I believe that my current position in life is shaped by a combination of factors, including my own choices, opportunities presented to me, and external circumstances. While I acknowledge that certain events may be out of my control, I also believe in the power of my decisions and actions in shaping my path. I am a firm believer in working hard and seizing opportunities, but I also recognize the role of luck and timing in life. Ultimately, I see myself as an active participant in creating my own destiny, rather than solely relying on fate to determine my future."
-0.180665951940136,44,4,1,0,0,0,0,0,0,1,0,1,0,1,1,1,0,1,1,1,0,1,1,0,1,1,0,0,1,1,0,"I believe that fate plays a role in shaping the opportunities and challenges that come my way, but ultimately it is up to me to make the most of them. I am a firm believer in hard work and determination, and I think that my choices and actions have a significant impact on where I am in life. While I acknowledge that external factors can influence my path, I am confident in my ability to take control and steer my future in the direction I desire."
-0.179075660478822,44,4,1,1,0,0,0,0,0,0,1,1,1,1,1,1,1,1,1,0,0,0,0,0,0,1,0,1,1,1,1,"I believe that my current situation in life is a combination of both fate and the choices I have made. Growing up in Louisiana, I was surrounded by the beauty of nature which sparked my interest in Environmental Science. My passion for motorcycling has also shaped my experiences and allowed me to explore new places. While I believe that some things are out of my control, like where I was born, I also know that the decisions I make and the effort I put into my studies have a significant impact on where I am today. Ultimately, I see my life as a mix of fate and personal agency."
-0.177872597440353,44,6,1,0,0,0,0,1,1,0,0,0,0,1,1,1,0,1,1,1,1,0,1,1,1,1,0,0,0,1,1,"I believe that my current position in life is a combination of fate and personal choices. While some things may be out of my control, such as where I was born or certain opportunities that came my way, I also believe that the decisions I make and the effort I put in play a significant role in shaping my future."
-0.175375408845089,44,3,1,1,1,0,0,0,0,0,0,0,0,0,1,1,1,1,1,0,0,0,1,0,0,1,0,1,1,1,1,"I believe that where I am now is a result of a combination of hard work and opportunities that came my way. While I do think that certain things are out of my control, like where I was born or some chance encounters, I also believe that my choices and actions have played a significant role in shaping my current situation. Ultimately, I see fate as a factor, but not the sole determinant of my life path."
-0.166896120063208,44,3,1,0,1,0,1,1,1,1,1,0,0,0,1,1,0,1,1,0,0,1,0,0,0,1,0,0,0,1,0,"I believe that fate plays a role in shaping my current position in life, but I also recognize the impact of my actions and decisions. Studying Religious Studies has allowed me to explore different belief systems and perspectives on destiny. Being open to learning and embracing new ideas has helped me navigate my journey so far. Coming from California has also influenced my experiences and opportunities. Overall, I see a blend of fate and personal agency in where I am today."
-0.165540751268163,44,4,1,0,1,0,0,1,1,1,0,0,0,0,0,1,0,1,1,0,1,0,1,0,0,1,0,1,1,1,0,"As an 18-year-old male student studying History in California, I believe that while fate may play a role in shaping certain aspects of my life, it is ultimately up to my own actions and decisions to determine where I am today. I find joy in creating sand art, which reflects my creative side and passion for artistic expression. I believe that by working hard, staying focused, and following my interests, I have the power to shape my own future and achieve my goals. Fate may set the stage, but it is my choices that determine the direction of my life."
-0.153330216356103,45,3,1,0,1,0,1,0,0,1,0,0,0,1,1,1,0,1,1,0,0,0,0,0,0,1,1,0,0,1,0,"I believe that my current position in life is a combination of hard work, passion for my studies in architecture, and a bit of luck. Growing up in Maine, I was always drawn to design and construction, leading me to pursue a degree in architecture. My love for polo has taught me discipline and perseverance, shaping my work ethic. While fate may play a role in unexpected opportunities and challenges, I believe that my choices and efforts have ultimately brought me to where I am today."
-0.152267541686303,45,3,1,0,1,0,1,1,1,0,0,1,0,0,0,1,0,0,0,0,0,0,0,1,0,1,0,0,1,1,1,"I believe that my current position in life is a result of a combination of fate and my own actions. While some things may be out of my control, I also believe that the choices I make and the effort I put in play a significant role in shaping my path."
-0.152139279296226,45,3,0,0,1,0,1,1,0,1,0,1,0,0,1,1,0,1,0,0,0,0,0,1,1,1,1,0,0,0,1,"I believe that fate plays a role in shaping my life, but ultimately, it's up to me to make the most of the opportunities presented to me. Studying Veterinary Studies and pursuing my passion for karting are choices I've actively made. Being from North Carolina has influenced my upbringing, but my actions and decisions have led me to where I am today. While fate may have a hand in some aspects, I believe that taking responsibility for my choices is essential in determining my current position in life."
-0.150673900533259,45,6,1,1,1,0,1,1,1,0,0,0,0,1,1,1,0,1,1,0,1,0,0,0,1,1,0,0,0,1,0,"I believe that my current position in life is a result of a combination of hard work, opportunities, and the choices I have made along the way. While I acknowledge that some things are out of my control, I also believe that my determination and drive have played a significant role in getting me to where I am today. So, I would say fate has had a hand, but it's ultimately up to me to shape my future."
-0.150255646526355,45,3,1,0,0,0,1,1,1,0,1,0,0,0,1,1,0,0,0,0,0,1,0,1,0,1,0,0,1,1,0,"I believe that my current position in life is a combination of fate and my own actions. While I acknowledge that certain circumstances may be out of my control, I also believe that the choices I make and the effort I put in play a significant role in shaping my path. Ultimately, I strive to find a balance between accepting the unpredictable nature of life and taking responsibility for my decisions."
-0.149571122097693,45,4,0,1,1,0,0,1,1,1,0,1,0,0,0,1,0,0,1,0,0,0,0,0,0,1,1,1,0,0,0,"I believe that where I am today is a combination of hard work, determination, and a bit of luck. I've always been driven to succeed in my studies and my passion for rock climbing pushes me to keep pushing forward. Growing up in Connecticut, surrounded by nature, inspired me to pursue Agricultural Sciences. I think fate may have played a role in leading me to where I am now, but my choices and actions have shaped my journey."
-0.14866721666044,45,4,0,1,1,1,0,0,0,0,1,1,0,0,1,1,0,1,0,0,0,0,0,1,1,1,0,0,1,1,1,"I believe that my current position in life is a combination of fate and my own actions. While I recognize that some things may be out of my control, I also believe that my choices and hard work have played a significant role in getting me where I am today. Studying Computer Science and pursuing my passion for unicycling are decisions I made that have influenced my path. Being from Washington has also shaped my experiences. Overall, I think it's a mix of fate and personal agency that has led me to this point in my life."
-0.142985481296872,45,5,1,0,1,1,0,1,1,0,0,1,0,0,0,1,1,1,0,0,0,1,1,0,1,0,0,1,1,0,1,"I believe that fate definitely plays a role in shaping my life, but I also believe in the power of my choices and actions. While some things may be out of my control, I strive to make decisions that steer me in the direction I want to go. Ultimately, I see life as a combination of fate and personal agency."
-0.142899228052964,45,3,0,0,1,0,1,1,0,0,1,0,0,1,1,1,1,1,1,1,0,0,1,0,0,1,1,0,0,1,1,"I believe that my current position in life is a combination of fate and my own choices. While I acknowledge that certain factors are beyond my control, I also believe that my decisions and actions have played a significant role in shaping where I am today."
-0.141002499681228,45,3,1,1,0,0,1,1,0,0,0,1,0,0,0,1,0,1,0,0,0,0,1,0,0,0,0,0,0,1,1,"I believe that my current position in life is a combination of hard work, determination, and opportunities that have come my way. While I do think that some things are out of our control, I also believe that we have the power to make choices and take actions that can shape our future. So, while fate may play a role, I am a firm believer in personal agency and the ability to create our own path through dedication and perseverance."
-0.136592936943152,46,3,0,1,0,0,0,0,0,1,1,0,0,1,0,1,0,0,0,0,0,0,0,0,1,1,0,0,1,0,0,"I believe that while some aspects of my life may be influenced by fate, ultimately, I am the one in control of my choices and decisions. Studying Business and Management has allowed me to develop the skills needed to shape my own future. My love for teaching has driven me to pursue opportunities to share knowledge and make a positive impact. Being from New York has definitely shaped my perspective, but it's my actions and determination that have brought me to where I am today. I strive to take advantage of every opportunity that comes my way and work hard to create the life I want."
-0.133616487125098,46,5,1,1,1,0,0,1,1,1,1,0,0,0,1,0,0,0,1,0,0,1,0,0,1,1,1,1,1,1,0,"I believe that my current position in life is a combination of fate and my own actions. While certain circumstances may be out of my control, I also believe that the choices I make and the efforts I put in play a significant role in shaping where I am today."
-0.130993341143118,46,5,0,1,0,0,0,0,0,0,1,0,1,0,1,1,1,0,1,1,0,0,0,1,1,1,0,1,1,1,0,"I believe that while certain factors may be out of my control, such as where I was born or unexpected events, ultimately I have the power to shape my future through my choices and actions. I don't rely solely on fate to determine my path, but rather see it as a combination of hard work, determination, and a little bit of luck."
-0.128279602698542,46,4,1,0,0,1,0,1,0,0,0,0,0,1,1,1,0,1,0,0,0,1,0,0,0,1,1,0,1,1,0,"As a student studying Performing Arts and passionate about videography, I believe that my current position in life is a result of both hard work and opportunities that have come my way. I don't think things are purely based on fate, but rather a combination of my choices and circumstances. Growing up in Iowa has shaped my interests and experiences, leading me to where I am today. I believe in taking initiative and creating my own path, while also recognizing the role of chance and external factors in shaping my journey."
-0.127703251235248,46,5,1,1,0,0,0,0,1,0,0,1,0,0,1,1,1,0,0,0,0,0,0,1,0,1,1,0,0,1,1,"I think fate definitely plays a role in where I am today, but I also believe that my choices and actions have brought me here. Studying English and loving jujitsu are things I actively pursued because they interest me. Being from Virginia is just where I happen to have grown up. So, while fate may have influenced some aspects of my life, I believe that my decisions and hard work have been just as important in shaping where I am now."
-0.124840631523579,46,2,1,0,1,0,0,1,0,0,1,0,0,1,1,1,0,1,0,0,0,1,0,1,0,1,0,1,1,1,1,"I believe that my current position in life is a result of a combination of hard work, determination, and the opportunities that have come my way. While I acknowledge that certain factors may be beyond my control, such as where I was born or some chance events, I also believe that I have the power to shape my own destiny through my actions and decisions. Ultimately, I see life as a mix of fate and personal agency, and I strive to make the most of the hand I've been dealt."
-0.122016181837129,46,4,1,0,0,0,1,1,1,0,0,1,0,1,1,1,0,1,0,0,0,0,0,0,1,1,0,0,0,0,0,"I believe that where I am today is a result of a combination of hard work, determination, and a bit of luck. While I acknowledge that some things are beyond my control, I also believe that I have the power to shape my own future through my actions and decisions."
-0.118212372197027,46,4,0,0,1,1,1,0,1,1,1,1,0,0,1,1,1,0,0,0,0,1,0,0,1,1,0,0,0,1,1,"I believe that fate plays a role in guiding me towards opportunities, but it's ultimately up to me to take advantage of them. I don't rely solely on destiny to determine my path; I actively seek out new experiences and challenges. My choices and actions have led me to where I am today, studying Agricultural Sciences and pursuing my passion for BASE jumping. I'm grateful for the opportunities that fate has presented to me, but I know that hard work and determination are essential in shaping my future."
-0.116200943318619,46,4,1,0,1,0,0,1,0,1,1,1,0,0,0,1,1,0,1,0,0,0,0,1,1,1,1,1,0,1,1,"I believe that my current position in life is a result of a combination of hard work, dedication, and opportunities that have come my way. While I do acknowledge that there are certain things that may be out of my control, I also believe that my actions and choices have played a significant role in shaping where I am today. I try to approach challenges with a proactive mindset and take responsibility for my decisions, which ultimately influences the direction my life takes."
-0.115826628242659,46,2,0,1,0,0,0,1,0,0,0,1,0,0,1,1,0,1,1,0,0,0,0,1,0,1,0,0,1,1,0,"I believe that where I am in life right now is a combination of fate and my own decisions and actions. I have always had a passion for protective services and climbing, so those interests have guided me to where I am now. Growing up in New York has also shaped my experiences and opportunities. While I acknowledge that certain things may be out of my control, I firmly believe that my choices and efforts play a significant role in determining my path in life."
-0.115533181872777,47,4,1,0,0,0,1,0,0,0,1,0,0,0,0,1,1,1,1,0,0,0,0,0,1,0,1,0,1,1,1,"I believe that my life's path has been shaped by a combination of hard work, determination, and a little bit of luck. While I recognize that some things are beyond my control, I also believe that my choices and actions have played a significant role in getting me to where I am today. Ultimately, I think that a balance between fate and personal agency has guided me to my current position in life."
-0.115251061825268,47,2,1,0,1,0,1,0,0,0,0,1,0,0,1,1,1,1,0,0,0,1,1,0,0,1,0,0,0,1,0,"I believe that my current position in life is a combination of fate and my own actions. While some things may be out of my control, such as where I was born or certain opportunities that come my way, I also believe that the choices I make and the effort I put in play a significant role in shaping my path. So, I see fate as a factor, but not the sole determinant of where I am today."
-0.114465982494946,47,3,1,1,1,0,0,0,0,0,0,1,0,1,1,1,1,1,1,0,0,0,0,0,0,1,0,1,1,1,0,"I don't really believe in fate determining my life path. I think I have the ability to make choices and take actions that influence where I am today. While external factors can play a role, ultimately, I feel like I have control over my own destiny. The decisions I make, the effort I put in, and the opportunities I pursue all contribute to where I am now."
-0.11110542914167,47,4,1,0,0,0,0,0,1,1,0,1,0,1,1,1,0,1,0,0,0,1,1,0,0,1,1,1,1,1,1,"I believe that fate plays a role in shaping my current position in life, but it is not the sole determining factor. I view life as a combination of fate and personal choices. While some things may be out of my control, such as where I was born or certain opportunities that come my way, I also believe that the decisions I make and the actions I take play a significant role in where I am today. It is important to acknowledge the role of fate while also taking responsibility for my own choices and their impact on my life trajectory."
-0.107682873426996,47,5,1,0,1,0,1,1,0,1,1,0,0,0,1,1,1,0,0,0,1,0,0,0,1,1,1,0,1,1,1,"I believe that fate plays a role in guiding me towards certain opportunities and experiences, but ultimately it is my actions and decisions that shape my path. Studying Music and loving rugby are passions that I have actively pursued, not just things that have happened to me. Being from Tennessee has influenced my background, but it's up to me to make the most of it. While fate may present me with challenges and opportunities, it is my determination and hard work that determine where I end up in life."
-0.10732981318398,47,5,0,1,1,0,1,1,1,1,1,0,0,1,0,1,0,0,1,1,0,0,0,0,0,1,1,1,1,1,1,"I believe that my current position in life is a product of a combination of hard work, dedication, and opportunities that have come my way. While I do think that certain things may be out of my control, such as unexpected circumstances or chance encounters, I ultimately believe that I have the power to shape my own path through my choices and actions. It's important to stay open to new possibilities and be willing to adapt, but ultimately I feel responsible for where I am today."
-0.107036465324973,47,4,0,0,0,0,1,1,0,0,0,1,1,0,1,1,1,0,0,0,1,1,0,0,1,1,0,1,1,1,1,"As an 18-year-old female Philosophy student from Ohio who loves dog walking, I believe that my current position in life is a combination of fate and personal choices. While some things may be out of my control, I also recognize the impact of my decisions and actions on where I am today. I believe in the power of taking responsibility for my choices and working towards my goals, while also acknowledging that there are external factors at play. Ultimately, I see myself as a co-creator of my own destiny, navigating the balance between fate and personal agency in shaping my life journey."
-0.101963890068486,47,3,1,0,1,0,0,0,0,0,0,1,0,1,1,1,0,0,0,0,0,0,0,0,1,1,0,1,1,1,0,"I believe that where I am right now is a combination of fate and my own actions. While certain opportunities and circumstances may have been out of my control, I have also made choices and put in effort to get to where I am today. I see life as a mix of destiny and personal agency, and I try to make the most of the cards I've been dealt. Ultimately, I think it's important to take responsibility for my decisions and actions while also acknowledging the role that fate plays in shaping my journey."
-0.101214384011585,47,6,1,1,1,0,1,0,0,0,0,1,0,0,0,1,0,0,0,1,1,0,0,1,1,1,0,0,0,1,0,"I believe that my current position in life is influenced by a combination of factors. While I recognize the role of chance and external circumstances, I also believe in the power of personal choices and actions. My studies in Anthropology and Sociology have taught me to appreciate the complexity of human interactions and societal structures that shape our lives. Geography has further expanded my understanding of the world and how interconnected we all are. Ultimately, I think my current position is a result of a combination of fate, choices, and opportunities."
-0.10015057767628,47,4,1,1,0,0,1,1,1,0,0,1,0,0,1,0,0,1,0,0,0,0,1,0,0,1,1,1,1,1,0,"I think my current position in life is a combination of fate and hard work. While I believe some things are out of my control, I also recognize the importance of taking initiative and making choices that impact my future. So, fate plays a role, but ultimately, I believe I have the power to shape my own path."
-0.0988851908095258,48,1,0,0,1,0,0,1,0,1,0,1,0,1,1,1,0,0,0,0,0,1,0,0,0,1,0,1,1,1,1,"I believe that fate plays a role in shaping my life, but ultimately it is my actions and decisions that determine where I end up. I see life as a combination of opportunities presented to me and the choices I make."
-0.0984042329830102,48,5,0,0,0,0,0,1,1,1,1,0,0,0,1,1,0,1,1,0,1,0,0,1,1,1,1,0,1,1,0,"I believe that fate plays a role in shaping our lives, but ultimately, it is our actions and decisions that determine our outcomes. Studying History has taught me that individuals have the power to make their own destinies through hard work and perseverance. As a scuba diving enthusiast from Arkansas, I embrace the opportunities that come my way."
-0.097844419473753,48,6,1,1,1,0,0,1,1,1,0,1,0,0,1,1,0,0,0,1,0,0,0,1,0,1,1,1,0,1,0,"I believe that my current position in life is shaped by a combination of fate and my own actions. While I acknowledge that certain circumstances may be out of my control, I also believe in actively working towards my goals and shaping my own future. By studying Education and pursuing my passion for survivalism, I am taking steps to create the life that I want. Ultimately, I think it's a balance between fate and personal agency that determines where I am today."
-0.095793445819118,48,2,0,0,1,0,0,0,1,0,1,0,0,1,1,1,0,1,0,0,0,1,0,0,0,1,0,0,0,1,0,"I believe that where I am right now is a combination of hard work, opportunities, and a bit of luck. Growing up in Minnesota exposed me to different experiences that shaped my interest in pharmacy and board sports. Studying hard and seizing opportunities have definitely played a role in where I am today. However, I also acknowledge that there are certain things beyond my control that have influenced my path. So, while I feel like I've had a hand in shaping my life, I can't deny that fate has also played a part in bringing me to where I am now."
-0.0930787348295265,48,3,1,1,0,1,0,0,0,0,0,1,0,0,0,0,0,0,0,0,0,0,0,1,0,1,0,0,0,1,0,"I believe that fate plays a minor role in where I am today. While there may be some things out of my control, like where I was born or certain opportunities that come my way, ultimately it's my choices and actions that have led me to where I am. I like to think that I have the power to shape my own future through hard work and determination."
-0.0828954872758955,48,4,1,1,1,0,1,1,0,0,0,1,0,1,1,1,1,1,0,0,0,0,0,0,0,1,1,0,1,1,1,"I believe that my current position in life is shaped by a combination of hard work, opportunities, and some degree of chance. While I recognize the role of fate in certain situations, I also understand the importance of taking control of my own decisions and actions to shape my future."
-0.0827781950616516,48,6,0,0,1,0,0,1,1,0,0,1,1,0,0,1,0,0,1,1,0,0,0,1,1,1,1,0,1,1,1,"I believe that my current position in life is a result of a combination of hard work, opportunities, and a bit of luck. I've dedicated myself to my studies in History and have embraced my passion for beekeeping. Growing up in Ohio has shaped my experiences and perspectives. While I acknowledge that some things are out of my control, I also firmly believe in taking responsibility for my own choices and actions. I see life as a mix of fate and personal agency, and I strive to make the most of the opportunities that come my way."
-0.0817799158511873,48,7,1,1,1,0,0,1,1,0,0,1,0,1,1,1,0,1,0,0,1,0,0,0,1,1,1,0,1,0,0,"I believe that where I am today is a result of a combination of hard work, dedication, and a little bit of luck. While some circumstances may have been out of my control, I have always strived to make the best out of every situation. I have taken opportunities as they come and put in the effort to achieve my goals in both my studies and my passion for farming."
-0.0756314675892966,48,3,0,1,0,0,1,1,0,1,0,0,0,0,1,1,0,1,0,0,1,0,0,0,0,1,0,0,0,0,0,"I believe that my current position in life is a result of a combination of hard work, determination, and the opportunities that have come my way. While I acknowledge that certain things may be out of my control, I also believe that I have the ability to shape my own future through my actions and decisions. Ultimately, I feel that fate plays a role in guiding me towards certain paths, but it is up to me to make the most of those opportunities and create the life I desire."
-0.0751243946944479,48,4,1,0,1,0,0,1,1,1,1,1,0,1,0,1,1,1,1,0,0,0,0,0,1,1,0,0,0,1,0,"I believe that my current position in life is a combination of hard work, opportunities, and a bit of luck. While some things may be out of my control, I try to make the most of the hand I've been dealt."
-0.0739693377248476,49,4,1,1,1,0,0,0,1,0,1,1,0,0,0,0,1,1,1,0,0,0,0,0,1,1,0,1,0,1,1,"I believe that fate plays a role in shaping my life, but ultimately it is up to me to make decisions and take action to create my own path. I see opportunities as being influenced by external factors, but it is my choices and efforts that determine my current position in life."
-0.0719303002509103,49,3,1,0,1,0,0,1,0,0,0,1,0,0,1,1,1,1,0,1,0,0,1,0,0,1,0,0,0,1,1,"I believe that my current position in life is a combination of fate and the choices I've made. Growing up in Tennessee definitely shaped my interests in biology and publishing. However, I've also worked hard to pursue my studies and passions. While some things may be out of my control, I believe that ultimately, I have the power to shape my own future through my actions and decisions."
-0.0707117253853167,49,5,1,1,1,0,0,0,1,0,0,1,0,0,1,0,0,0,0,0,1,1,0,0,1,1,0,0,1,1,1,"I believe that the opportunities I've had and the choices I've made have played a significant role in where I am today. While I acknowledge that luck and external factors have influenced my path, I ultimately believe that my actions and dedication to my studies have been key in shaping my current position in life."
-0.0698261519761401,49,3,0,0,0,0,0,0,1,0,1,0,0,0,1,1,0,0,0,0,0,0,0,1,1,1,0,0,1,1,1,"I believe that my current position in life is a result of a combination of hard work, opportunities, and a bit of luck. I think that fate may play a role in certain aspects, but ultimately, it is up to me to make decisions and take actions that shape my future. I try to stay open to new experiences and opportunities, while also being proactive in pursuing my goals. Overall, I believe that I have the power to influence my own path in life and that fate is just a small piece of the puzzle."
-0.0667611227639101,49,4,1,0,1,1,1,1,0,0,0,1,0,1,1,1,0,1,1,0,0,0,0,0,1,1,0,1,0,1,1,"I believe that my current position in life is a combination of fate and personal choices. While some things may be predetermined, I also believe that the decisions I make and the actions I take play a significant role in shaping my future. Ultimately, I think it's a mix of destiny and free will that guide me along my path."
-0.0640432930071509,49,2,1,0,0,0,0,0,0,1,1,0,0,1,1,1,0,0,1,0,0,0,0,0,0,1,0,0,1,1,1,"I believe that where I am today is a combination of hard work, opportunities, and a little bit of luck. While I think fate may play a role in some aspects, ultimately, I am the one making choices and taking actions that have brought me to where I am now."
-0.0629426561072502,49,4,0,1,1,0,0,0,1,1,1,0,0,0,1,1,1,1,1,0,0,1,0,1,1,1,0,0,0,1,1,"I believe that where I am today is a result of a combination of hard work and opportunities that have come my way. While I think some things are out of my control, like where I was born or certain circumstances, I also believe that my actions and decisions play a significant role in shaping my life. So, I see it as a mix of fate and personal agency that has brought me to where I am now."
-0.060633918571939,49,4,1,1,0,0,1,1,1,1,1,0,0,0,0,1,0,1,0,0,0,1,0,0,0,1,0,0,0,1,0,"I believe that my current position in life is a result of a combination of hard work and opportunities that have come my way. I have always been passionate about finance and accounting, which led me to pursue this field of study. My love for dairy farming comes from my upbringing in California, where I was exposed to the industry at a young age. While I acknowledge that some things may be out of my control, I believe that by taking advantage of the opportunities presented to me and working hard, I can shape my own destiny. It's a mix of fate and personal effort that has brought me to where I am today."
-0.0589289437452053,49,3,1,0,0,0,0,0,0,0,0,1,0,0,0,1,0,1,1,0,0,1,0,0,1,1,0,1,0,0,1,"I believe that fate plays a role in shaping some aspects of my life, but ultimately, I am the one responsible for my choices and actions. Studying Information Technology and being passionate about Airsoft are decisions I made based on my interests and goals. Growing up in Washington also influenced some of my experiences. While external factors may have some impact, I believe that I have the power to create my own path and determine my own future. I take responsibility for where I am today and strive to continue making choices that align with my values and aspirations."
-0.0571875690640341,49,4,1,0,1,0,0,0,1,0,0,1,0,1,0,1,0,0,0,0,0,1,1,0,0,1,1,1,0,1,0,"I believe that my current position in life is not solely determined by fate. While some things may be out of my control, I also believe that the choices I make and the effort I put into my studies and career play a significant role in shaping my future. I am studying Nursing because it is a field that I am passionate about, and my love for aerospace has shaped my interests outside of my academic pursuits. Coming from Missouri has influenced my perspective, but ultimately, I believe in taking responsibility for my decisions and actions to create the life I want."
-0.0554775319807519,50,4,1,0,1,0,1,1,1,1,0,1,0,0,1,1,0,1,0,0,0,0,0,0,1,1,0,1,1,1,0,"I believe that my current position in life is a combination of hard work, dedication, and a little bit of luck. While I do think certain things are out of my control, like where I was born or some opportunities that come my way, I also believe that I have the power to shape my own future through my choices and actions. It's important to strike a balance between accepting what comes my way and taking initiative to create the life I want."
-0.0534951395146155,50,6,1,1,0,1,1,1,1,1,0,0,1,1,0,0,0,0,0,0,1,0,0,0,0,1,0,0,0,0,0,"I believe that my current position in life is a mix of fate and my own actions. While certain things may be out of my control, I also believe in the power of hard work and determination to shape my future."
-0.0500385627560607,50,2,1,0,1,0,1,0,0,0,0,0,0,0,1,1,0,0,0,0,0,0,0,0,0,1,0,0,1,1,0,"I believe that fate plays a small role in my life, but ultimately, my decisions and actions greatly influence where I am today. Studying nursing, enjoying role-playing games, and being from New York are all choices I made that have shaped my current position. Fate may set the stage, but I am the one directing the show."
-0.0485666733364565,50,2,0,0,1,0,0,1,0,0,1,1,0,0,1,1,0,1,1,0,1,0,1,0,0,1,0,1,0,0,0,"I think fate plays a small role in my life, but ultimately it's my hard work and decisions that have brought me where I am today. I believe in taking control of my future and shaping it through my actions and choices."
-0.0484410483381212,50,5,1,0,1,0,0,1,0,0,0,1,0,0,0,1,0,0,1,1,0,0,1,0,1,1,1,1,0,1,0,"I believe that the opportunities and choices I have made have played a significant role in where I am today. While I acknowledge that external factors can influence our paths, I feel empowered to shape my own future through hard work and determination. My passion for engineering and love for rafting have driven me to pursue my studies and actively seek out new experiences. Growing up in New Mexico has also shaped my perspective and values. Overall, I see my current position in life as a combination of both fate and my own efforts, with the belief that I have the ability to steer my own course."
-0.0415823383384034,50,2,1,0,1,0,0,1,0,0,0,0,0,0,0,0,0,1,1,0,0,0,1,0,1,1,0,0,0,1,1,"As a student studying Engineering Technicians, I believe that my current position in life is a combination of hard work, dedication, and the opportunities presented to me. While I do acknowledge that certain aspects may be influenced by external factors, I ultimately feel that my choices and actions have played a significant role in where I am today. So, in short, I believe fate may have a small role, but it's mostly about the efforts I put in."
-0.0398486622094508,50,4,1,0,0,0,0,0,0,0,1,1,0,0,0,1,0,1,0,1,0,1,0,0,1,1,0,0,1,1,0,"I believe that my current position in life is a result of a combination of fate and my own choices. While I believe that certain opportunities may have been influenced by fate, I also believe that my hard work, dedication, and decision-making have played a significant role in shaping where I am today. I try to stay open to new possibilities and take responsibility for my actions, knowing that both fate and my own efforts contribute to my journey in life."
-0.039261520996936,50,3,0,0,1,0,0,1,0,1,0,1,1,1,1,1,0,1,0,0,1,0,0,0,0,1,0,1,0,1,1,"I believe that my current position in life is a combination of hard work, determination, and a bit of luck. I don't think fate dictates everything, but it does play a role in where I am today."
-0.0392608056519209,50,2,0,0,1,0,1,1,0,0,0,1,0,1,1,1,0,0,1,0,0,1,0,0,0,1,1,0,0,1,0,"I believe that my current position in life is a combination of hard work, opportunities, and a bit of luck. While some things may be out of my control, I have always strived to make the most of the opportunities presented to me. I think fate plays a role in guiding me towards certain paths, but ultimately, it's up to me to make the most of those opportunities."
-0.0326259474509217,50,3,1,0,0,0,0,1,0,0,0,1,0,1,1,1,0,0,1,1,0,1,1,0,0,1,0,0,1,0,1,"I believe that my current position in life is a combination of hard work, determination, and the opportunities that have come my way. While I acknowledge that some things may be out of my control, I also believe that my decisions and actions have played a significant role in shaping my path. Ultimately, I see fate as more of a guiding force rather than a determining factor in where I am today."
-0.0315171872127462,51,5,0,1,0,0,0,1,1,1,1,1,0,1,1,1,0,0,0,0,1,0,1,0,0,0,1,0,0,1,1,"I believe that where I am now is a result of hard work, dedication, and seizing opportunities. While I acknowledge external factors play a role, I feel empowered to shape my own path through my choices and actions."
-0.0275913332665175,51,2,1,0,1,0,0,1,0,1,0,1,0,0,1,0,0,1,0,0,0,0,0,0,0,1,1,1,0,1,1,"I believe that my current position in life is a result of a combination of hard work, determination, and opportunities that have come my way. While I acknowledge that some things may be out of my control, I also believe that I have the power to shape my own future through my actions and choices."
-0.0258396864468288,51,3,1,0,1,0,1,1,0,1,1,1,0,0,0,0,0,1,1,0,0,0,1,0,1,1,1,1,0,1,1,"I believe that where I am right now is a combination of hard work, opportunities, and a bit of luck. While I think that there are some things out of my control, I also believe that my choices and actions have played a significant role in shaping my current path. Geography has always been a passion of mine, and studying Building and Construction has allowed me to pursue that interest further. Being from California has also influenced my career choices and aspirations. Ultimately, I feel like I am in the right place at the right time, with a mix of fate and determination guiding me."
-0.0192445557099521,51,4,1,0,1,0,0,0,0,0,1,0,0,0,0,1,0,0,1,0,1,1,0,1,1,1,0,0,1,1,0,"I believe that my current position in life is a result of a combination of factors, including my hard work, choices I've made, and circumstances beyond my control. While I value being prepared for any situation through survivalism, I also recognize the role of chance and external influences in shaping my path."
-0.0172925910504311,51,5,1,0,0,0,1,1,1,1,0,1,0,0,1,1,1,0,1,1,0,1,1,1,1,1,0,1,0,1,1,"I believe that fate plays a role in my life, but it's not the only factor. I think my choices, actions, and efforts also contribute significantly to where I am today. Studying Pharmacy in California and pursuing my passion for graffiti are decisions I made consciously. I don't think everything is predetermined by fate; I have the power to shape my own future through hard work and determination. So, while fate may have a hand in things, I believe I have the ability to influence my own path."
-0.0169413051171357,51,4,1,1,1,0,0,0,0,1,0,1,0,0,0,1,0,0,0,0,0,1,1,0,0,1,1,1,1,1,0,"I believe that my current position in life is a combination of fate and my own actions. While some things may be out of my control, such as where I was born or certain opportunities that come my way, I also believe that I have the power to make choices that shape my future. Studying Art and immersing myself in reading are decisions I made that have led me to where I am now. Ultimately, I see fate as a guiding force, but I also recognize the importance of taking responsibility for my own path and actively shaping my own destiny."
-0.01521992884697,51,5,1,1,1,0,0,1,0,0,1,1,0,1,0,1,0,1,1,0,1,0,0,0,1,1,0,1,1,0,0,"I believe that where I am in life is a combination of fate and my own actions. While some things may be out of my control, I also make choices that influence my path. It's about finding a balance between trusting destiny and taking initiative to shape my future."
-0.014715046232921,51,7,1,1,1,0,1,0,1,0,1,0,0,0,1,1,0,0,1,0,1,1,0,0,1,1,1,1,1,1,1,"I believe that my current position in life is a combination of hard work, opportunities, and the choices I've made along the way. While I acknowledge that external factors can influence outcomes, I also believe that I have the ability to shape my own path and overcome challenges. Ultimately, I see fate as a small piece of the puzzle, with my own actions and decisions playing a significant role in where I am today."
-0.00912258428482176,51,3,0,0,1,0,0,1,1,0,0,0,0,0,0,1,1,1,0,0,0,0,0,0,0,1,1,0,0,1,1,"I believe that fate plays a role in guiding me towards certain opportunities and experiences, but ultimately, it is my actions and decisions that shape my path. Studying Veterinary Studies and loving geology were choices I made based on my interests and passions. Being from Texas has influenced my perspective and values. While fate may present certain circumstances, it is up to me to make the most of them. I like to think that I have the ability to influence my own future through hard work and dedication."
-0.00606529018403174,51,6,1,0,0,0,0,1,1,1,0,0,0,0,1,1,0,1,0,1,0,0,1,0,1,1,1,1,1,1,1,"I believe that the path I am on is a combination of fate and my own choices. Growing up in Wisconsin sparked my interest in food and nutrition, leading me to pursue this field of study. My love for microbiology drives my passion for learning and exploring new discoveries. While certain opportunities may have presented themselves by chance, I ultimately believe that my determination and hard work have played a significant role in shaping my current position in life."
-0.0059377200221715,52,6,1,1,1,0,1,1,1,0,0,0,1,0,1,1,0,1,0,0,0,1,0,1,0,1,1,0,0,1,0,"I believe that my current position in life is a combination of hard work, opportunities I've seized, and some things that may have been out of my control. Fate may play a role, but ultimately, I feel like I have the power to shape my own path."
-0.00150112915363481,52,3,1,0,1,0,0,0,0,0,1,1,0,0,1,1,1,1,0,0,0,1,0,0,1,0,0,1,1,0,1,"I believe that where I am today is a combination of hard work, determination, and a little bit of luck. I don't think everything is pre-determined, but rather a mix of factors that have led me to this point. Studying art and bodybuilding are passions of mine that I've pursued because they bring me joy and fulfillment. Being from New Jersey has shaped me in many ways, but ultimately, I've made choices that have brought me to where I am now. I like to think that I have some control over my destiny, but I also recognize the role that outside influences play in shaping my path."
0.00096735343562031,52,4,0,1,1,0,0,1,1,1,0,1,0,0,0,1,0,1,1,0,0,1,0,0,1,0,0,0,1,1,0,"I believe that fate plays a role in shaping my life, but it's not the sole determining factor. I think my choices, actions, and circumstances have all played a significant role in getting me to where I am today. While I may not have complete control over everything that happens to me, I do believe that I have the power to influence my own destiny through my thoughts and behaviors. Ultimately, I see life as a mix of fate and free will, with both elements contributing to the journey I'm on."
0.00258107498120444,52,4,1,0,1,0,1,0,0,0,0,1,0,1,1,1,1,1,1,0,0,0,0,0,1,1,1,1,1,1,0,"I don't believe in fate determining everything in my life. I think my choices and actions have played a significant role in where I am today. Studying design and being passionate about water polo are decisions I made that have shaped my path. Growing up in New Hampshire also influenced my interests and opportunities. While external factors may have some impact, I believe my efforts and decisions have largely guided me to where I am now."
0.00874095491974658,52,3,0,1,0,0,1,0,0,1,1,1,0,0,1,1,0,0,1,0,0,0,0,1,0,1,1,1,0,1,1,"I believe that my current position in life is a result of a combination of hard work, determination, and the opportunities that have come my way. While fate may play a role in some aspects, I ultimately have control over my choices and actions."
0.00881934017179911,52,2,0,0,1,0,1,1,0,0,1,1,0,0,0,1,1,1,0,0,0,0,0,0,1,1,0,1,0,1,1,"I believe that my current position in life is a mix of fate and the choices I have made along the way. While I acknowledge that certain opportunities and circumstances may have been out of my control, I also believe that my decisions and actions have played a significant role in shaping where I am today. Ultimately, I see fate as more of a guiding force rather than a determinant of my future."
0.0111095363914038,52,5,1,1,1,1,0,0,1,0,0,0,0,1,1,1,1,0,1,0,0,1,0,1,0,1,0,0,0,1,1,"I think fate definitely plays a role in where I am today, but I also believe that my decisions and actions have had a significant impact on the path I've taken. Studying Architecture and practicing Taekwondo are passions of mine that I actively pursued. Being from Florida has shaped my experiences, but ultimately, I feel like I have control over my future. Fate may set the stage, but it's up to me to make the most of it."
0.0209812084084464,52,4,1,0,0,0,1,1,1,0,1,0,0,0,1,1,1,0,1,1,0,0,0,0,0,1,0,1,1,1,1,"I believe that my current position in life is a result of a combination of my own actions and external circumstances. While I acknowledge the role of fate, I also recognize the importance of my choices and efforts in shaping my path."
0.0217924856458999,52,5,0,0,1,0,1,1,1,1,0,0,0,0,1,1,0,1,0,1,1,1,1,0,1,1,0,1,1,1,1,"I believe that my current position in life is a result of a combination of hard work, dedication, and a little bit of luck. I think that being open to opportunities and taking risks has played a significant role in where I am today."
0.0231708437144782,52,5,1,1,0,0,1,1,1,0,0,1,0,1,0,1,1,1,1,0,0,1,1,0,1,1,0,0,1,1,1,"I don't think fate plays a huge role in where I am today. I believe that the choices I've made, the actions I've taken, and the effort I've put in have all contributed to where I am now. Sure, external factors come into play, but ultimately, I feel like I have control over my own destiny. I try to take responsibility for my decisions and learn from my experiences, rather than just attributing everything to fate."
0.023838068401201,53,3,1,1,0,0,0,0,0,0,0,0,0,1,1,1,0,1,0,0,0,0,0,1,0,1,0,0,1,1,0,"I believe that my current position in life is a result of a combination of hard work and opportunities presented to me. While I understand that certain things may be out of my control, I believe that taking initiative and making the most of the circumstances I am given has played a significant role in where I am today."
0.023915142186427,53,5,0,0,0,0,0,0,0,0,0,1,1,0,1,1,1,1,1,1,1,0,1,0,0,0,1,1,0,0,1,"I believe that fate plays a role in shaping our lives, but it is not the sole determining factor. Through hard work, determination, and making the most of opportunities that come my way, I have been able to pursue my passion for Political Science and taekwondo. Being from Illinois has certainly influenced my experiences and perspectives, but I also believe in taking control of my own destiny. While some things may be out of our hands, I believe that our actions and choices ultimately shape the path we are on."
0.0242529510008496,53,5,1,1,0,0,1,1,1,0,0,1,0,1,1,1,0,1,0,1,0,1,0,0,0,0,0,0,1,1,1,"I believe that fate plays a role in shaping my life, but I also know that my choices and actions have brought me to where I am today. I embrace the opportunities that come my way and work hard to achieve my goals in both academics and cheerleading."
0.0246889471271657,53,7,1,0,1,0,1,0,1,0,0,0,1,0,1,1,0,1,0,1,0,1,0,1,1,1,1,1,1,1,1,"I believe that my current position in life is a combination of fate and the choices I've made along the way. While some things may be out of my control, my decisions and actions have also played a significant role in where I am today."
0.0264334841645939,53,6,1,1,1,0,0,1,0,1,0,1,1,0,1,1,0,0,1,0,1,1,0,1,1,1,0,0,1,1,0,"As an 18-year-old male studying Psychology and Biology from Iowa, I view my current position in life as a mix of fate and personal choices. I believe that certain opportunities and circumstances have been influenced by external factors beyond my control. However, I also recognize the importance of my own decisions and actions in shaping my path. Ultimately, I see myself as having a hand in creating my own future while also acknowledging the role of fate in guiding me towards certain experiences."
0.0288766006482707,53,4,1,0,0,0,0,1,0,1,0,1,0,0,0,1,0,1,0,0,1,1,1,1,0,1,1,0,1,0,1,"I believe that where I am today is a combination of fate and my own actions. Growing up in New York, I was exposed to a wide range of opportunities in the performing arts, which fueled my passion for it. However, my love for badminton was more of a coincidence, but it has brought me joy and balance in my life. I believe in working hard and seizing opportunities that come my way, but I also acknowledge that sometimes things happen beyond my control. Ultimately, I think a mix of fate and my efforts have led me to where I am now, studying performing arts and enjoying my hobbies."
0.0303037151020092,53,3,0,1,1,0,0,1,1,0,1,1,0,1,0,1,0,0,1,0,0,1,1,0,0,1,0,0,1,1,1,"I believe that my current position in life is a combination of hard work, determination, and some elements of luck. While I acknowledge that certain things may be out of my control, I also believe that the choices I make and the effort I put in play a significant role in shaping my path. I try to stay positive and proactive, knowing that I have the power to influence my future outcomes."
0.0342472587821752,53,5,0,1,1,0,0,1,0,0,0,1,0,1,0,1,1,1,1,0,1,0,0,0,1,1,1,1,1,1,0,"I believe that my current position in life is a result of a combination of hard work, opportunities, and a bit of luck. While I acknowledge external factors play a role, I feel empowered to shape my own path."
0.0417974266256781,53,7,1,0,1,0,0,1,0,0,0,1,1,1,1,1,0,1,1,1,1,1,1,0,1,1,1,1,1,0,0,"As a 30-year-old female student studying Legal Studies and passionate about skateboarding from Texas, I believe that my current position in life is shaped by a combination of hard work, dedication, and seizing opportunities that come my way. While I acknowledge that certain circumstances may be out of my control, I firmly believe that my choices and actions have played a significant role in where I am today. Ultimately, I believe in creating my own destiny through perseverance and determination."
0.0422388029566592,53,3,0,0,1,0,0,1,1,0,1,0,0,0,0,1,0,0,0,0,0,1,0,0,1,1,0,0,1,1,0,"I believe that my journey in life is a combination of fate and my own choices. While some things may be predetermined, I also have the power to shape my future through my actions and decisions."
0.0446586451736963,54,4,1,1,1,0,1,1,0,1,0,0,0,1,1,1,1,1,0,0,0,0,0,0,1,1,0,0,1,1,0,"I believe that my current position in life is a result of the choices I've made and the hard work I've put in. While external factors may play a role, ultimately, I am the one responsible for my own path and decisions."
0.0467387179400306,54,3,1,0,1,0,0,1,1,1,1,0,0,0,1,1,1,0,0,0,0,0,0,0,0,1,0,1,1,1,0,"I believe that my current position in life is a result of a combination of hard work, determination, and opportunities that have come my way. I don't think everything is predetermined by fate, but I do feel that certain events and circumstances have played a role in shaping where I am today. Ultimately, I believe in taking control of my own actions and decisions to create the future I want, rather than leaving it all up to fate."
0.0472707144656868,54,3,1,0,0,0,1,0,0,0,0,1,0,1,1,1,0,0,1,0,0,0,1,0,0,1,1,1,1,1,1,"I believe that my current position in life is a result of a combination of hard work, determination, and a bit of luck. I am grateful for the opportunities that have come my way and I strive to make the most of them by putting in the effort and dedication required to succeed."
0.0476056899911709,54,3,0,0,0,0,1,1,1,0,1,1,0,1,0,1,0,1,1,0,0,0,0,0,0,1,1,1,0,1,0,"I believe that fate definitely plays a role in shaping where I am today, but I also think that my own actions and decisions have had a significant impact on my current position in life. It's a combination of both fate and the choices I've made that have led me to where I am now, studying Performing Arts and pursuing my passion for BMX in Alabama."
0.0485157166384138,54,5,1,1,0,0,1,0,0,1,1,1,0,1,1,1,0,0,1,0,1,0,0,1,1,1,0,0,0,1,0,"I believe that where I am in life right now is a result of a combination of hard work, opportunities, and a little bit of luck. Studying Agricultural Sciences has been a passion of mine, and I have put in the effort to excel in my studies. Growing up in New York, I have been exposed to a diverse range of experiences and cultures that have shaped my perspective. I also think that sometimes unexpected opportunities and events have played a role in getting me to where I am today. Overall, I believe that fate may have a small influence, but ultimately, my choices and actions have had a bigger impact on my current position in life."
0.0542831062183443,54,5,1,1,0,0,1,1,0,0,0,1,0,1,1,1,0,1,1,1,0,1,0,0,1,1,0,0,0,1,1,"I believe that my current position in life is a result of a combination of hard work, opportunities that have come my way, and the choices I've made. While there may be elements of fate or luck involved, I think that ultimately, my efforts and decisions play a significant role in shaping where I am today."
0.0565145652053145,54,4,0,1,1,0,0,0,0,0,1,0,0,0,0,1,0,1,0,0,0,0,0,0,1,1,1,1,1,1,0,"I believe that a combination of my hard work, choices, and circumstances have all played a role in where I am today. While I acknowledge that some things may be out of my control, I also believe that I have the power to shape my own future through my actions and decisions. Ultimately, I see myself as an active participant in creating my own path rather than simply being at the mercy of fate."
0.0763410442510291,54,3,1,0,1,0,1,1,1,1,0,0,0,0,1,0,0,1,0,0,0,0,0,0,0,1,1,1,0,1,1,"I believe that where I am today is a result of a combination of my choices and external factors. While I acknowledge that some things may be out of my control, I believe that my actions and decisions have played a significant role in shaping my current position in life."
0.080904053000203,54,1,0,0,1,0,1,0,0,0,1,1,0,0,1,1,0,1,0,0,0,0,1,1,0,1,0,0,1,1,1,"I believe that where I am today is a combination of fate and my own actions. While I acknowledge that some things are beyond my control, such as being born in Nebraska or discovering my love for sand art, I also believe that the choices I've made and the effort I've put into my studies in Business and Management have played a significant role in shaping my current position. Ultimately, I think it's a balance between fate guiding me towards certain opportunities and my own determination and hard work that have allowed me to make the most of them."
0.081197980138012,54,5,0,0,1,1,1,1,0,0,1,1,0,1,0,1,0,0,1,1,1,0,0,0,1,1,0,0,0,1,0,"I believe that my current position in life is a result of a combination of hard work, opportunities, and the choices I've made along the way. While I do acknowledge that external factors can play a role in shaping our paths, I also believe that we have the power to influence our own destinies through our actions and decisions. So, while fate may have a hand in some aspects of my life, I ultimately feel empowered to create my own future through my efforts and determination."
0.0812111039808486,55,5,1,0,1,0,0,1,1,1,0,1,0,1,0,1,1,1,0,1,0,0,1,0,1,1,0,0,1,1,0,"I think that fate plays a role in guiding me towards certain opportunities and experiences, but ultimately, it is my actions and decisions that shape my path. Studying Economics and pursuing my passion for safaris are choices I've made to create my own future. Being from New York has influenced me, but I believe in taking control of my destiny through hard work and determination."
0.0843982010067631,55,2,1,0,1,0,0,0,0,1,0,0,0,0,0,1,1,1,1,0,0,0,0,0,0,1,0,1,1,0,1,"I believe that my life is a result of a combination of fate and my own actions. While some things may be out of my control, I also believe that the choices I make and the effort I put in play a significant role in shaping my current position. It's a balance between destiny and personal agency that determines where I am today."
0.0882143309912639,55,6,1,1,1,0,1,1,1,0,1,1,0,0,0,1,0,1,0,1,0,0,0,1,0,1,1,1,1,1,0,"I believe that my current position in life is a combination of fate and the choices I've made. Growing up in Florida, fishing became a passion of mine, leading me to study Communications to combine my love for storytelling with my outdoor interests. While some things may be out of my control, I believe that my decisions and hard work have played a significant role in where I am today. Fate may have set the stage, but it's up to me to make the most of the opportunities presented to me."
0.0890394599418562,55,2,0,0,1,0,0,0,0,0,0,0,0,0,1,1,1,1,1,0,0,1,0,0,1,1,0,1,0,1,0,"I believe that where I am today is a combination of hard work, opportunities, and a little bit of luck. While I recognize that some things are out of my control, such as where I was born or certain external circumstances, I also believe that my decisions and actions have played a significant role in shaping my life so far. It's important to stay open to new opportunities and be proactive in pursuing my goals, rather than simply relying on fate to determine my path. At the end of the day, I think it's a balance between fate and my own efforts that have brought me to where I am today."
0.093347224238748,55,5,0,1,1,1,0,1,0,1,0,1,0,0,1,1,0,0,1,0,1,1,0,1,1,1,0,1,1,1,1,"I believe that my current position in life is a combination of hard work, determination, and the opportunities that have come my way. While I acknowledge that certain circumstances may be out of my control, I also believe that I have the power to shape my future through the choices I make and the actions I take. I have always been driven to succeed in my studies and my passion for rowing, and I believe that my efforts have played a significant role in where I am today. Ultimately, I see my life as a mix of fate and personal agency, with both playing important roles in shaping my journey."
0.0985092948823213,55,5,1,0,1,0,0,0,1,0,0,0,0,1,1,1,0,0,0,1,0,0,0,0,1,1,0,1,1,1,1,"I believe that my current position in life is a combination of hard work, determination, and opportunities that have come my way. While I acknowledge that some things may be out of my control, I also believe that my choices and actions have played a significant role in shaping where I am today. I am open to new experiences and challenges, ready to adapt and grow along the way."
0.099207659314366,55,5,1,1,1,0,0,1,0,0,1,0,0,0,1,1,0,1,0,0,1,0,0,0,0,0,1,1,1,0,0,"I believe that my current position in life is a result of a combination of hard work, opportunity, and the choices I've made. While I can't deny that some things may be out of my control, I firmly believe that I have the power to shape my own destiny through determination and perseverance. Growing up in Georgia, my love for vegetable farming and passion for engineering technicians have guided me towards my current path. I believe that fate may play a role in some aspects, but ultimately, it is up to me to make the most of the opportunities presented to me."
0.101574079628801,55,4,1,1,1,0,0,1,0,0,0,1,0,0,1,1,0,0,0,0,0,1,0,1,1,1,0,1,1,1,0,"I believe that while there may be certain external factors at play, ultimately, I have the power to shape my own destiny. My choices, actions, and hard work have all played a significant role in getting me to where I am today. I believe in taking responsibility for my decisions and steering my life in the direction I desire, rather than leaving it up to fate alone."
0.105751299754449,55,4,0,1,1,0,1,1,0,0,0,1,1,0,1,1,0,0,0,0,0,0,0,1,0,0,1,1,1,0,1,"I believe that my current position in life is a result of a combination of fate and my own actions. While I acknowledge that certain circumstances may have been beyond my control, I also believe that the choices I've made and the effort I've put in have played a significant role in shaping where I am today. Ultimately, I feel that a balance between fate and personal agency has led me to where I am now."
0.105794655427019,55,5,1,0,1,0,0,1,1,0,0,1,0,1,1,1,1,1,1,0,0,0,0,1,1,1,1,1,0,1,0,"I believe that where I am in life right now is a combination of hard work, opportunities, and a little bit of luck. I believe in taking control of my own decisions and actions, but I also recognize that some things are out of my hands. Ultimately, I think it's about finding a balance between making choices that shape my future and being open to unexpected opportunities that come my way."
0.106638481884486,56,6,1,0,1,1,1,1,0,0,0,0,0,1,0,1,0,1,1,1,1,0,0,0,1,1,0,1,0,1,1,"I believe that where I am in life right now is a result of a combination of hard work, determination, and a little bit of luck. I've always been passionate about math and model trains, so pursuing a degree in Math was a natural choice for me. Growing up in Texas has also shaped my interests and values. While I do believe that certain things are out of our control, like where we are born or the opportunities we are given, I also believe that we have the power to make choices that can positively impact our future."
0.107654441065522,56,7,1,0,1,1,0,1,0,0,0,0,1,0,1,1,0,1,1,0,1,1,0,1,1,1,1,1,1,1,1,"I think that fate plays a part in shaping my life, but it's not the sole reason for where I am now. I believe that my actions, decisions, and hard work have also contributed significantly to where I am today. While I acknowledge that certain things are out of my control, I also believe that I have the power to influence my future through my choices and efforts."
0.114452322600499,56,4,1,0,1,0,1,0,0,1,0,0,1,1,0,1,0,0,0,0,0,1,1,0,1,0,0,1,1,1,1,"I believe that my current position in life is a result of a combination of my hard work, opportunities presented to me, and some elements of fate. While I acknowledge the role of external factors, I also believe in taking control of my future through my actions and decisions."
0.11452545348653,56,7,0,1,1,1,0,1,1,1,0,1,1,1,1,1,1,0,0,0,1,1,0,0,1,1,0,1,1,1,0,"I believe that fate plays a role in shaping my life, but ultimately, it is my actions and decisions that determine where I am today. Studying Religious Studies has shown me the power of free will and personal agency. While I may not have control over every aspect of my life, I believe in the importance of taking responsibility for my choices and working towards my goals, including my love for squash and my academic pursuits."
0.116976391670536,56,2,0,1,1,0,0,1,0,0,0,1,0,0,1,1,1,1,0,0,0,0,0,1,0,1,0,1,1,0,0,"I believe that fate plays a role in shaping our lives, but ultimately, it is up to us to make choices and take actions that determine our path. Growing up in Maine has definitely influenced my interests in sports science and business, but my decision to study Business and Management was a personal choice based on my passion for the subject. While external factors may impact opportunities and circumstances, I believe that through hard work and determination, I have the ability to create my own future. Ultimately, I see myself as the captain of my own ship, steering it towards success with a combination of fate and personal agency."
0.122217346889587,56,5,1,1,0,1,1,1,1,0,0,1,0,0,0,1,0,0,1,0,0,1,0,0,0,0,0,0,1,0,1,"I believe that my current position in life is shaped by a combination of hard work, opportunities, and choices. While I acknowledge that some things may be out of my control, I also believe that my decisions and actions play a significant role in shaping my future. I try to stay positive and proactive in pursuing my goals, knowing that I have the power to influence my own path."
0.125079723745301,56,3,1,0,1,0,1,0,0,0,1,1,0,0,1,1,1,1,1,0,0,0,0,0,1,1,0,0,1,1,1,"I believe that where I am right now is a combination of hard work and opportunities that have come my way. I don't think everything is predetermined by fate, but I also don't discount the role of chance in shaping my path. Ultimately, I try to make the best of the situations presented to me and stay open to new possibilities that may arise."
0.129108993992689,56,5,0,1,1,1,1,1,0,0,0,1,0,0,1,1,0,0,0,0,0,0,0,0,1,1,1,0,1,1,0,"I believe that my current position in life is a combination of fate and the choices I have made. While I acknowledge that some things are out of my control, I also believe that my decisions and actions have played a significant role in shaping where I am today."
0.129600699981305,56,5,0,0,1,0,1,1,0,0,1,1,1,0,1,1,0,1,1,0,1,0,0,0,1,0,1,1,0,1,1,"I think that while some things may happen by chance, a lot of where I am right now is a result of the choices I've made and the effort I've put in. I believe in taking control of my own path and working hard towards my goals. Being a student of Chemistry, I know that things don't just happen randomly, there's always a cause and effect. So, I would say that fate might play a small part, but ultimately it's up to me to shape my future."
0.130806153435123,56,4,1,0,1,0,0,0,0,0,0,0,0,1,1,1,0,0,0,0,1,1,0,0,1,1,0,0,1,1,0,"I believe that my current position in life is a combination of fate and my own actions. While certain things may be out of my control, I also believe that the choices I make and the effort I put in play a significant role in shaping my circumstances. I see fate as a guiding force that presents opportunities, but it's ultimately up to me to seize them and work towards my goals. So, I think fate sets the stage, but it's my actions and decisions that determine my path in life."
0.137257609025618,57,2,0,0,0,0,1,1,0,1,1,0,0,0,1,1,0,0,1,0,0,1,0,0,1,1,0,0,1,1,1,"I believe that fate plays a small role in my life, but ultimately it's my decisions and actions that have led me to where I am today. I take responsibility for the choices I make and the opportunities I pursue."
0.138732307922226,57,5,1,1,0,0,1,0,0,1,1,0,0,1,0,1,0,0,0,0,1,1,1,0,1,1,0,1,1,1,0,"I believe that where I am right now is a combination of hard work, opportunities, and a sprinkle of luck. I am a firm believer in taking control of my own destiny, but I also recognize that sometimes external factors play a role in shaping our paths. Whether it's seizing the right opportunities or overcoming challenges, I strive to make the most out of every situation. Ultimately, I think fate can open doors for us, but it's up to us to walk through them and make the most of our potential."
0.139962933109759,57,5,1,0,0,0,1,0,0,0,1,0,1,1,1,1,0,0,0,0,0,0,0,0,1,1,1,0,1,1,0,"I believe that fate plays a role in my life, but it's not the only factor. I think my choices, hard work, and dedication to my studies have also contributed to where I am today. Martial arts has taught me the importance of perseverance and discipline, which have helped me navigate through challenges. Overall, I view fate as a piece of the puzzle, but not the entire picture."
0.144103872174326,57,6,1,1,1,0,0,1,1,0,1,1,0,1,0,1,0,0,1,0,0,1,0,0,1,1,1,1,1,1,1,"I believe that fate plays a small role in my current position in life. While some things may be out of my control, my actions and decisions have led me to where I am today."
0.147017406793431,57,4,1,0,0,0,1,1,0,1,0,0,0,0,1,1,0,1,1,0,1,0,0,0,0,1,1,1,0,1,1,"I believe that where I am now is a mixture of hard work, determination, and opportunities presented to me. While some things might be out of my control, I know that I have the ability to shape my future through my choices and actions. Fate may play a role, but ultimately, I am the one making things happen."
0.147777098330743,57,5,1,1,1,1,0,1,1,1,1,0,1,0,0,0,0,1,0,0,0,1,0,0,0,1,0,1,1,1,1,"I believe that fate plays a role in shaping my current position in life, but it is not the sole determining factor. I think that my choices, actions, and experiences have also significantly influenced where I am today. While some things may be out of my control, I believe that I have the power to make decisions that can ultimately impact my future. So, while fate may have a hand in guiding me, I also recognize the importance of taking responsibility for my own path and working towards my goals."
0.147914819207515,57,5,1,1,1,0,0,1,1,0,0,1,0,0,1,1,0,0,0,0,0,1,0,1,1,1,0,0,0,1,1,"I believe that my current position in life is a combination of hard work, determination, and some luck. While I acknowledge external factors, I also know that my choices and actions have played a significant role in getting me where I am today."
0.149074432414886,57,2,0,0,1,0,0,0,0,0,1,1,0,1,1,1,0,1,1,0,0,1,0,0,1,1,0,1,0,1,1,"As a 25-year-old female Chemistry student from Tennessee who loves dancing, I believe that my current position in life is not solely determined by fate. While I acknowledge that certain circumstances may be beyond my control, I also believe in the power of hard work, determination, and making proactive choices to shape my own future. By pursuing my passion for Chemistry and dancing, I am taking active steps towards achieving my goals and creating the life I want for myself. I believe that by consistently putting in effort and staying focused on my aspirations, I can influence the direction of my life and make meaningful progress towards my dreams."
0.154479587305943,57,5,1,0,1,0,0,0,1,1,1,1,0,1,1,1,0,1,0,0,1,0,0,1,0,1,1,1,1,1,1,"I believe that where I am in life right now is a result of a combination of hard work, opportunities, and the choices I've made along the way. While I appreciate the idea of fate playing a role in some aspects, I feel more empowered knowing that my efforts and decisions have contributed to where I am today."
0.157455651751251,57,2,1,0,1,0,1,0,0,0,0,0,0,0,1,1,0,0,0,0,0,0,0,1,0,1,0,1,1,0,1,"As a 30-year-old female History student from Connecticut who loves go, I believe that while certain things may be influenced by fate, my current position in life is mostly a result of my choices and actions. I have worked hard to pursue my education and passions, and I believe that taking control of my own destiny has played a significant role in where I am today. Fate may play a role in some aspects, but ultimately, I feel empowered to shape my own future."
0.158383658104212,58,4,0,0,1,1,0,1,0,0,0,0,0,0,1,1,0,1,1,0,1,0,0,0,1,1,0,0,1,1,0,"I believe that where I am today is a combination of hard work, opportunities, and a bit of luck. While I acknowledge that some things may be out of my control, I also believe that my actions and choices have played a significant role in shaping my life. Overall, I think it's a mix of fate and personal responsibility that has brought me to where I am now."
0.168310917143186,58,4,1,1,1,0,0,1,0,0,0,1,0,0,1,1,0,1,0,0,1,0,0,0,0,1,0,0,1,1,0,"I believe that fate plays a role in guiding us to opportunities, but ultimately it's up to us to make the most of them. Studying music and loving soccer are passions that I've chosen to pursue, not just things that happened to me by chance. Being from Colorado also shapes who I am, but I've actively made decisions to get where I am today. So while fate may set the stage, it's our actions and choices that determine our path in life."
0.173046982229318,58,5,1,0,1,0,1,1,1,0,0,1,0,1,1,1,0,1,1,1,0,0,1,0,1,1,0,0,1,1,1,"I believe that my current position in life is a result of a combination of fate and my actions. I like to think that I have some control over my destiny, but I also recognize that some things are out of my hands. Ultimately, I strive to make the most of the opportunities that come my way."
0.173782498229019,58,5,0,0,1,1,1,1,1,0,0,1,0,1,1,1,0,0,1,0,0,0,0,1,1,1,1,1,1,1,1,"I believe that fate plays a role in shaping our lives, but it is not the sole determining factor. I think our choices and actions also have a significant impact on where we end up. It's a combination of fate and personal agency that guides us to our current position in life. I see it as a balance between what is meant to be and the decisions we make along the way."
0.182772039192725,58,3,0,1,1,0,0,1,0,0,1,1,0,1,1,1,0,1,1,0,0,0,0,0,1,1,0,1,1,1,1,"I believe that my current position in life is a combination of fate and my own actions. While some things may be out of my control, I also believe that my decisions and hard work have played a significant role in where I am today."
0.183555129280503,58,3,0,0,1,0,1,0,0,1,1,1,0,1,1,1,0,0,1,1,1,1,0,1,0,1,0,1,0,1,0,"I think fate plays a small role in my life, but ultimately, my choices and actions have a bigger impact. I believe in taking responsibility for my decisions and working hard to achieve my goals in Criminal Justice and insect collecting."
0.185163647415903,58,5,1,0,0,0,0,1,1,0,0,0,0,1,1,1,0,1,0,1,0,0,0,0,1,1,0,1,1,0,1,"I believe that where I am today is a combination of hard work, determination, and a little bit of luck. I've always been fascinated by trains, which led me to pursue a career in Engineering Technicians. Growing up in Minnesota, I was surrounded by opportunities to explore my interests. While I believe that fate may play a role in certain aspects of life, I also recognize the importance of taking control of my own destiny. By working hard and staying focused on my goals, I am able to shape my future and create my own opportunities."
0.187972757590658,58,5,1,0,1,0,0,0,1,1,0,0,0,0,1,1,0,1,1,0,0,0,1,1,1,1,1,1,0,1,1,"I believe that my current position in life is a result of a combination of my choices and circumstances. While I understand that some things are out of my control, I also believe that my actions and decisions have played a significant role in shaping where I am today."
0.196221495950506,58,5,0,1,1,0,0,0,0,0,1,1,0,1,1,1,0,0,1,1,0,0,0,0,1,1,1,0,0,1,1,"I believe that where I am today is a combination of hard work, determination, and some degree of luck. I have put in the effort to pursue my studies in Building and Construction, which aligns with my passion for bridges. Being from Minnesota has also influenced my choices. While I acknowledge that external factors can play a role, ultimately, I believe that I have the power to shape my own path through the decisions I make and the actions I take."
0.196872409582392,58,4,1,0,1,0,1,1,1,0,0,1,0,0,0,1,0,0,1,0,0,1,0,0,1,0,0,0,0,0,1,"I believe that my current position in life is a result of a combination of fate and personal choices. While I acknowledge that certain events may be out of my control, I also believe that the decisions I make and the actions I take play a significant role in shaping my path. Studying Religious Studies has taught me to see the interconnectedness of events and the importance of personal agency. Being a collector of books has also enriched my perspective and allowed me to explore different ideas and beliefs. Overall, I think fate and free will work together to influence where I am today."
0.207526548381377,59,7,1,0,1,1,0,1,0,1,0,1,1,0,0,1,0,1,0,1,1,0,0,0,1,1,0,1,0,1,1,"I believe that while fate may play a role in certain aspects of my life, such as where I was born and the opportunities that come my way, a lot of my current position is a result of my own actions and decisions. Studying Math in college and pursuing my love of pinball are choices I have made that have shaped my path. I believe in taking control of my future and working hard to achieve my goals, rather than solely relying on fate to determine my outcomes."
0.214134713665324,59,4,0,1,0,0,1,1,0,1,0,0,0,0,1,1,0,1,0,0,1,1,0,0,0,1,1,0,1,0,0,"I think that where I am right now in life is a combination of fate and my own actions. I believe that certain opportunities and experiences have come my way due to fate, but ultimately it's up to me to make the most of them. I've worked hard to get to where I am in my studies and my love for driving has pushed me to excel in that area. So, while fate may have played a role in some things, I know that my actions and decisions have been key in shaping my current position in life."
0.214297655028622,59,5,1,1,0,0,1,1,0,0,0,1,1,1,1,1,0,1,0,0,0,0,1,0,1,1,0,1,0,0,1,"I believe that my current position in life is a result of a combination of hard work, opportunities, and a bit of luck. While I acknowledge that some things are out of my control, I also believe in taking initiative and creating my own path."
0.219005599513537,59,5,1,1,1,0,1,0,1,1,0,0,1,1,0,1,0,0,0,0,0,1,0,0,0,1,0,1,0,1,0,"I believe that where I am today is a combination of hard work, opportunities presented to me, and some degree of luck. I think that while some things may be out of my control, ultimately, the choices I make and the effort I put in have a significant impact on my current position in life. I like to think that I have the ability to shape my own future through my actions and decisions, rather than simply leaving it up to fate."
0.228980094002179,59,5,1,1,1,0,1,0,0,1,1,0,0,1,1,1,0,0,0,0,1,1,0,1,1,1,0,1,1,1,1,"I believe that fate plays a small role in determining my current position in life. While certain opportunities and circumstances may have been out of my control, I also recognize the importance of hard work, determination, and personal choices in shaping my path. Studying Chemistry, playing table football, and being from Michigan are all aspects of my life that I actively chose and pursued. I think a combination of fate and personal agency has brought me to where I am today, and I am grateful for the experiences and opportunities that have come my way."
0.232110687239558,59,7,1,1,1,1,0,1,1,0,0,1,0,1,0,1,0,1,0,1,0,0,0,1,0,1,1,1,1,1,1,"I believe that fate plays a role in shaping our lives, but ultimately it is our own choices and actions that determine where we end up. While external factors may influence us, I feel empowered to create my own path through hard work and determination. Being from Texas, studying Physics, and loving board sports are all choices I made that have led me to where I am now."
0.23548429318666,59,6,0,1,1,0,0,0,1,0,1,1,1,0,0,1,0,1,0,0,0,0,0,0,1,1,1,0,1,1,0,"I believe that where I am today is a combination of hard work, opportunities, and the choices I've made along the way. While some things may be out of my control, I try to focus on what I can influence to shape my path."
0.237017530805671,59,4,0,1,1,0,1,1,0,0,0,1,1,1,1,0,0,1,0,0,0,0,0,1,1,1,1,1,1,0,1,"I believe that fate plays a minor role in where I am today. While some things may be beyond my control, I believe that my choices and actions have had a significant impact on shaping my current position in life. I prefer to focus on what I can control and work towards my goals in a proactive manner."
0.239352954045318,59,4,0,0,1,0,0,1,0,0,1,1,0,1,0,1,0,1,1,1,1,0,0,1,1,1,0,1,1,1,1,"I believe that my current position in life is not solely determined by fate. While I acknowledge that certain external factors may play a role, I also believe that my own actions, decisions, and hard work have significantly influenced where I am today. Studying Environmental Science and pursuing my passion for bridge are choices that have shaped my path. Being from North Carolina has certainly impacted my experiences, but I do not view it as a predetermined fate. Ultimately, I see a combination of factors at play in determining my current position in life."
0.239770065468437,59,3,0,0,1,0,1,1,1,1,0,1,0,1,1,1,0,0,1,0,0,0,0,0,0,1,1,1,1,1,0,"I believe that my current position in life is a combination of hard work and opportunities that have come my way. While I acknowledge that some things are beyond my control, I also believe that my choices and actions play a significant role in shaping my path. I try to make the best of the circumstances I'm in, but also remain open to new possibilities and challenges that can lead me to where I want to be."
0.243511986019533,60,5,1,1,1,0,1,1,1,0,1,1,0,1,1,1,0,1,1,1,0,0,0,1,0,1,0,0,1,1,1,"I believe that my current position in life is a result of my hard work, dedication, and choices I have made along the way. While I acknowledge that external factors can play a role, I ultimately feel empowered to shape my own future through my actions and decisions."
0.245738663598487,60,6,1,0,1,0,0,1,1,0,1,1,0,0,0,1,1,0,0,1,1,1,1,0,1,1,0,0,0,1,0,"I believe that my current position in life is a combination of hard work, opportunities, and the choices I've made along the way. While I do believe that some things are out of my control, I also think that I have the power to shape my own future through my actions and decisions. For example, choosing to study Film and Photography and dedicating myself to honing my skills in roller skating have both played a significant role in where I am today. Ultimately, I see fate as just one piece of the puzzle, with my efforts and choices being equally important in determining my path."
0.248488263474976,60,6,1,0,0,0,0,1,1,1,0,1,0,1,1,1,0,1,0,1,0,1,0,0,1,1,1,1,1,1,1,"I believe that my current position in life is a result of a combination of factors, including my hard work, determination, and the opportunities that have come my way. While I acknowledge that some things may be out of my control, I firmly believe that I have the ability to shape my own future through my actions and choices. I am not one to sit back and wait for things to happen to me; instead, I actively seek out opportunities and work towards my goals. Ultimately, I believe that my success is a reflection of my efforts and decisions, rather than solely the result of fate."
0.24967938440951,60,6,1,1,1,0,1,0,0,1,1,1,1,0,1,1,0,0,0,0,1,1,1,1,1,0,0,0,1,1,1,"I believe that my current position in life is more a result of the choices and actions I have taken rather than fate. Studying Building and Construction, playing handball, and coming from Wisconsin are all decisions I made or circumstances I actively pursued. I believe in taking responsibility for my own path and making the most of opportunities that come my way. While external factors may play a role, I feel empowered to shape my own future through hard work and determination."
0.25035718650094,60,6,1,1,1,1,0,1,0,0,1,0,0,1,1,1,0,0,1,0,0,0,0,1,1,1,1,1,1,1,0,"I believe that where I am today is a combination of my hard work, the choices I've made, and the opportunities presented to me. While certain things may be out of my control, I believe in taking responsibility for my actions and striving towards my goals. Ultimately, I feel that I am the architect of my own destiny and am working towards shaping my future in a positive way."
0.250439416242744,60,4,0,0,0,0,0,0,0,0,0,1,0,1,1,1,0,0,1,1,1,1,0,0,1,1,0,1,1,0,1,"I believe that fate plays a minimal role in my current position in life. I am a firm believer in hard work and determination. My passion for research in chemistry drives me to constantly seek new opportunities for growth and learning. Coming from Hawaii has shaped my perspective, but ultimately, I believe that my actions and choices have had the most significant impact on where I am today."
0.251201978480605,60,6,1,1,1,0,0,0,0,1,1,1,0,0,1,1,1,0,0,1,0,0,0,1,1,1,1,1,0,1,1,"I believe that fate plays a small role in where I am now, but ultimately, my choices and actions have had a bigger impact. Studying Pharmacy was a decision I made based on my interests and goals. Growing up in Illinois shaped my experiences, but my dedication to my education and passion for video games have driven me to where I am today. While external factors may have influenced me along the way, I believe that my determination and hard work have been the main factors in shaping my current position in life."
0.271031413702317,60,5,1,0,0,0,1,0,0,0,0,1,0,0,0,1,0,1,0,0,1,1,0,0,1,1,1,0,1,0,1,"I believe that my current position in life is more a product of my own choices, actions, and hard work rather than fate. I am determined to pursue my passions in biology and aerospace, shaping my own future."
0.276863444394476,60,4,0,1,1,0,0,0,1,0,0,0,0,1,1,1,0,1,0,0,0,0,1,1,1,1,0,0,0,0,0,"I believe that where I am today is a result of a combination of hard work, determination, and opportunities presented to me. While external factors may play a role, I feel that my efforts and choices have had a significant impact on shaping my path. I believe in taking control of my own destiny and creating my future through my actions and decisions."
0.276954706800278,60,4,1,0,1,1,0,1,1,0,1,0,0,0,0,1,0,1,1,0,0,0,0,0,0,1,0,1,0,1,0,"I believe that my current position in life is influenced by a combination of hard work and opportunities that have come my way. While I think there are some elements of fate at play, I feel empowered to shape my own future through my choices and actions. Being proactive in pursuing my goals, whether in my studies or videography projects, has allowed me to progress and grow in various areas of my life."
0.277614714482997,61,3,1,1,1,0,0,0,0,0,0,1,0,0,1,1,0,1,0,0,0,0,0,1,0,1,0,1,1,1,1,"I believe that my current position in life is largely a result of my hard work, determination, and the choices I have made along the way. While external factors may play a role, I believe that I have the power to shape my own destiny through my actions."
0.28050663758419,61,4,1,1,1,0,0,1,0,0,1,1,0,1,0,1,0,1,1,0,0,0,0,0,0,1,1,0,1,0,0,"I believe that my current position in life is a result of a combination of hard work, determination, and seizing opportunities as they come my way. While I acknowledge that external factors beyond my control may play a role, I ultimately feel empowered to shape my own future through my actions and decisions. I strive to take responsibility for my choices and actively work towards achieving my goals, rather than leaving things up to chance or fate. By pursuing my passion for engineering and dedicating time to my phonecard collection hobby, I am actively shaping my own path in life."
0.280534179420963,61,4,0,1,0,0,0,1,1,0,1,1,0,0,1,1,1,1,1,1,0,0,0,1,0,1,0,0,0,1,1,"I believe that my current position in life is a result of a combination of hard work, determination, and the choices I have made along the way. While I acknowledge that external factors can play a role in shaping our paths, I firmly believe that we have the power to influence our own destinies through our actions and decisions. Literature has taught me that we are the authors of our own stories, and I am constantly striving to write a narrative that reflects my values and aspirations."
0.280555468042119,61,3,0,0,1,0,0,0,1,1,1,0,0,0,1,0,1,1,0,1,0,1,0,0,0,1,1,1,1,1,0,"I believe that where I am today is a combination of hard work, opportunities, and a bit of luck. Growing up in California has definitely shaped my interests, like beachcombing. Studying International Relations was my choice, and I've worked hard to get where I am. While I acknowledge that external factors play a role, I feel empowered to make my own choices and shape my future."
0.281858708914205,61,6,1,1,1,0,0,0,1,0,0,1,0,1,0,1,1,0,0,0,1,1,1,0,0,0,1,0,0,0,1,"I believe that my current position in life is a result of a combination of hard work, determination, and the choices I have made along the way. While I acknowledge external factors can play a role, I feel empowered to shape my own destiny through my actions and decisions. Ultimately, I believe in taking responsibility for my own path and creating opportunities for myself in the future."
0.284144790839527,61,5,1,1,1,1,1,1,1,1,0,0,0,1,0,0,0,0,1,0,0,0,0,0,0,1,1,0,1,1,1,"I believe that where I am now is a result of my own hard work, decisions, and opportunities I've pursued. While fate may play a role in some aspects, I feel empowered to shape my own future through my actions and choices."
0.28474608358511,61,4,1,0,1,0,1,0,1,1,1,0,0,1,1,1,1,1,1,0,0,0,0,0,1,1,0,1,0,1,1,"I believe that my current position in life is a result of a combination of hard work, dedication, and the opportunities I've been fortunate enough to encounter. While I do think some things are out of my control, I also believe in taking ownership of my choices and actions."
0.29095044888867,61,5,1,0,1,0,0,1,0,1,0,1,1,0,1,1,1,0,1,0,1,0,0,0,1,1,0,1,0,1,1,"I believe that my current position in life is largely a result of my own choices and actions. While external factors may play a role, I feel empowered to shape my own future through hard work and determination. I take responsibility for my decisions and believe that I have the ability to create my own path."
0.291461671843621,61,5,1,1,1,0,0,0,1,0,0,1,0,1,0,1,0,1,0,0,0,1,1,1,0,1,1,1,1,1,0,"I believe that fate plays a minor role in shaping my current position in life. I attribute most of my achievements and setbacks to my own decisions and actions. While external factors like luck and opportunities can play a part, I ultimately feel in control of my destiny. My faith in my abilities and hard work are what drive me forward, rather than relying on fate to determine my path."
0.295386702817675,61,4,1,0,1,0,0,1,0,0,1,1,0,1,1,1,0,1,1,0,1,1,0,0,1,0,0,1,0,0,1,"I believe that where I am today is a combination of hard work, opportunity, and the choices I've made along the way. While I acknowledge that some things are out of my control, I try to focus on what I can influence and take responsibility for my actions. I believe in shaping my own future through my decisions and efforts rather than solely relying on fate to determine my path."
0.296753257603896,62,7,1,1,1,1,1,0,1,1,0,1,0,1,1,0,1,0,1,1,1,0,0,0,1,1,0,1,0,1,0,"I believe that my current position in life is a result of a combination of fate and my own choices and actions. While I think that certain things are out of my control, such as where I was born or certain life events, I also believe that I have the power to shape my own future through hard work and determination. My passion for chemistry and meteorology has driven me to pursue my studies and make the most of the opportunities that come my way. So, while fate may play a role in certain aspects of my life, I am a firm believer in taking control and actively shaping my own path."
0.297622470057959,62,4,1,0,1,0,0,0,1,0,0,1,0,1,1,1,0,1,0,0,0,1,0,0,0,0,1,0,1,1,0,"I believe that while fate may play a role in some aspects of my life, ultimately it is my own actions and decisions that have brought me to where I am today. I am in control of my future and have the power to shape my own destiny through hard work and determination."
0.29781444476478,62,6,1,1,1,0,1,1,1,0,1,1,1,1,1,1,0,0,1,0,0,0,0,0,0,1,1,1,1,1,1,"I believe that where I am in life is a result of a combination of hard work, determination, and the choices I have made along the way. I have always been driven to succeed and have put in the effort to pursue my passion for pharmacy. While I acknowledge that external factors play a role, such as opportunities and circumstances, I firmly believe that my actions and decisions have been instrumental in shaping my current position. Overall, I see fate as just one piece of the puzzle, with my own efforts and choices playing a significant role in where I am today."
0.304597157988807,62,6,1,1,0,0,1,1,0,1,0,0,0,0,1,1,1,0,1,0,1,0,0,1,1,1,1,0,0,1,1,"I believe that my current position in life is more a result of my hard work, determination, and choices rather than fate. I have actively pursued my education in Engineering Technicians, honed my debating skills, and strived to achieve my goals. Growing up in Maryland has shaped me, but I believe that I have the power to shape my own future through my actions and decisions."
0.30636559292653,62,6,1,1,1,0,0,0,0,0,1,1,0,1,1,1,0,1,0,0,1,0,0,0,1,1,1,1,1,0,1,"I believe that my current position in life is a combination of fate and my own actions. While certain opportunities may have come my way due to external factors, I have also worked hard to pursue my passion for Economics and marching bands. Being from Colorado has shaped my perspective, but ultimately, I believe in taking control of my own destiny and making the most of the chances that come my way."
0.307369157324851,62,3,0,1,0,0,0,1,0,1,0,1,0,1,1,1,0,1,1,0,0,0,1,0,1,1,0,1,1,1,0,"I think fate definitely plays a role, but I believe that I have the power to shape my own future through hard work and determination. Everything happens for a reason, but it's up to me to make the most of the opportunities that come my way. I am a firm believer in taking control of my own destiny and not just leaving it up to chance. Ultimately, I believe that my choices and actions have a significant impact on where I am in life."
0.308613229115618,62,6,1,0,0,0,0,0,1,1,0,1,1,1,0,1,0,1,0,0,0,1,0,1,1,1,1,0,1,0,1,"I think fate plays a minor role in where I am today. While some things may be out of my control, I believe my actions and decisions have had a significant impact on shaping my current position. Studying Psychology and collecting comic books have been conscious choices that have influenced my path. Being from Oregon also plays a part in my identity and experiences. Overall, I feel empowered to steer my own course in life."
0.309400993013773,62,7,1,1,1,0,0,1,1,0,1,1,1,0,1,1,0,0,0,1,1,1,0,0,0,1,0,1,0,1,0,"I believe that my current position in life is a result of a combination of factors. While I recognize that external circumstances and opportunities play a role, I also believe in the power of my choices and actions. Studying Anthropology and Sociology has taught me to appreciate the complexities of human behavior and society, which has influenced my perspective on fate. I am fascinated by railway studies because it offers insights into how systems and connections shape our world. Being from California has also shaped my experiences and values. Overall, I see my journey as a blend of fate and personal agency."
0.310671694488914,62,2,0,0,1,0,1,0,0,0,0,1,0,0,1,1,1,1,1,1,0,0,0,1,0,1,0,0,1,1,0,"I believe that my current position in life is not solely determined by fate. While external factors may play a role, I believe that my choices, actions, and efforts have a significant impact on where I am today. By studying Philosophy and pursuing my passion for radio-controlled models, I am actively shaping my own path and striving towards my goals."
0.312971787299056,62,5,1,1,1,0,1,1,1,0,1,1,0,0,1,1,0,1,0,0,0,1,0,1,1,1,0,0,0,1,1,"I believe that where I am in life right now is a combination of hard work, determination, and a little bit of luck. I've always had a passion for architecture and I've worked tirelessly to pursue my dreams. Growing up in Mississippi, sledding was a rare treat, but it taught me the importance of enjoying the moments of joy life brings. I think fate may play a role in guiding us towards certain opportunities, but ultimately, it's up to us to seize them and make the most of them."
0.315315789420877,63,4,1,0,1,0,1,1,1,1,1,0,0,1,0,1,0,1,1,0,1,1,0,1,0,1,0,0,0,1,1,"I believe that my life is a result of the choices and actions I've taken. While external factors may play a role, ultimately, I feel empowered to shape my own destiny through hard work and determination. My passion for film and photography, love for crystals, and the drive to succeed have all been choices I've made that have brought me to where I am today. I embrace the opportunities that come my way and strive to make the most of them."
0.318829051745211,63,6,1,1,1,1,1,1,0,1,0,1,1,0,0,0,1,0,0,1,0,0,1,1,0,1,1,1,0,0,0,"I think fate certainly plays a role in shaping our lives, but I also believe that my actions and choices have a significant impact on where I am today. Studying Food and Nutrition, collecting action figures, and being from Texas are all parts of who I am, but how I navigate and work towards my goals is ultimately up to me. I believe in taking charge of my own destiny and making the most of the opportunities that come my way."
0.319213077598055,63,5,1,1,0,0,0,1,1,1,0,1,1,1,1,0,0,0,1,0,0,1,0,1,1,1,0,0,0,1,1,"I believe that my current position in life is shaped by a combination of fate and my own actions. While I recognize that certain events may be beyond my control, I firmly believe that my choices and efforts play a significant role in determining my path. Being a student of Performing Arts has allowed me to explore my passion and abilities, while my love for rafting has taught me the importance of perseverance and adaptability. Growing up in Virginia has also influenced my perspective and goals. Ultimately, I see life as a dynamic interplay between fate and personal agency."
0.322975265278638,63,3,1,0,1,0,0,1,0,1,1,1,0,0,0,1,0,1,0,0,0,0,0,1,1,1,0,1,1,1,1,"I believe that where I am today is a result of the choices I've made and the hard work I've put in. I've always been determined to achieve my goals, from pursuing a career in Protective Services to dedicating myself to weightlifting. Being from Virginia has shaped my values and perspective, but ultimately, I believe that my actions and decisions have had the most impact on where I am now. I like to take control of my own destiny and work towards creating the future I want for myself."
0.323811516555924,63,4,1,0,1,0,1,0,0,1,1,1,0,0,1,1,0,1,1,0,1,1,0,0,1,1,0,1,1,1,1,"I believe that fate plays a role in my life, but I also think that my actions and decisions have a significant impact on where I am today. While I acknowledge that certain things may be out of my control, such as where I was born or the family I was born into, I also believe that my choices and efforts have shaped my path. Studying Music and pursuing my passion for marbles are decisions that I have actively made to guide my future. So, while fate may have a hand in some things, I believe that my determination and hard work have been crucial in getting me to where I am now."
0.328081597562381,63,2,1,0,1,0,1,0,0,0,1,1,0,1,1,1,0,0,0,0,0,0,0,0,0,1,0,1,0,1,1,"I believe that while fate may play a role in some aspects of my life, my choices and actions have had a significant impact on where I am today. Studying Culinary Arts, pursuing my love for magic, and being from Georgia are all choices that have shaped my current position."
0.330065387625014,63,2,1,0,1,0,0,1,0,0,1,0,0,0,0,1,0,0,0,0,0,1,0,0,0,1,0,0,1,1,1,"I believe that my current position in life is a result of a combination of hard work, determination, and the choices I've made along the way. While I acknowledge that external factors can play a role, I ultimately feel empowered to shape my own destiny through my actions and decisions. Sailing has taught me to navigate challenges and take control of my path, reinforcing my belief in personal agency."
0.332489233097263,63,8,1,1,0,0,0,1,1,1,0,1,0,0,1,1,0,1,0,1,1,1,0,0,1,1,1,1,1,1,0,"I believe that where I am now is a result of a combination of hard work, choices I've made, and opportunities that have come my way. I don't think everything is predetermined by fate, but rather influenced by the efforts I put in and the decisions I make. I try to take control of my own path and shape my future by actively pursuing my goals and passions. Ultimately, I believe I have the power to create my own destiny, rather than relying solely on fate to determine my path in life."
0.332510598878035,63,6,1,1,1,0,1,0,1,1,1,1,0,0,1,1,0,0,1,1,1,1,0,0,0,1,0,1,0,1,1,"I believe that my life's path is shaped by a combination of fate and my own choices. While certain events may have been predetermined, I also believe that my decisions and actions have led me to where I am today. Studying Arts Management and my passion for Renaissance fairs are a testament to the choices I've made. Being from Hawaii adds a unique perspective to my experiences. Ultimately, I think fate may play a role, but it's up to me to make the most of the opportunities presented to me."
0.341369527198302,63,5,1,1,1,0,1,1,0,1,0,0,1,1,1,1,0,0,1,0,0,1,1,0,0,1,1,0,1,0,1,"I believe that fate plays a role in shaping our lives, but ultimately, it is our own choices and actions that determine where we end up. As a 29-year-old male Art student from Tennessee who loves trade fairs, I feel that my passion for my field and my willingness to put in the effort to succeed have been major factors in my current position. While external circumstances may influence us, I believe that taking control of our own destiny is essential in achieving our goals and fulfilling our potential."
0.343010709527258,64,5,1,1,1,0,0,1,1,1,1,0,0,1,1,1,0,1,0,0,0,1,0,1,1,1,0,0,1,1,1,"I believe that while certain things may be out of my control, like external circumstances and chance events, my choices and actions have played a significant role in where I am today. I have worked hard to pursue my studies in Dental Studies and have actively engaged in my passion for survivalism. Growing up in Michigan has definitely influenced my interests and goals. Overall, I feel that my determination and efforts have been key factors in shaping my current position in life."
0.345333460301186,64,6,1,0,1,0,1,0,1,0,0,0,1,0,1,1,1,1,1,0,0,0,0,1,1,1,1,0,1,1,1,"I believe that my current position in life is a result of a combination of hard work, determination, and a bit of luck. Growing up in Texas, I was exposed to sports like netball, which fueled my passion for physical activity and eventually led me to study Kinesiology and Physical Therapy. I've always been driven to succeed and push myself to achieve my goals. While I acknowledge that external factors can play a role in shaping our paths, I firmly believe that taking control of our own choices and actions is crucial in determining where we end up in life."
0.345390802723714,64,6,1,0,1,0,0,0,0,1,1,1,0,1,0,1,0,0,0,1,1,0,0,1,1,1,1,0,0,1,1,"I believe that where I am today is a result of the choices I've made and the effort I've put into my studies and hobbies. I don't attribute it to fate but rather to my own actions and decisions."
0.346154866735906,64,5,0,1,1,0,0,1,1,0,1,1,0,1,0,1,0,1,1,0,1,0,0,1,0,1,1,1,0,1,1,"I don't really see life as predetermined by fate. I believe that my choices, actions, and hard work have played a significant role in where I am today. Studying Criminal Justice and pursuing my passion for motor sports have been conscious decisions that have shaped my path. Being from Pennsylvania has definitely influenced my experiences, but ultimately, I think I have the ability to control and direct my own future."
0.347430309740475,64,6,1,1,1,0,0,0,1,0,1,0,0,0,1,1,0,0,0,0,0,0,0,0,1,1,1,1,1,1,1,"I believe that my current position in life is a result of a combination of hard work, dedication, and opportunities that I have actively pursued. While there may be some aspects outside of my control, I feel empowered to shape my own future."
0.349209604776368,64,4,0,1,1,0,1,0,1,0,1,1,0,1,1,1,0,1,1,0,0,0,1,1,0,0,1,1,1,1,1,"I don't really believe that fate determines everything in my life. I think my choices, hard work, and determination play a big role in where I am today. I have always been passionate about nursing and breakdancing, so I made a conscious decision to pursue those interests. Being from Georgia has shaped my values and perspectives, but ultimately, I believe I have the power to create my own path. I am in control of my future and I am determined to make the most out of it."
0.350401342040909,64,7,1,1,1,0,1,0,1,0,0,1,0,0,1,1,0,1,1,1,1,0,0,0,1,1,0,1,1,1,1,"I believe that where I am now is a result of hard work, determination, and the choices I've made. While external factors may play a role, I feel empowered by my ability to shape my own path through my actions and decisions. Chess has taught me the importance of strategy and thinking ahead, which has influenced how I approach life in general."
0.353530534444102,64,5,1,1,1,0,0,0,1,0,1,1,0,1,1,1,1,0,0,0,0,1,1,0,0,1,1,1,1,1,0,"I believe that my current position in life is a result of a combination of hard work, determination, and the choices I have made along the way. While I acknowledge that external factors and unforeseen events have played a role in shaping my path, I ultimately believe that my decisions and actions have had the greatest impact on where I am today. I have always strived to take control of my own destiny and create opportunities for myself, rather than relying solely on luck or fate. By taking responsibility for my choices and working towards my goals, I believe I have been able to shape my own future."
0.354182453819286,64,3,0,1,1,0,1,1,0,1,1,0,0,0,1,1,0,0,1,0,0,0,0,1,0,1,1,0,1,1,0,"I believe that where I am today is a combination of hard work, determination, and some lucky breaks along the way. I've put in the effort to pursue my passion for Agricultural Sciences and I believe that has played a big role in my current position. While I acknowledge that certain things may be out of my control, I try to focus on what I can influence and make the most of those opportunities."
0.354353288937352,64,3,0,0,1,0,1,1,1,1,1,1,0,0,0,1,1,1,0,0,1,0,0,1,0,1,0,0,0,1,1,"I believe that my current position in life is a result of a combination of hard work, opportunities, and personal choices. While external factors may play a role, I ultimately feel empowered to shape my own path and future."
0.354995407458858,65,4,1,1,1,0,1,1,1,0,1,1,0,0,0,1,1,1,0,0,0,0,0,0,0,1,0,1,1,1,1,"I personally feel that my current position in life is more a result of the choices I've made rather than fate. I believe that the decisions I've made, the effort I've put into my studies, and the opportunities I've pursued have all played a significant role in where I am today. While external factors may have influenced certain aspects of my life, I ultimately believe that I have the power to shape my own future through my actions and decisions."
0.357510224604142,65,6,1,1,1,0,1,1,0,0,0,0,1,1,1,1,1,1,0,1,1,1,0,0,0,1,0,1,0,1,0,"I believe that fate plays a role in guiding me towards opportunities, but ultimately it is my own actions and decisions that shape my path. Being proactive in pursuing my passions, like film and photography, has allowed me to create my own opportunities and work towards my goals. While external factors may influence my journey, I have the power to steer my own course."
0.361971236190409,65,5,1,1,1,0,0,1,0,0,1,1,1,0,1,1,0,0,0,0,0,1,0,0,1,1,0,1,1,1,0,"I believe that my current position in life is a result of a combination of hard work, opportunities, and a little bit of luck. While I do think that some things are beyond my control, I also believe that I have the power to shape my own destiny through my choices and actions. My passion for performing arts, love for collecting books, and determination to succeed have all played a significant role in where I am today. Ultimately, I believe that fate may set the stage, but it is up to me to write my own story."
0.366331313267191,65,3,1,0,1,0,1,1,1,0,1,1,0,1,0,1,0,0,1,0,0,0,0,1,0,1,0,0,1,1,1,"I believe that my current position in life is a result of a combination of hard work, dedication, and the choices I have made along the way. While I understand that some things may be out of my control, I firmly believe that I have the ability to shape my own destiny through my actions and decisions. I am passionate about pursuing a career in Engineering Technicians and indulging in my love for butterfly watching, both of which have played a significant role in where I am today. Being from Michigan has also influenced my experiences and opportunities, but ultimately, I believe in taking control of my own path."
0.367183979914359,65,7,1,1,1,0,0,1,1,0,0,0,1,0,1,1,0,1,0,1,1,0,0,0,0,1,0,0,1,1,1,"I believe that my current position in life is a result of a combination of hard work, determination, and the choices I have made along the way. While external factors may play a role, I am confident that my actions and decisions have contributed significantly to where I am today. I believe in the power of taking control of my own destiny and shaping my future through my efforts and dedication."
0.369316720757582,65,5,1,0,0,0,1,0,1,0,0,1,0,0,1,1,0,0,1,0,1,0,1,0,1,1,0,0,0,1,0,"I believe that my current position in life is a result of a combination of hard work, determination, and the opportunities presented to me. While I acknowledge that external factors can play a role, I also believe that my own actions and choices have ultimately led me to where I am today. Wrestling has taught me the importance of perseverance, which has greatly influenced my outlook on life."
0.371865608929855,65,4,1,1,1,0,1,0,0,0,0,1,1,1,0,1,0,0,1,0,0,1,0,0,0,1,0,1,1,1,1,"I believe that where I am today is a result of a combination of hard work, determination, and opportunities that I've been fortunate enough to come across. While I do think that certain things may be out of my control, I believe that I have the ability to shape my own path through the choices I make and the effort I put into achieving my goals. Skiing has taught me that success often comes from pushing myself and taking risks, rather than waiting for things to just happen to me."
0.372210157758016,65,5,1,0,1,0,0,0,1,1,1,0,0,1,0,1,0,0,1,0,1,0,0,1,1,1,0,1,1,1,1,"I believe that my current position in life is shaped by a combination of internal drive and external circumstances. While I acknowledge that there are elements beyond my control, such as where I was born or unexpected events, I also believe that my actions and decisions play a significant role in shaping my path. By studying Psychology, I am learning how the mind influences behavior and outcomes, empowering me to take control of my future. My love for slacklining has taught me the importance of balance, perseverance, and focus, qualities that have helped me navigate challenges and seize opportunities. Overall, I believe that fate may set the stage, but it is up to me to write my own story."
0.373483121632429,65,7,1,1,1,1,0,0,0,1,1,1,0,0,1,1,0,1,1,0,1,1,0,0,1,1,1,1,1,1,1,"I believe that my current position in life is a result of a combination of my choices, opportunities, and circumstances. While I acknowledge that certain things may be out of my control, I also recognize the impact of my actions and decisions in shaping where I am today."
0.375844801396037,65,7,1,1,1,1,0,1,0,0,0,1,0,1,1,1,0,0,1,0,1,1,0,0,1,1,1,1,1,0,0,"I believe that the path I'm on is a combination of hard work, determination, and seizing opportunities. While I acknowledge that certain external factors play a role, I ultimately feel empowered to shape my own destiny. My passion for Performing Arts and blacksmithing drives me to continue pushing myself towards my goals, regardless of any obstacles that may come my way."
0.379156298720465,66,4,0,1,1,0,0,1,1,0,0,1,0,0,1,1,0,0,1,1,0,0,0,1,0,0,0,0,0,1,1,"I believe that my current position in life is more about the choices I've made rather than fate. I work hard in my studies and cheerleading, and I believe that my efforts and dedication have brought me to where I am today."
0.38324619345796,66,5,1,1,1,0,0,1,0,0,1,1,0,1,0,1,0,1,1,0,0,0,0,0,1,1,1,0,1,1,1,"I believe that my current position in life is mostly a result of my own choices and actions. I have worked hard to pursue my passion for building and construction, and I am determined to succeed in my field. While I acknowledge that external factors may play a role, I believe that my efforts and decisions have had the biggest impact on where I am today."
0.384040990104502,66,4,0,1,0,0,1,1,0,1,1,0,0,1,1,1,0,1,1,1,0,0,1,0,0,0,1,1,1,0,1,"I believe that while some things may be out of my control, my actions and decisions have played a significant role in where I am today. I believe in taking responsibility for my choices and working hard to achieve my goals. Fate may play a role, but ultimately, it is up to me to shape my own future."
0.385309898128707,66,7,1,1,1,0,0,1,1,0,1,1,0,0,1,1,0,1,1,0,1,0,0,0,1,1,1,1,0,1,1,"I believe that where I am today is a combination of hard work, opportunities, and the choices I've made along the way. I don't think everything is predetermined by fate, but rather a mix of circumstances and my own actions. I've always been driven and motivated to pursue my passion for food and nutrition, and that has undoubtedly played a significant role in where I am now. Additionally, being a part of marching bands has taught me discipline and teamwork, which has further shaped my path. Overall, I see my current position as a result of both fate and my own efforts."
0.387778134612044,66,4,1,1,1,0,0,1,0,0,0,1,0,1,1,1,0,1,0,0,0,0,1,0,1,1,0,1,1,1,1,"I believe that my current position in life is a result of a combination of hard work, determination, and the choices I've made along the way. While there may be external factors at play, ultimately, I feel like I have control over my own destiny."
0.393399663605137,66,5,1,1,1,0,0,1,0,0,1,1,0,0,0,1,1,1,0,1,0,0,0,0,1,1,0,0,0,1,1,"I believe that fate plays a small role in shaping my current position in life. While external factors may influence opportunities that come my way, I ultimately believe that my actions and decisions have a greater impact on where I am today. Studying Anthropology and Sociology has taught me to appreciate the complexities of human behavior and society, leading me to understand the importance of personal agency. My passion for railway studies and my dedication to my studies reflect my drive to pursue my interests and shape my own path. Being from New York has also exposed me to diverse experiences and perspectives that have influenced my journey."
0.395502658880387,66,7,1,1,0,1,0,0,0,0,0,1,0,1,0,1,1,1,1,1,1,1,0,1,0,1,1,0,1,1,0,"I don't believe in fate determining my life path. I think my decisions and actions have led me to where I am today. Studying Environmental Science and engaging in debates are choices I've made based on my interests and goals. Being from Minnesota has shaped my perspective, but ultimately, I believe in taking responsibility for my own journey."
0.395860690243955,66,4,0,1,0,0,0,1,0,1,1,1,0,1,1,1,0,1,1,1,0,0,1,0,0,1,1,0,1,0,1,"I think fate plays a small role in my life, but ultimately, my choices and actions have a bigger impact on where I am today. I believe in taking control of my own future and making things happen through hard work and determination."
0.395983954022228,66,6,1,1,0,0,1,1,1,0,1,1,1,1,1,1,0,1,0,1,0,1,0,1,0,1,0,0,1,1,0,"I believe that my current position in life is a result of a combination of hard work, dedication, and some elements of luck. While I acknowledge that external factors may play a role, I am confident that my choices and actions have had a significant impact on where I am today. I am grateful for the opportunities that have come my way and will continue to strive towards achieving my goals in Agricultural Sciences and sand art."
0.396873827910451,66,5,0,1,1,0,0,1,0,0,1,1,1,0,1,1,1,1,0,1,1,0,0,0,0,1,0,0,0,1,1,"I believe that my choices and actions have played a significant role in where I am today. While external factors may influence me, ultimately, I feel empowered to shape my own destiny and work towards my goals in Criminal Justice and survivalism."
0.400924746745467,67,6,1,0,0,0,1,1,1,1,1,1,0,1,1,1,0,0,0,1,1,0,0,0,0,0,1,1,1,1,1,"I believe that my current position in life is a result of my choices, efforts, and determination. While external factors may play a role, ultimately, I am the one responsible for shaping my own future."
0.4087779676214,67,4,0,0,1,0,0,1,1,0,1,0,0,1,1,1,0,0,0,0,0,1,1,0,1,1,1,1,0,1,0,"I believe that my current position in life is a result of a combination of fate and personal choices. While certain opportunities and circumstances may have been out of my control, I have actively pursued my interests in Political Science and billiards, shaping my path in a deliberate way. Being from Georgia has also influenced my experiences and perspectives. Overall, I see fate as a guiding force that presents me with opportunities, but it is ultimately up to me to make the most of them through my own actions and decisions."
0.410594042287725,67,4,1,1,1,0,1,1,0,0,1,1,0,1,0,1,0,0,1,0,1,1,1,1,0,1,0,0,0,1,1,"I don't really believe in fate determining my current position in life. I think that my choices, hard work, and dedication to my studies in Culinary Arts have played a big role in where I am today. I believe that I have the power to shape my own future through my actions and decisions. I'm always up for a good challenge, whether it's in the kitchen or on the laser tag field, and I think that mindset has helped me overcome obstacles and achieve my goals."
0.410769460586828,67,5,1,1,1,1,1,1,0,1,0,1,0,0,1,0,0,0,1,1,0,1,1,1,1,1,0,0,1,1,1,"I believe that fate plays a role in shaping our lives, but ultimately it is our own decisions and actions that determine where we end up. Studying math and loving poker have been choices I've made, leading me to where I am today. Being from New Jersey has influenced me, but it's my hard work and dedication that have gotten me this far. I believe in taking control of my own destiny and making the most of the opportunities that come my way."
0.412177783689108,67,5,1,1,0,0,1,0,0,0,1,1,0,1,1,1,0,0,1,1,0,0,1,0,1,1,0,0,1,1,1,"I believe that where I am today is a result of a combination of hard work, determination, and seizing opportunities that have come my way. While I do believe in fate to some extent, I think that ultimately, my actions and choices have played a significant role in shaping my path. Being in control of my own destiny is empowering, and I strive to continue making decisions that will lead me towards my goals in both my culinary arts studies and my passion for antiquities."
0.4170211324172,67,6,1,1,1,0,1,0,1,0,0,1,0,1,1,1,0,1,0,0,0,0,0,1,1,1,1,1,1,1,1,"I believe that my current position in life is a result of a combination of hard work, determination, and opportunities that I have been fortunate enough to encounter. While I acknowledge external factors play a role, I feel that my actions and choices ultimately shape my path."
0.426546751972905,67,6,1,1,0,1,1,0,1,0,1,1,0,1,1,1,0,1,0,0,0,1,0,0,1,1,0,1,0,1,1,"I believe that where I am right now is a mixture of hard work, determination, and opportunities that have come my way. While I do acknowledge the role of external factors, I think my choices and efforts have played a significant part in shaping my path. I like to think that I am in control of my own destiny and can steer it in the direction I desire."
0.433759973065653,67,5,1,1,0,0,1,1,0,0,1,0,0,1,0,1,1,1,1,0,1,0,1,0,1,1,0,1,1,1,1,"I believe that my current position in life is a result of a combination of hard work, determination, and the choices I have made along the way. While I do think that certain things may be out of my control, such as unexpected events or circumstances, I ultimately believe that I have the power to shape my own path and create opportunities for myself. By pursuing my interests in Business and Management and martial arts, I am actively working towards my goals and making the most of the opportunities that come my way."
0.433946378306705,67,6,1,0,1,1,0,1,1,0,1,0,1,0,1,1,0,1,1,0,0,1,1,1,1,1,0,1,1,1,1,"I don't see my current position in life as solely determined by fate. I believe that I have the ability to make choices and take actions that influence where I am today. While external factors may play a role, I think my decisions and efforts have a significant impact on my path. I take responsibility for my successes and setbacks, and strive to continue learning and growing in my journey through studying Psychology and pursuing my passion for baking."
0.438990700891274,67,5,1,0,1,0,1,1,0,1,0,1,1,1,1,0,0,0,1,1,0,1,0,0,1,1,1,1,1,1,1,"I believe that where I am today is a result of a combination of hard work, determination, and seizing opportunities. While I acknowledge that external factors can play a role in shaping our paths, I firmly believe that our choices and actions ultimately determine our outcomes. I am driven to succeed in my engineering studies and pursue my passion for go, knowing that my efforts and decisions are key in shaping my future. Being from Michigan has certainly influenced my perspective, but I am determined to carve my own path through my actions and decisions."
0.448274583847017,68,6,1,0,1,1,0,1,0,0,0,1,1,0,1,1,1,0,1,1,1,0,0,0,0,1,0,1,1,0,1,"I believe that fate plays a minor role in where I am today. While certain opportunities may have come my way by chance, I have worked hard and made intentional decisions to pursue my passion for design and photography. Being from Utah has shaped my perspective, but my determination and efforts have been key in getting me to where I am now."
0.456144274318874,68,6,1,1,0,1,1,1,1,0,0,0,0,1,1,1,0,0,1,1,0,0,1,1,0,1,0,0,1,1,0,"I believe that my current position in life is a combination of hard work and opportunities that have come my way. I don't think everything is predestined, but I do believe in making the most of the chances that present themselves. I have actively pursued my studies in Religious Studies and my passion for mountaineering has opened up new experiences and challenges that have shaped my life journey."
0.45730941264491,68,4,1,0,1,0,0,0,0,1,1,1,1,0,1,1,0,0,0,0,0,1,1,0,0,1,1,1,1,1,0,"I believe that my current position in life is a result of hard work, determination, and the choices I've made along the way. While external factors play a role, I feel empowered to shape my own destiny through my actions and decisions."
0.458109958073244,68,7,0,0,1,1,1,1,1,1,0,1,1,0,1,1,1,1,1,0,1,1,0,0,1,1,1,1,1,1,1,"I believe that my current position in life is largely shaped by the choices and actions I have taken. While I acknowledge that external factors can play a role, such as where I was born or my family circumstances, ultimately I feel empowered to create my own path through hard work and determination. I see life as a series of opportunities to seize rather than predetermined fate."
0.459230567530887,68,5,1,1,1,1,0,1,0,0,1,1,0,1,1,1,0,0,1,0,1,1,1,1,0,1,0,1,0,1,1,"I believe that my current position in life is a result of a combination of hard work, determination, and the choices I have made along the way. While I acknowledge that external factors can play a role, I firmly believe that I have the power to shape my own destiny through my actions and decisions."
0.462135605743469,68,3,0,1,1,0,0,1,1,0,0,1,0,1,1,1,0,1,1,0,0,1,1,1,0,1,0,1,0,1,1,"I truly believe that my current position in life is a result of a combination of hard work, determination, and the choices I've made along the way. While I acknowledge that external factors play a role in shaping opportunities, I feel empowered to take control of my own path and create my own destiny. Whether it's pursuing my passion for film and photography, enjoying dog walks in the beautiful Oregon landscape, or navigating life's challenges, I trust in my ability to make choices that lead me towards my goals."
0.464234967206475,68,3,0,0,0,0,0,0,1,0,0,1,0,0,1,1,0,1,1,0,0,1,0,1,1,1,0,0,1,1,1,"I believe that where I am today is a combination of hard work, perseverance, and a bit of luck. I think that we have the power to shape our own destinies through our actions and decisions. While external factors may play a role, ultimately, I believe that I am in control of my own path and have the ability to make choices that will lead me to where I want to be."
0.464235949074724,68,6,1,1,1,0,1,0,0,1,1,0,1,1,1,1,0,0,0,0,0,0,0,1,1,1,1,0,1,1,1,"I believe that fate plays a minor role in where I am today. While external factors may influence opportunities that come my way, ultimately it is my own choices and actions that have led me to where I am. Studying Computer Science, pursuing my passion for shooting, and striving for success are all decisions that I have made based on my own interests and goals. I believe in taking control of my own destiny and shaping my future through hard work and determination."
0.465013269743906,68,3,1,0,0,0,0,1,1,0,0,1,0,0,0,0,0,1,1,0,0,0,0,1,1,1,0,0,1,1,0,"I believe that my current position in life is a result of a combination of hard work, opportunities, and the choices I've made along the way. While I do think that certain things may be out of my control, I also believe that I have the power to shape my own future through my actions and decisions. So, while fate may play a role in some aspects of my life, I ultimately feel empowered to create my own path and determine my own destiny."
0.465500673677587,68,4,1,1,1,0,0,1,0,1,1,0,0,0,0,1,1,0,1,0,0,0,0,0,1,1,0,1,1,1,1,"I believe that the opportunities and choices I've made have played a significant role in where I am today. While external factors can influence certain aspects of my life, ultimately I feel empowered to shape my own path. My passion for pharmacy and vintage cars has driven me to work hard and pursue my goals. Being from Georgia has also shaped my perspective and values. Overall, I believe that I have the ability to create my own destiny through my actions and decisions."
0.471471131430818,69,4,1,0,1,0,0,1,0,0,1,1,0,0,0,1,0,0,1,1,0,1,0,0,1,1,0,1,1,1,0,"I believe that my current position in life is not solely determined by fate. While external factors may play a role, I also recognize the impact of my actions, decisions, and hard work in shaping where I am today. Studying Biology and pursuing my passion for fitness have been deliberate choices that have led me to where I am now. In essence, I believe that a combination of fate and personal agency has influenced my current position in life."
0.473623148610951,69,6,0,1,1,0,1,1,1,1,1,1,0,1,1,1,1,1,0,1,1,0,0,0,1,1,0,0,1,1,1,"I believe that my current position in life is a result of a combination of my choices and external factors. While I acknowledge the role of fate in some aspects, I feel empowered by my ability to make decisions that shape my future."
0.479204196313373,69,4,0,1,1,0,0,1,0,0,1,1,1,1,0,1,0,1,0,0,1,0,0,1,0,1,0,0,1,1,1,"I believe that my current position in life is a result of a combination of my hard work, dedication, and choices I've made along the way. While external factors may have played a role, I feel empowered by the decisions I've made and the effort I've put in to get where I am today."
0.479764803816952,69,7,1,1,1,0,0,1,1,0,0,1,0,1,1,1,0,1,0,0,1,1,1,1,1,1,1,0,1,1,1,"I believe that my current position in life is shaped by a combination of hard work, determination, and the choices I've made along the way. While external factors may play a role, I firmly believe in taking ownership of my decisions and working towards my goals. Teaching is my passion, and studying Business and Management has provided me with the skills to pursue my dream career. Being from Minnesota has also influenced my values and work ethic. Overall, I see my path as a result of my actions and aspirations."
0.483920529272407,69,3,1,0,0,0,1,1,0,1,0,1,0,1,1,1,1,1,1,0,1,1,0,0,0,1,0,1,0,1,1,"I believe that my current position in life is a result of a combination of hard work, determination, and opportunities that I have been fortunate enough to come across. While I do believe that certain things are out of my control, such as external circumstances or unexpected events, I also believe that my choices and actions play a significant role in shaping my future. Through my dedication to my studies in Health Professions and my passion for taekwondo, I am actively working towards achieving my goals and creating the life I envision for myself. Fate may play a part, but ultimately, I believe in the power of personal agency and perseverance."
0.486130475673544,69,7,1,0,1,1,0,0,1,0,0,1,0,1,1,1,1,0,1,1,0,0,1,0,1,1,1,0,1,1,1,"I believe that where I am today is a result of a combination of hard work, determination, and seizing opportunities. While I recognize that external factors can play a role in shaping our paths, I firmly believe that our decisions and actions ultimately determine our outcomes. Running has taught me the value of perseverance and pushing through challenges, which has translated into my academic and professional pursuits. California has provided a beautiful backdrop for my journey, but it's been my drive that has propelled me forward."
0.489913276292319,69,6,1,0,1,1,0,1,1,0,1,1,0,1,0,1,0,0,1,0,1,0,0,0,1,1,0,1,0,1,1,"I believe that my journey so far has been influenced by a mix of fate and my own choices. While I acknowledge that some things may be out of my control, I also believe that the decisions I make and the effort I put in play a significant role in shaping my life. My passion for Chemistry and collecting buttons has driven me towards where I am today, and I am excited to see where my choices will lead me next."
0.491016368249669,69,1,1,0,1,0,1,1,0,1,0,1,0,1,1,0,1,1,0,0,0,1,0,1,0,1,0,0,1,1,1,"I believe that where I am today is a combination of hard work, determination, and opportunities that I've seized along the way. I don't think that fate alone has dictated my path. Instead, I feel that my choices and actions have played a significant role in shaping my current position in life. While external factors may have influenced certain outcomes, I believe that ultimately, I have the power to make decisions that impact my future. So, fate may have a role to play, but I believe that my efforts and choices have been crucial in getting me to where I am now."
0.492525286033468,69,7,1,0,0,0,0,1,0,0,1,1,1,1,1,1,0,0,1,1,1,0,0,0,1,1,1,1,1,1,0,"I don't really believe in fate determining my current position in life. I think my hard work and dedication to studying engineering technicians have played a significant role in where I am today. Additionally, my passion for biology has driven me to excel in my studies. Growing up in North Carolina has definitely influenced my interests and goals, but ultimately, I believe my actions and choices have led me to where I am now."
0.505256276642169,69,6,1,1,1,0,1,1,1,1,0,1,0,1,1,1,1,1,0,0,0,1,0,1,1,1,1,1,1,1,1,"I believe that where I am now is a combination of hard work, determination, and some luck along the way. I've put in the effort to pursue my passion for psychology and boxing, which has shaped my current path. While there are external factors at play, I ultimately feel that my actions and choices have played a significant role in getting me to where I am today."
0.509157935513207,70,4,1,0,1,0,1,1,0,1,1,1,0,1,1,1,1,1,1,0,1,0,0,0,1,1,0,1,0,1,1,"I don't think my current position in life is predetermined by fate. I believe that the choices I've made, the actions I've taken, and the effort I've put in have all played a significant role in where I am today. While external factors may influence opportunities and circumstances, ultimately, I believe that I have the power to shape my own future through my decisions and actions. I see life as a journey where I navigate through different possibilities, rather than being led by a predetermined destiny."
0.510732568888797,70,3,1,0,1,0,0,0,0,0,0,1,1,0,0,1,1,1,1,0,0,1,0,1,0,1,0,1,1,1,0,"I believe that fate plays a role in guiding me towards certain opportunities, but ultimately it is my own actions and decisions that have brought me to where I am today. Studying architecture and pursuing my passion for croquet are choices I have made based on my interests and goals. Being from Texas has shaped my identity, but it is my own determination and hard work that have allowed me to progress in my studies and personal development."
0.516743798269911,70,4,0,0,1,0,0,0,0,1,1,1,1,0,1,1,0,0,0,0,1,0,0,0,1,1,0,0,0,0,1,"I believe that fate plays a minor role in shaping my current position in life. While external factors may have some influence, I believe that my actions, decisions, and hard work have been the primary drivers of where I am today. I am a firm believer in taking control of my own destiny and actively shaping my future through my choices and efforts."
0.517464506389667,70,5,1,0,1,0,1,0,1,1,1,0,0,0,1,1,0,1,1,0,0,0,0,1,1,1,1,1,1,1,1,"I believe that fate plays a small role in where I am today, but the majority of it is due to my own hard work, dedication, and decisions. I have actively pursued my passion for Veterinary Studies and Model United Nations, which has led me to where I am now. Being from Illinois has influenced my experiences, but ultimately, I have taken control of my own path. I believe that through my actions and choices, I have shaped my current position in life more than any external forces."
0.519429170813426,70,6,1,1,1,0,0,1,1,1,0,1,0,1,1,1,0,1,1,1,0,0,1,1,0,1,1,1,1,1,1,"I believe that my current position in life is a result of a combination of hard work, determination, and the choices I have made along the way. While I acknowledge that external factors can play a role in shaping our paths, I firmly believe that my actions and decisions have had a significant impact on where I am today. I am someone who believes in taking control of my own destiny and working towards my goals, rather than relying solely on fate to determine my future."
0.520656715142698,70,8,1,1,1,1,0,1,1,0,1,1,0,1,1,1,0,1,0,1,1,0,0,1,1,1,0,0,1,1,0,"I believe that where I am right now is a combination of fate and my own choices. While some things may be out of my control, like where I was born or certain opportunities that come my way, I also believe that my decisions and actions play a significant role in shaping my future. My passion for gold prospecting and pursuit of studying International Relations are examples of how I actively work towards my goals."
0.52250487739887,70,5,1,1,1,0,0,1,1,1,1,0,0,0,1,1,0,0,1,0,1,0,0,1,0,1,0,1,1,1,0,"I believe that where I am in life is a result of a combination of hard work, opportunities, and personal choices. While I acknowledge that some things may be out of my control, I try to focus on what I can influence and take responsibility for my actions and decisions."
0.528218067349824,70,7,1,1,1,0,1,1,1,0,1,0,1,1,0,1,0,1,1,0,1,1,0,1,0,1,1,0,1,1,0,"I believe that while fate may play a role in some aspects of my life, the choices I make and the effort I put in ultimately determine where I am today. Studying Economics and pursuing my passion for rowing has been a result of my own decisions and hard work, rather than just leaving it up to fate. Being from Pennsylvania has influenced me, but I've taken control of my path."
0.528353260020127,70,5,1,0,1,1,1,0,0,0,1,1,0,0,0,1,1,1,1,0,1,0,0,0,1,1,0,1,1,1,1,"I believe that my current position in life is a result of a combination of hard work, dedication, and seizing opportunities when they arise. While I acknowledge that there are certain external factors beyond my control, I firmly believe that my efforts and choices have played a significant role in where I am today. I prefer to focus on what I can influence and actively work towards my goals rather than attributing everything to fate. Ultimately, I believe that with determination and perseverance, I can continue to shape my future in a way that aligns with my aspirations."
0.528490263657732,70,6,1,0,0,0,0,1,1,0,0,0,0,0,0,1,0,1,1,1,1,0,0,1,0,1,1,1,1,1,1,"I believe that where I am now is a result of my choices, hard work, and determination. I don't think fate plays a significant role in shaping my future. I prefer to take control of my own path and make decisions that will lead me towards my goals. Being proactive and focused on my studies in Business and Management helps me shape my own destiny."
0.533820718781168,71,4,0,1,1,0,0,1,0,1,1,0,0,1,1,1,1,0,0,1,0,0,1,1,1,1,0,1,1,1,0,"I believe that my current position in life is not solely determined by fate. I think that our choices and actions play a significant role in shaping our outcomes. While there may be external factors at play, I believe that taking responsibility for our decisions and working hard towards our goals can greatly influence where we end up."
0.534656861193044,71,6,1,0,1,1,1,1,1,0,1,0,0,0,1,1,1,0,1,1,0,0,1,0,1,1,0,1,1,1,1,"I believe that fate plays a small role in where I am now, but ultimately it's my choices and hard work that have brought me to where I am. I am constantly striving to shape my own destiny through my actions and decisions."
0.535846751795489,71,6,1,0,0,1,1,1,1,1,0,1,0,0,1,1,1,1,1,0,1,0,0,1,0,1,1,1,1,1,0,"I believe that my current position in life is a result of a combination of hard work, determination, and the choices I have made along the way. While I recognize that there are external factors that can influence our paths, I believe that ultimately, we have the power to shape our own destinies. By pursuing my passion for Criminal Justice and ballroom dancing, I am actively working towards achieving my goals and creating the life I desire."
0.536227371659275,71,8,1,1,1,1,0,1,1,1,0,0,0,1,1,1,1,1,1,1,0,1,0,0,1,1,1,0,1,1,0,"I believe that fate plays a small role in shaping my life, but ultimately, I am responsible for my own decisions and actions. I think my choices, hard work, and determination have brought me to where I am today. Driving has always been a passion of mine, and studying History has allowed me to explore my interests further. Growing up in Montana has also influenced my outlook on life. Overall, I feel empowered to control my own destiny and create my own path in life."
0.539011102588674,71,4,0,0,1,0,1,1,0,0,0,1,0,1,0,1,0,1,0,0,1,1,0,1,1,1,1,0,1,1,1,"I believe that the opportunities I've pursued and the choices I've made have played a significant role in where I am today. While external factors certainly come into play, I feel empowered to shape my own path through my actions and decisions."
0.539580730658848,71,5,0,1,0,1,0,1,0,0,1,0,1,0,1,1,1,1,1,0,1,0,1,1,0,1,0,1,1,1,1,"I believe that where I am in life right now is a result of a combination of hard work, determination, and the choices I have made along the way. I don't think that everything is predestined or out of my control. While external factors may play a role, I believe that ultimately, I have the power to shape my own path and create my own opportunities. By studying Finance and Accounting, pursuing my passion for role-playing games, and being proactive in my personal and academic life, I am actively working towards my goals and shaping my future."
0.540141595788952,71,3,1,0,1,1,1,0,0,0,1,1,0,1,1,1,0,0,1,0,0,0,1,0,0,0,0,1,1,1,1,"I believe that my current position in life is largely a result of my own actions and choices. While I do acknowledge that there may be certain external factors at play, I am confident in my ability to take control of my own future. I have worked hard to get where I am today and I believe that my determination and drive have played a significant role in shaping my path. Ultimately, I feel empowered to create my own opportunities and shape my own destiny, rather than leaving it up to chance."
0.54109697590889,71,4,0,1,1,0,1,1,1,0,0,1,0,1,0,1,1,1,0,0,0,0,0,0,0,1,1,1,0,1,1,"I believe that where I am in life is a result of the choices I've made and the actions I've taken. I've worked hard to pursue my education in Criminal Justice and hone my skills in martial arts. Growing up in Minnesota, I've embraced the challenges and opportunities that have come my way. I believe that while external factors may play a role, ultimately it is up to me to shape my own path and determine my future. I feel empowered knowing that I have the ability to make choices that impact my life."
0.543801589999778,71,6,1,0,1,0,1,1,1,0,0,1,1,0,0,1,0,1,0,1,0,0,0,1,1,1,0,0,1,1,1,"I believe that my current position in life is a result of a combination of hard work, determination, and seizing opportunities that have come my way. While I acknowledge that certain external factors may have played a role in shaping my path, I ultimately feel empowered by my own actions and decisions. I strive to take control of my future and make the most of the opportunities that come my way, rather than leaving things up to fate."
0.547766225141952,71,5,1,0,1,0,0,1,1,0,1,1,0,1,1,1,0,1,1,0,1,0,0,0,1,1,0,1,1,1,0,"I believe that where I am today is a result of a combination of hard work, determination, and the choices I've made. While I do acknowledge that there are certain external factors beyond my control, I firmly believe that I have the power to shape my own future through my actions and decisions. I am confident that my efforts in pursuing my passion for Kinesiology and Physical Therapy, as well as my love for perfume, have played a significant role in where I am today."
0.551300118007062,72,4,1,0,1,0,0,1,1,0,1,1,0,1,1,1,0,0,1,0,1,0,1,0,0,0,0,1,1,1,1,"I believe that my current position in life is not solely determined by fate. While external factors do play a role, such as where I come from or the opportunities presented to me, I firmly believe that my hard work, determination, and choices have also greatly contributed to where I am today. Studying Engineering Technicians and pursuing my passion for dairy farming are conscious decisions I made to shape my future. I believe in taking control of my own path and making the most of the opportunities that come my way, rather than leaving it all up to fate."
0.553976777040534,72,4,0,1,1,0,1,1,0,1,0,1,0,0,1,1,0,0,1,0,1,1,1,1,1,1,0,1,1,1,0,"I believe that my current circumstances are shaped by a combination of hard work and opportunities that I have actively sought out and seized. While I acknowledge that there are external factors beyond my control, I firmly believe in my ability to influence and create my own path through dedication and perseverance."
0.554935544467292,72,6,1,1,1,0,1,1,0,1,1,1,0,1,0,1,0,1,1,1,1,0,0,0,0,1,1,0,0,1,1,"I believe that my current position in life is a result of a combination of hard work, determination, and opportunities that I have pursued. I value taking control of my own destiny and making choices that shape my future."
0.555655192011244,72,5,1,0,1,0,1,1,1,0,0,1,1,0,1,1,0,1,1,0,1,0,1,1,0,1,0,1,1,1,1,"I believe that fate plays a role in shaping our lives, but I also firmly believe in the power of our own decisions and actions. I think that the choices we make and the effort we put into achieving our goals greatly influence where we end up. Studying Criminal Justice has been a passion of mine, and my love for pinball has taught me to be strategic and focused. Being from California has given me a unique perspective on the world. Overall, I believe that while fate may set the stage, it is ultimately our determination and hard work that determine our path in life."
0.56137168506631,72,7,0,1,1,1,0,1,1,0,0,1,0,1,1,1,0,0,1,0,1,1,0,1,1,1,1,1,1,1,1,"I believe that fate plays a small role in my current position in life. While external factors and circumstances may influence my path, I ultimately have the power to make choices and take actions that shape my future. Studying history and linguistics has allowed me to understand how past events and language have impacted society, but I believe that my own decisions and efforts have a significant impact on where I am today. Coming from South Carolina has also shaped my perspective, but I believe in the power of personal agency to create my own destiny."
0.565173380597352,72,3,1,1,1,0,1,1,0,0,1,1,0,1,0,1,0,1,1,0,0,1,1,1,0,1,0,1,1,1,0,"I believe my current position in life is a result of my choices, determination, and hard work. Fate may play a role in some things, but ultimately, I am in control of my own destiny."
0.565186077408526,72,3,1,0,1,0,0,1,0,0,1,1,0,0,1,1,0,1,1,0,1,1,0,0,0,1,0,1,0,1,1,"I believe that where I am now is a combination of hard work, opportunities seized, and decisions made. Fate may play a role in some aspects, but ultimately, I feel empowered to shape my own path through my choices and actions. Being proactive in pursuing my goals in Information Technology and enjoying aircraft spotting has brought me to where I am today, in Tennessee, as a 24-year-old student."
0.566529050891703,72,4,1,0,1,0,1,1,0,0,1,0,1,0,1,1,0,0,1,0,0,0,0,1,1,1,0,1,1,1,1,"I believe that while fate may play a role in certain aspects of life, my current position is largely a result of my own choices and actions. Studying Architecture, participating in triathlons, and coming from Ohio were all decisions I made based on my interests and passions. I have worked hard to get to where I am today and continue to strive towards my goals. I believe that taking control of my own destiny through hard work and determination has been the driving force behind my successes."
0.567698269766235,72,5,1,0,0,0,1,1,1,1,0,1,0,1,0,1,0,1,0,0,0,1,0,0,1,0,1,1,1,1,1,"I believe that my current position in life is a result of a combination of hard work, determination, and a bit of luck. While I acknowledge that external factors can play a role in shaping our paths, I firmly believe that my choices and actions have had a significant impact on where I am today. By pursuing my passion for figure skating and studying engineering, I have been able to carve out my own path towards my goals. Ultimately, I feel empowered to take control of my own destiny and shape my future."
0.568128346755931,72,5,1,0,1,0,1,1,1,1,1,1,0,1,1,1,0,0,0,1,1,1,0,1,0,1,0,0,0,1,1,"I believe that my current position in life is a result of a combination of hard work, determination, and the choices I have made along the way. While I acknowledge that external factors may play a role, I ultimately feel empowered to shape my own path and create my own opportunities. My passion for food and nutrition, love for billiards, and dedication to my studies have all contributed to where I am today. Being from Michigan has definitely influenced my journey, but I believe that my actions have had a significant impact on my current position."
0.571042774405613,73,6,1,0,1,0,1,0,1,1,0,1,0,1,1,1,1,0,0,1,1,1,0,0,1,1,0,0,1,1,0,"I believe that fate certainly plays a role in shaping our lives, but I also believe in the power of individual agency and the choices we make. While there may be external factors at play, such as where we are born or the opportunities presented to us, ultimately, I think it is our actions and decisions that have the most significant impact on our current position in life."
0.575739814713104,73,5,1,0,0,0,1,1,0,0,1,1,0,1,1,1,0,1,0,1,1,1,0,0,1,1,0,1,1,1,1,"I believe that my current position in life is a result of a combination of hard work, determination, and the opportunities that I have been presented with. While I do acknowledge that there may be external factors at play, I firmly believe that my actions and decisions have played a significant role in where I am today. I have always been driven to achieve my goals and make the most of the opportunities that come my way, which has ultimately led me to where I am now."
0.58122069939589,73,7,1,0,1,1,1,0,0,1,1,0,0,1,0,1,0,1,1,1,1,1,0,0,1,1,1,1,1,1,1,"I believe that fate plays a small role in shaping my current position in life. While certain circumstances may be beyond my control, I firmly believe that my actions and decisions have had a significant impact on where I am today. My passion for Arts Management, my love for collecting phonecards, and my dedication to my studies have all played a crucial role in shaping my path. Being from New York has also influenced my interests and opportunities. Overall, I feel empowered by the choices I have made and the hard work I have put in, rather than simply leaving it up to fate."
0.586028317338819,73,7,1,0,1,1,0,1,1,0,0,1,0,0,1,1,0,0,1,1,0,0,1,1,1,1,1,1,0,1,1,"I believe that fate certainly plays a role in shaping our lives, but I also believe that our choices and actions have a significant impact on our outcomes. Studying Philosophy has taught me to question and analyze the world around me, which has influenced the decisions I make. My love for taekwondo has taught me discipline and perseverance, which have guided me to where I am today. Being from Indiana has shaped my values and perspectives. Overall, while fate may have a hand in where I am now, I believe that my actions and decisions have also played a crucial role."
0.594362053656592,73,5,1,1,0,0,1,1,0,0,1,1,0,1,0,1,0,0,0,0,1,1,1,0,1,1,0,1,1,1,1,"I believe that my current position in life is a result of a combination of hard work, determination, and the choices I have made along the way. I don't think fate alone has determined where I am today."
0.596815715523453,73,6,1,1,1,0,0,1,1,1,1,1,0,0,1,1,0,1,0,0,1,0,0,0,1,1,0,0,1,1,1,"I believe that my current position in life is a result of hard work, dedication, and making choices that align with my goals. I don't rely on fate to determine my future, but rather take control of my own destiny through my actions."
0.597126802645573,73,6,1,0,0,1,0,1,1,1,1,1,0,1,1,1,0,1,0,0,1,0,0,0,1,1,0,0,1,0,1,"I believe that fate plays a role in guiding me towards certain opportunities, but ultimately, it is my own hard work and determination that have brought me to where I am today. Studying Agricultural Sciences and delving into herbalism are passions of mine that I actively pursued. Growing up in Alabama has also shaped my interests and values. Overall, I see fate as a gentle nudge in the right direction, but it's up to me to make the most of it."
0.599348138017525,73,6,0,0,0,0,1,1,1,0,1,1,1,0,1,1,0,0,0,1,1,1,0,0,1,1,0,0,0,0,1,"As a 26-year-old male studying Art in Florida, I believe that my current position in life is shaped more by my own actions and decisions rather than fate. I have always been proactive in pursuing my passions, such as art and camping, which have led me to where I am today. While external factors may play a role, I firmly believe that my hard work and determination have been the driving forces behind my achievements. I am grateful for the opportunities that have come my way, but I know that ultimately, my choices and efforts have been the key factors in shaping my life."
0.599611582580247,73,7,1,1,1,1,1,0,0,1,1,1,0,1,1,1,0,1,1,1,0,0,0,1,1,1,1,1,1,1,0,"I believe that my current position in life is a result of a combination of hard work, determination, and the choices I have made along the way. While external factors may play a role, I ultimately feel that I have the power to shape my own future through my actions and decisions."
0.600920298845777,73,6,1,1,1,0,1,1,1,1,0,0,0,1,1,1,1,1,1,0,0,0,1,1,1,1,1,0,0,1,1,"I believe that my current position in life is a result of a combination of hard work, determination, and the choices I have made along the way. While I acknowledge that external factors can play a role in shaping opportunities, I firmly believe that my actions and decisions have had a significant impact on where I am today. I try to take ownership of my choices and strive to make the best decisions possible to create the life I want for myself."
0.601929427619127,74,5,0,0,1,0,0,0,1,1,1,1,1,1,1,1,0,1,1,1,0,0,0,0,1,1,0,1,1,0,1,"I believe that where I am in life is a combination of hard work, opportunities seized, and the choices I've made along the way. I am a firm believer in taking control of my own destiny and creating my own path. While external factors may play a role, I think it's ultimately up to me to shape my future. Hiking and backpacking have taught me the importance of perseverance and determination, traits that I apply to my academic and personal life. Being from North Carolina, I have been raised with a strong sense of independence and self-reliance, which has influenced my belief in taking charge of my own journey."
0.604401471979699,74,4,1,1,0,0,0,1,1,0,0,0,0,1,1,1,0,0,1,0,0,1,1,1,0,1,0,1,1,0,1,"I believe that my current position in life is a result of a combination of hard work, determination, and the opportunities that I've been fortunate enough to come across. While I do acknowledge that there are certain elements beyond my control, I believe that my choices and actions have played a significant role in shaping where I am today. Ultimately, I feel empowered to take charge of my own path and make the most of the opportunities that come my way."
0.61215957029173,74,7,1,1,1,0,1,1,1,0,1,1,1,0,1,1,0,0,1,0,0,1,0,1,1,1,1,1,1,1,1,"I don't believe in fate determining my path. I work hard in my studies and cricket, shaping my own future. Being from California, studying Veterinary Studies, and loving cricket are all choices I've made, not fate's doing."
0.614750980560632,74,2,0,0,0,0,1,0,0,0,0,1,1,1,1,1,1,0,1,0,0,1,0,1,0,1,0,0,0,1,0,"I believe my life is a result of the choices I've made and the actions I've taken. While external factors may play a role, ultimately, I am responsible for my own path and future."
0.616217822868844,74,5,0,1,1,0,0,1,1,1,1,0,0,1,0,1,0,0,1,1,0,0,1,1,0,1,1,1,0,1,0,"I believe that my current position in life is influenced by a combination of hard work, opportunities, and the choices I've made. While there may be some elements of fate at play, I think that ultimately, I have the power to shape my own future through my actions and decisions. I take responsibility for my successes and setbacks, knowing that I have the ability to create the life I want through determination and perseverance."
0.621769864444182,74,5,1,1,0,0,0,1,1,1,0,1,0,1,1,1,1,1,1,0,1,1,0,1,0,1,0,0,1,1,1,"I believe that my current position in life is not solely determined by fate. While external factors may play a role, I am a firm believer in the power of personal choice and effort. I have worked hard to pursue my passion for art and linguistics, and my determination has led me to where I am today. Growing up in Nebraska has shaped my perspective, but ultimately, I have taken control of my own path. I believe in taking responsibility for my decisions and actions, and that has been a key factor in shaping my life."
0.623560317390517,74,3,1,0,1,0,0,1,1,1,0,1,0,0,1,1,0,0,1,0,0,0,0,1,0,1,0,0,1,1,1,"I believe that where I am today is a result of a combination of hard work, determination, and the choices I've made along the way. While I do believe that certain things are outside of my control, I also feel empowered to shape my own future through my actions and decisions. Skydiving has taught me to embrace life's uncertainties and take risks, knowing that I have the ability to steer my own path. Being in nursing school has only reinforced my belief in the importance of personal agency and taking charge of my own destiny."
0.626909674127545,74,6,1,0,1,0,1,0,1,0,1,1,1,1,1,1,0,1,0,0,1,1,0,0,1,1,0,1,0,1,1,"I believe that my experiences and decisions have played a significant role in shaping where I am today. While external factors may influence, ultimately, my actions and choices have had a substantial impact on my current position in life."
0.62709573342619,74,5,0,1,1,1,0,0,1,0,0,1,0,1,1,1,0,0,1,1,0,1,0,1,0,1,0,1,1,0,1,"I believe that where I am right now is a result of a combination of hard work, determination, and some lucky breaks along the way. While I acknowledge that external factors can play a role in shaping our lives, I am a firm believer in taking control of my own destiny and making choices that lead me towards my goals. BMX and Performing Arts have been my passions since I can remember, and I am grateful for the opportunities that have allowed me to pursue them. I like to think that fate may have nudged me in certain directions, but ultimately, it's been my choices that have brought me to where I am today."
0.627692492424181,74,7,1,1,1,0,1,1,1,1,0,1,1,1,1,1,0,0,1,0,0,0,0,0,1,1,1,1,1,1,1,"I believe that while certain circumstances may be out of my control, my choices and actions have played a significant role in where I am today. I am a firm believer in taking charge of my own destiny and actively working towards my goals. I have always been driven to succeed and have pursued opportunities that align with my interests and ambitions. Ultimately, I think that fate can only take you so far, and it is up to each individual to shape their own path through hard work and determination."
0.648018242926797,75,5,0,1,1,0,1,1,0,0,0,0,0,0,1,1,1,1,1,0,1,1,1,1,1,0,1,1,0,1,0,"I believe that where I am in life is a result of my own hard work, determination, and choices. I've put in the effort to pursue my studies in Building and Construction and to excel in my passion for boat racing. I don't rely on luck or external factors to determine my success. Instead, I take control of my own destiny and shape my future through my actions and decisions."
0.64840377957592,75,7,1,1,1,0,1,1,1,1,0,1,0,0,1,1,1,0,0,1,1,0,0,0,1,1,0,0,1,0,1,"I believe that my current position in life is a result of a combination of hard work, determination, and some luck. I don't rely on fate to determine my future, but rather take control of my own destiny through my actions and choices."
0.649115825587102,75,5,1,0,1,0,1,1,1,1,1,0,1,0,1,1,1,1,1,0,1,0,0,0,0,1,0,1,1,1,0,"I believe that where I am in life is a culmination of my choices, actions, and opportunities that I've pursued. While external factors certainly play a role, I feel that my determination, hard work, and ambition have been the driving forces behind my current position. Sailing has taught me the importance of taking control and navigating my own path. Growing up in Minnesota has instilled in me a strong sense of independence and resilience. Overall, I see my life as a result of a combination of fate and my own efforts, with a focus on shaping my own destiny."
0.649368203659885,75,8,1,1,1,0,0,1,1,0,0,1,1,0,1,1,0,1,1,1,0,0,0,1,1,1,1,1,1,0,1,"I believe that my current position in life is a result of a combination of hard work, determination, and seizing opportunities that have come my way. While I acknowledge that there are external factors that can influence our paths, I am a firm believer in taking control of my own destiny and shaping my future through my choices and actions. I see life as a journey that I am actively navigating, rather than simply being at the mercy of fate."
0.650683603749734,75,7,1,1,1,1,1,1,1,0,0,1,0,0,1,1,1,0,1,0,0,1,0,0,1,1,1,1,1,1,1,"I believe my current position in life is a result of hard work, dedication, and making intentional choices. While there may be unexpected twists and turns along the way, I believe that my actions and decisions ultimately shape my path."
0.650786249673807,75,6,0,1,0,0,0,1,0,0,1,1,1,0,0,1,0,1,1,1,1,1,0,1,0,1,1,1,1,0,0,"I believe that fate plays a minor role in my current position in life. While I acknowledge that certain factors may have been out of my control, such as where I was born or certain opportunities that came my way, I firmly believe that my hard work, determination, and choices have had a much greater impact on where I am today. I have actively pursued my interests, set goals, and taken steps to achieve them, which has helped me to progress in my studies and pursue my passion for backpacking."
0.656276842736613,75,4,1,1,0,0,1,0,0,0,1,0,0,1,0,1,0,0,1,0,1,0,1,0,0,1,0,0,1,1,0,"As a student studying Veterinary Studies, I believe that my current position in life is a result of a combination of hard work, determination, and a bit of luck. I have always been passionate about animals and healing, which led me to pursue this career path. While I appreciate the opportunities that have come my way, I also recognize the importance of actively shaping my own future through my choices and actions. My love for crystals and their healing properties has also played a role in guiding me towards a holistic approach to veterinary care. Overall, I feel empowered to create my own destiny while remaining open to the unexpected twists and turns that life may bring."
0.657074370194677,75,6,1,1,1,0,1,1,1,1,0,1,0,1,1,1,1,1,1,1,0,0,0,1,0,1,1,1,1,0,1,"I believe that where I am in life right now is more a result of my own actions and decisions rather than fate. I've worked hard to get to where I am, studying history and pursuing my passion for BMX. Growing up in Texas has definitely influenced me, but ultimately, it's been my choices that have shaped my path. I believe in taking control of my own destiny and making things happen through hard work and determination. Fate may play a role, but I feel like I have the power to shape my own future."
0.65928971734909,75,4,1,1,1,0,0,1,1,0,1,1,0,1,1,1,0,0,1,0,0,1,1,1,0,1,0,1,1,1,1,"I believe that fate plays a minor role in my current position in life. While I acknowledge that certain external factors may have influenced my path, such as where I was born or the opportunities I've been given, I firmly believe that my actions, choices, and hard work have been the driving forces behind my achievements. Studying Chemistry and incorporating meditation into my daily routine have been intentional decisions that have shaped my journey. I value taking responsibility for my own successes and setbacks, rather than attributing everything to destiny. Being from New York has certainly influenced my perspective, but ultimately, I believe in the power of personal agency and determination."
0.674660680830355,75,7,1,1,1,0,1,1,1,1,0,1,0,0,0,1,0,1,1,1,0,0,0,1,1,1,1,0,1,1,1,"I believe that where I am now is a combination of hard work, determination, and seizing opportunities that came my way. While I acknowledge that there are certain things beyond my control, such as external circumstances and chance encounters, I firmly believe that my actions and decisions have played a significant role in shaping my current position in life. Ultimately, I feel empowered by the belief that I have the ability to influence my future through my choices and efforts."
0.693027892176047,76,6,1,1,1,0,0,1,1,0,1,1,0,0,1,1,0,1,1,0,0,0,0,0,1,0,1,1,1,0,1,"I believe that my current position in life is a result of a combination of hard work and opportunities presented to me. While I acknowledge that certain aspects may be influenced by external factors, I am confident that my actions and decisions have played a significant role in shaping where I am today. I am grateful for the experiences and people who have helped me along the way, but ultimately, I believe that I am the driver of my own destiny."
0.694820964417369,76,5,1,1,1,0,0,1,1,1,0,1,0,0,0,1,1,1,1,1,0,0,0,1,0,1,0,1,0,1,0,"I believe that where I am today is a result of the choices I've made and the hard work I've put in. While I understand that external factors can influence our paths, I firmly believe that ultimately, I am in control of my own destiny. My passion for Information Technology and love for mini golf have guided me towards my current position, and I am excited to continue shaping my future through my own actions and decisions."
0.698810545909895,76,4,0,0,1,0,1,0,0,1,0,1,1,1,1,1,1,0,1,0,0,0,0,0,1,1,1,0,1,1,1,"I believe that my current position in life is a result of the choices I've made and the actions I've taken. While external factors may play a role, I think that ultimately, I have control over my own destiny and can shape my future through hard work and determination."
0.699564668085545,76,3,0,1,1,0,1,0,0,1,1,1,0,0,1,1,0,0,1,0,0,0,1,0,0,1,1,1,1,1,1,"I believe that fate definitely plays a role in guiding me towards certain opportunities, but ultimately it is my own choices and actions that have led me to where I am today. I have worked hard to pursue my passion for music and I have actively sought out ways to improve my skills. While external factors certainly influence my path, I believe that my determination and hard work have been the driving forces in shaping my current position in life."
0.707715881622644,76,7,1,0,1,1,1,1,0,0,1,1,1,1,0,1,0,1,0,1,1,1,1,1,0,1,1,0,1,1,1,"I believe that where I am today is a result of hard work, determination, and the choices I've made along the way. While I acknowledge that external factors can influence our paths, ultimately, I feel that I have the power to shape my own destiny. Through my studies in Architecture and my passion for cribbage, I am actively creating my future rather than leaving it up to chance."
0.715077586315792,76,5,1,0,1,1,1,1,1,0,0,1,0,1,1,1,1,1,1,0,1,1,0,0,0,0,0,1,1,1,0,"I believe that fate plays a small role in where I am today. I have worked hard to pursue my passion for kitesurfing and studying communications. Being from Tennessee has shaped me, but ultimately, my choices and efforts have led me to where I am now."
0.716350766640946,76,5,1,1,1,0,1,1,0,1,0,1,0,1,1,1,0,0,1,0,1,1,1,1,0,1,1,0,1,1,0,"I believe that the experiences and choices I've made have brought me to where I am today. I don't think it's all predetermined by fate, but rather a mixture of hard work, opportunities, and personal decisions. Canoeing in Michigan has taught me the importance of taking control and navigating through life's challenges. I believe in creating my own path rather than waiting for things to happen to me."
0.719261688452667,76,5,1,1,1,0,1,1,1,0,0,1,0,1,0,1,0,0,1,0,0,1,1,1,1,1,0,0,1,1,1,"I believe that my current position in life is a result of my choices, actions, and hard work. While external factors may play a role, I am ultimately in control of my own destiny. I have always been determined to pursue my passion for foreign languages and knife throwing, and I am confident that my efforts will continue to shape my future."
0.720766963020292,76,4,0,0,1,0,1,1,1,0,0,1,0,0,0,1,0,1,1,1,0,0,1,0,1,1,0,1,1,1,1,"I believe my current position in life is shaped by a combination of hard work, choices, and opportunities that I've actively pursued. While fate may play a role in unexpected twists, ultimately, I feel empowered to create my own path."
0.726538639771732,76,8,1,1,0,1,1,1,1,1,0,1,0,0,1,1,0,0,0,0,1,0,0,0,1,1,1,1,1,1,0,"I believe that while fate may play a role in some aspects of my life, my choices and actions have been the main driving force behind where I am today. Studying Political Science and indulging in literature has been a conscious decision that has shaped my path so far."
0.738152166861961,77,6,0,1,1,0,1,1,1,1,0,1,1,1,1,1,0,0,0,0,0,0,0,0,1,1,1,1,1,1,1,"I strongly believe that my current situation is a result of my own choices and hard work. I have always been determined to pursue a career in Engineering, and I actively seek out opportunities to grow and learn. While I appreciate the role of external factors, I know that my efforts and decisions have played a significant role in getting me where I am today."
0.747767069459634,77,8,1,1,1,1,0,0,0,0,1,1,0,0,1,1,0,1,0,1,1,0,0,0,1,1,1,0,1,1,1,"I believe that where I am today is a result of a combination of hard work, determination, and the choices I have made along the way. While I acknowledge that some things may be out of my control, I also believe that my actions and decisions play a significant role in shaping my future. Ultimately, I think it's a balance between fate and personal agency that has led me to where I am now in my education and my passion for physics."
0.750176069304712,77,6,1,1,0,0,1,0,1,1,1,1,0,0,1,1,0,0,0,1,0,1,0,0,0,1,1,1,1,0,0,"I believe that fate plays a role in shaping our lives to some extent, but I also strongly believe in the power of personal agency and hard work. While I may have been influenced by external factors beyond my control, such as where I was born or my family background, I ultimately believe that my choices and actions have led me to where I am today. Studying Political Science, pursuing my passion for mahjong, and striving for success are all decisions I have made that have contributed to my current position in life. I believe in taking responsibility for my own destiny and actively shaping my future."
0.750468400617659,77,8,1,1,1,1,1,1,1,0,1,1,1,1,1,1,0,1,1,1,0,0,1,1,0,1,1,1,1,1,1,"I believe that fate plays a minor role in my life. I am where I am today because of the hard work I have put into my studies and the decisions I have made along the way. While external factors may influence some aspects of my journey, ultimately, I believe that my actions and choices have had the most significant impact on my current position in life."
0.753121509404422,77,5,1,1,1,0,0,1,1,0,1,1,0,1,0,1,1,0,0,0,0,1,1,0,1,1,0,1,1,1,1,"I believe that my current position in life is a result of hard work, determination, and the choices I have made along the way. I am confident in my ability to shape my own future and create opportunities for myself."
0.763691614923348,77,5,1,0,0,0,1,1,0,0,1,1,0,1,0,1,0,0,1,1,1,1,0,0,0,1,1,1,1,1,1,"I believe that my current position in life is largely a result of the choices I have made and the hard work I have put in. While I acknowledge that external factors do play a role, such as where I grew up in Pennsylvania and the opportunities available to me, I firmly believe that my determination, dedication to my studies in Culinary Arts, and passion for weightlifting have been the driving forces in shaping my path. I am confident that with continued effort and perseverance, I can continue to achieve my goals and create the future I desire."
0.771848583604839,77,6,1,1,0,0,0,0,1,1,1,0,0,1,1,1,0,1,0,1,0,0,0,0,1,1,0,1,0,1,1,"I believe that my current position in life is more influenced by my own actions, decisions, and hard work rather than fate. I have always been driven to excel in my studies, especially in Legal Studies and Chemistry. Coming from Vermont, I have learned to appreciate the value of hard work and perseverance. I believe that by taking control of my own choices and working towards my goals, I can shape my own future. Fate may play a role in some aspects, but ultimately, I believe that my efforts and determination have a greater impact on where I am today."
0.772167225913787,77,6,1,1,1,0,1,1,1,1,1,1,0,1,1,1,1,0,0,0,0,0,0,0,1,1,1,1,1,1,0,"I believe that my life is a result of a combination of hard work, determination, and the choices I've made along the way. While some things may be out of my control, I firmly believe that I have the power to shape my own future through my actions and decisions. I am always striving to improve myself and reach my goals, rather than simply leaving things up to fate. Being proactive and taking responsibility for my own path is important to me, and I am confident that I have the ability to create the life I desire through my own efforts."
0.778907643622155,77,8,1,1,0,0,1,1,1,0,1,0,0,1,1,1,1,1,1,1,1,1,1,0,1,1,1,1,1,1,0,"I believe that my current position in life is a result of the choices I have made and the actions I have taken. While external factors may play a role, ultimately, I am in control of my own destiny. I am confident in my ability to shape my future through my hard work and determination."
0.784785016589158,77,5,1,1,0,0,1,1,0,1,0,0,0,0,1,1,0,1,1,1,0,0,0,1,1,1,0,1,0,1,1,"I believe that while fate may play a small role in shaping my life, the majority of where I am now is a result of my own actions and decisions. I have worked hard to pursue my studies in Food and Nutrition, and my love for Renaissance fairs has brought me joy and new experiences. Being from Michigan has also influenced my interests and perspectives. Overall, I feel that I have taken control of my own path and have actively worked towards where I am today. Fate may have a hand in some things, but I believe that my choices and efforts have been the driving force in shaping my current position in life."
0.788487330827263,78,6,0,0,1,0,1,0,1,0,0,1,1,1,1,1,0,0,1,1,1,1,0,1,1,1,0,1,0,1,1,"I don't believe in leaving things up to fate. I think our choices and actions play a significant role in shaping our lives. While external factors may influence us, ultimately, I believe we have the power to make decisions that impact our future. I take responsibility for where I am today and strive to continue working hard towards my goals in both my studies and my passion for fishing. Being from North Carolina has definitely influenced my love for the outdoors and fishing, but I see it as more of a personal choice rather than fate."
0.789089314479853,78,6,1,0,1,1,1,0,1,0,0,1,0,1,1,1,1,1,1,0,1,1,0,0,1,1,0,1,1,1,1,"I believe that where I am today is a result of a combination of hard work and opportunities that I have been lucky enough to come across. I don't think things are predestined, but rather a mix of taking control of my actions and embracing the chances that come my way. My passion for film and photography, along with my love for dairy farming, has driven me to this point in my life. Being from Pennsylvania has also shaped my interests and career path."
0.789549929316568,78,6,1,1,0,0,0,0,0,1,0,1,0,0,0,1,0,1,1,1,0,1,0,0,1,1,1,1,1,1,1,"I believe that I have the power to shape my own path in life through my choices and actions. While external factors may play a role, ultimately, I am responsible for where I am now and where I am headed."
0.790086507585294,78,7,1,1,0,1,1,1,0,0,0,0,0,1,1,1,0,1,0,0,1,0,0,0,1,1,1,0,1,1,0,"I believe that my current position in life is a combination of hard work, determination, and some luck along the way. I don't rely solely on fate to determine my future, but I do acknowledge that some things are out of my control."
0.790099938048042,78,6,1,1,1,0,1,1,1,0,1,1,0,0,1,1,0,1,1,0,0,0,1,0,1,1,1,1,1,1,0,"I believe that fate plays a minimal role in shaping my current position in life. I am a firm believer in hard work, dedication, and making intentional choices to achieve my goals. As a student studying Finance and Accounting, I have put in countless hours of studying and practical experience to get to where I am today. My love for vintage cars and my Texas roots have certainly influenced my interests and personality, but ultimately, I attribute my successes and failures to the decisions I have made and the effort I have put forth. I believe in taking control of my own destiny and shaping my future through my actions."
0.795366646013785,78,6,1,0,1,1,0,1,1,0,1,1,0,1,1,1,0,1,0,0,1,1,0,1,0,1,1,1,1,1,1,"I believe that where I am now is a result of a combination of hard work, opportunities I've seized, and the decisions I've made. I don't think everything is predetermined by fate. I've actively pursued my goals in Computer Science and bowling, and my efforts have played a significant role in shaping my journey so far. Being from Minnesota has certainly influenced me, but ultimately, I feel like I have control over my own path."
0.799096230734131,78,4,1,0,1,0,1,1,1,1,1,1,0,1,1,1,0,1,1,0,0,0,1,1,1,1,0,1,1,1,1,"I believe that while there may be external factors that influence my circumstances, ultimately, my actions and choices play a significant role in where I am today. I have worked hard to pursue my education in Math and develop my skills in shooting. Growing up in Montana has definitely shaped my interests, but I feel empowered to create my own path and shape my future."
0.806310237895174,78,6,1,1,1,1,1,1,1,1,1,1,0,0,1,1,1,1,1,1,0,0,0,0,0,1,0,1,1,1,1,"I believe that where I am right now is a combination of hard work, determination, and opportunities that have come my way. I don't think that everything is solely determined by fate, but rather by the choices I make and the actions I take. I have worked hard to pursue my passion for Veterinary Studies, and I believe that my dedication has played a significant role in my current position in life. While external factors may influence certain aspects of my life, I ultimately feel empowered to shape my own future through my own efforts and decisions."
0.813868257661695,78,8,1,1,1,0,1,1,1,0,1,1,1,1,1,1,1,0,1,1,1,0,1,1,0,1,1,0,1,1,1,"I believe that where I am today is a combination of hard work, determination, and the choices I've made along the way. While I acknowledge that external factors can play a role, ultimately, I feel empowered by the decisions I have made and the effort I have put into pursuing my passion for Performing Arts and bridge. I am confident in my ability to shape my own path."
0.816362659649938,78,6,0,1,1,0,1,1,1,0,0,0,0,1,1,1,0,0,1,1,1,0,0,0,1,1,0,1,1,1,0,"I believe that my current position in life is a result of my hard work, determination, and choices I've made along the way. I am constantly striving to improve myself and reach my goals through my own actions and decisions. Fate may play a role, but ultimately, I am the one in control of my future."
0.817180280342503,79,7,1,1,1,1,0,1,1,0,0,0,1,0,1,1,1,1,1,0,0,0,1,0,1,1,0,1,1,1,1,"I believe that my current position in life is more a result of the choices I have made and the actions I have taken. I have worked hard to pursue my studies in Legal Studies and have actively sought out opportunities for personal and professional growth. While external factors may play a role, I feel empowered to shape my own future through my determination and efforts. I am confident that my decisions and efforts will continue to influence my path moving forward."
0.825145556280998,79,6,1,0,1,1,0,1,0,0,0,1,1,1,1,1,0,1,0,1,0,1,1,1,0,1,1,0,1,0,1,"I believe that the path I am on is a result of my hard work, determination, and choices I have made along the way. While external factors may play a role, I am confident that my decisions and actions have been the driving force behind where I am today. I am in control of my destiny, and I am excited to continue shaping my future through my studies and passion for martial arts."
0.831762218646313,79,4,1,0,0,0,1,1,0,1,1,0,1,1,1,1,1,0,0,0,1,0,0,1,0,1,0,1,1,1,1,"I believe that where I am in life right now is mostly a result of the choices I've made and the actions I've taken. I've worked hard to get to where I am in my studies and in my judo practice. I've also taken advantage of opportunities that have come my way. While I believe that there may be some external factors at play, ultimately, I think that my own decisions and efforts have had the biggest impact on where I am today."
0.83263450122651,79,5,1,0,0,0,1,1,0,1,1,1,1,1,1,1,0,1,1,0,0,1,0,1,1,1,1,1,1,1,1,"I believe that while there are external factors at play, such as opportunities and circumstances, ultimately, my hard work, dedication, and choices have played a significant role in where I am today. I don't rely on fate to determine my future, but rather take control of my own path through my actions and decisions."
0.841803143331634,79,7,1,1,1,0,1,1,1,1,1,0,0,1,1,1,0,1,0,1,0,1,0,0,1,1,1,0,1,1,1,"I believe that my current position in life is a result of a combination of hard work, determination, and the choices I have made along the way. While external factors may play a role, I feel empowered to shape my own future through my actions and decisions. California has given me a unique perspective on life and the drive to pursue my passions, like BMX and Political Science."
0.842682585139815,79,6,1,1,1,0,1,1,1,1,1,1,0,0,0,1,0,0,1,0,0,1,1,1,1,1,1,0,0,1,1,"I believe that my current position in life is a result of a combination of hard work, determination, and the choices I have made along the way. While I do recognize that certain external factors may have influenced my path, I ultimately feel empowered to shape my own future. Being a student of Building and Construction, I have learned that success in this field requires taking initiative and being proactive. Similarly, my passion for collecting comic books has taught me the value of perseverance and dedication. Overall, I believe that fate may play a role in some aspects of my life, but I am the one ultimately responsible for creating my own opportunities."
0.84394035474711,79,8,1,1,0,0,1,1,1,1,0,1,1,0,1,1,0,1,0,0,1,1,1,0,1,1,1,1,0,0,0,"I believe that where I am today is a result of my hard work, determination, and choices I've made along the way. While I acknowledge that there are elements of luck and chance involved, I ultimately feel that my actions and decisions have played a significant role in shaping my current position in life."
0.846034760867067,79,8,1,0,1,1,1,1,1,0,0,1,1,1,1,1,1,1,1,0,1,0,1,1,1,0,1,0,0,1,1,"I believe that my hard work, dedication, and passion for Kinesiology and Physical Therapy have played a significant role in where I am today. I don't rely on fate to determine my future, I take control of my own destiny."
0.848881510898127,79,6,1,1,1,0,1,1,1,1,0,1,1,1,1,1,0,0,0,0,0,0,0,1,0,1,1,0,1,1,1,"I believe that my current position in life is a result of hard work, dedication, and seizing opportunities that come my way. I don't rely on fate to determine my path, but rather take control of my own destiny."
0.854663268103268,79,5,1,1,1,1,1,1,0,1,0,1,0,1,0,1,0,0,0,0,0,0,0,0,0,1,1,1,1,1,1,"I believe that while some things may be influenced by external factors, a lot of where I am today is a result of my own choices, hard work, and determination. Being proactive and taking responsibility for my decisions has played a significant role in shaping my path. I feel empowered to create my own opportunities and shape my future based on my actions and efforts."
0.855708970605461,80,4,0,1,1,0,0,1,0,0,0,0,0,1,1,1,0,1,1,0,1,1,1,0,1,1,0,1,1,1,1,"I believe that my current position in life is a result of a combination of hard work, determination, and taking advantage of the opportunities that have come my way. I don't rely on fate to determine my path, but rather, I actively seek out ways to improve and grow in my field of study and personal interests, like bowling. Being from New York has definitely shaped my experiences, but ultimately, I feel empowered to make decisions and create my own success."
0.858086328793264,80,3,0,0,1,0,0,1,1,1,0,1,0,0,1,1,1,1,1,0,0,1,0,0,1,1,0,1,1,1,1,"I believe that my current position in life is a result of a combination of hard work, determination, and the choices I have made along the way. I think that fate may play a role in certain aspects, but ultimately, it is up to me to take control of my future and make the most of the opportunities that come my way. I am driven by my passion for art and business, and I am confident that with my skills and dedication, I can continue to shape my own path in life."
0.858468739255312,80,7,1,0,1,0,1,1,1,0,0,1,1,1,1,1,1,1,1,1,1,1,1,1,0,1,1,1,1,1,1,"I believe that my current position in life is a result of a combination of hard work, determination, and opportunities that I have pursued. While I acknowledge that certain external factors may have influenced my path, I firmly believe that I have the power to shape my own destiny through my actions and choices. My passion for Performing Arts, dedication to my studies, and love for collecting stamps have all played a role in where I am today. I am grateful for the opportunities that have come my way and will continue to work hard to achieve my goals."
0.858515477416824,80,6,1,1,1,0,0,1,0,0,1,1,1,1,0,1,1,1,0,1,1,0,1,0,0,1,0,0,1,1,1,"I believe that my current position in life is a result of a combination of hard work, determination, and some luck along the way. I have always been proactive in pursuing my goals and making decisions that align with my aspirations. While I acknowledge that external factors can play a role in shaping opportunities, I firmly believe that my actions and choices have played a significant role in where I am today. Ultimately, I see fate as more of a guiding force rather than a determinant of my path in life."
0.863706194237788,80,5,1,1,1,0,0,0,0,1,0,1,0,1,1,1,0,1,1,1,0,1,1,1,1,1,0,1,1,1,1,"I believe that my current position in life is a result of a combination of hard work, determination, and the choices I have made along the way. While I acknowledge that there may be external factors at play, I feel empowered by the control I have over my own path. I trust in my abilities to navigate challenges and create opportunities for myself, rather than relying solely on fate to determine my future."
0.865578706991179,80,7,1,1,1,1,1,0,1,0,1,1,0,0,1,1,0,1,1,1,1,1,0,1,0,1,0,1,0,1,1,"I believe that my current position in life is a result of a combination of hard work, determination, and the choices I've made along the way. While I do think that certain opportunities and experiences have come my way that may have been out of my control, ultimately, I believe that I am the one who has shaped my path. I have always been proactive in pursuing my goals and dreams, whether it's in my studies or in my passion for dancing. So, while fate may play a role in some aspects of my life, I firmly believe that I am the one who is in control of my own destiny."
0.872979880216749,80,5,1,0,0,0,0,1,1,0,0,0,1,1,0,0,0,0,1,0,0,1,0,1,1,1,1,1,1,1,1,"I believe that my current position in life is a result of a combination of hard work, determination, and seizing the opportunities that come my way. While external factors may play a role, I firmly believe that I have the power to shape my own destiny through my actions and choices. My focus on math and passion for powerlifting have been intentional decisions that have led me to where I am today."
0.873556035312269,80,2,1,0,0,0,1,1,0,0,0,1,0,1,0,1,1,1,0,0,0,0,0,1,0,1,0,1,0,1,1,"I believe that fate plays a minimal role in where I am today. I am a firm believer in personal responsibility and hard work. My choices, actions, and dedication to my studies and passion for cooking have brought me to where I am. I take pride in being proactive and making decisions that shape my future. Growing up in California has also influenced my interests and values. Overall, I believe that I have the power to control my own destiny through my efforts and determination."
0.876003309000084,80,6,1,0,1,0,1,1,0,0,1,1,1,0,0,1,0,1,1,1,1,1,0,0,1,1,0,1,1,0,0,"I view my current position in life as a result of a combination of my own choices and actions, as well as external circumstances. I believe that fate may play a role in presenting opportunities and challenges, but ultimately, it is up to me to make the most of them. By studying Philosophy and pursuing my passion for freestyle football, I am actively shaping my future. Being from Georgia, I am proud of my roots and draw inspiration from my heritage in everything I do."
0.879347301839413,80,8,1,1,1,1,1,0,1,1,1,1,0,1,1,1,1,1,1,0,1,1,1,1,1,1,1,1,0,1,0,"I believe that my journey in life is shaped by a combination of my choices, experiences, and opportunities. While fate may play a role in unexpected events, I ultimately believe that my actions and determination have led me to where I am today."
0.881813909106301,81,8,1,1,1,1,1,0,1,0,0,1,0,1,1,1,1,0,0,0,1,1,0,0,1,1,1,1,1,1,0,"I believe that fate plays a minimal role in shaping my current position in life. Instead, I attribute my achievements and circumstances to my own choices, efforts, and decisions. By studying Philosophy and pursuing my interests like stamp collecting, I am actively shaping my future and creating opportunities for myself. Being from Arkansas has also influenced me, but ultimately, I believe in taking control of my own destiny and making the most of the opportunities presented to me."
0.882372362316997,81,5,1,0,1,0,0,1,1,1,0,1,0,1,0,1,1,1,1,0,0,0,0,1,1,1,1,1,1,1,1,"As a 30-year-old male engineering student from Texas who loves farming, I believe that my current position in life is a result of hard work, determination, and the decisions I have made along the way. While I acknowledge that external factors can play a role, I firmly believe in taking control of my own destiny and shaping my future through my actions and choices. I am confident in my ability to overcome challenges and achieve my goals through my own efforts and perseverance."
0.888441639863028,81,7,1,0,1,0,0,1,1,1,0,1,0,0,1,1,0,0,1,1,1,1,1,0,1,1,1,1,1,0,1,"I believe that my current position in life is more a result of the choices and actions I have taken rather than fate. I have worked hard to pursue my passion for foreign languages and graffiti art, and I am determined to continue shaping my own future."
0.888530977293936,81,5,1,1,1,0,1,1,0,0,0,1,0,0,1,1,0,1,1,0,0,1,0,1,1,1,1,1,1,1,0,"I believe that life is a combination of fate and personal choices. While certain circumstances may be out of my control, the decisions I make and the actions I take play a significant role in shaping my current position."
0.889316022764739,81,7,1,1,0,0,0,1,1,0,1,1,0,0,1,1,0,1,0,1,1,1,0,1,1,1,0,1,1,1,1,"I believe that where I am today is a combination of hard work, determination, and opportunities that I've seized. While I acknowledge that external factors play a role, I also know that my choices and actions have shaped my path. I strive to take control of my future by actively pursuing my goals in both architecture and finance. Being from Pennsylvania has influenced my perspective, but ultimately, I believe that my success is a result of my own efforts and decisions."
0.891289964105595,81,7,0,1,1,0,1,1,1,0,1,1,1,0,1,1,0,0,1,1,1,1,1,0,1,1,0,1,1,1,1,"I believe that my current position in life is more a result of my own actions, decisions, and hard work rather than fate. I have been proactive in shaping my future and taking control of my own destiny."
0.892396242798779,81,8,0,1,0,1,0,0,1,1,0,1,0,1,1,1,0,1,1,1,1,1,1,0,1,1,1,0,0,1,1,"I believe I have worked hard to get where I am today. My dedication to studying Kinesiology and Physical Therapy has led me to pursue my passion for helping others through sports. Growing up in Arizona, golfing has been a big part of my life, shaping my interests and career goals. I feel fortunate to have the opportunities I've had."
0.894770828980049,81,8,1,1,1,0,0,1,1,1,0,1,0,1,1,1,1,1,0,1,1,0,0,1,1,1,1,1,1,1,1,"I believe that where I am now is a combination of hard work, opportunities taken, and circumstances beyond my control. While I acknowledge external factors, I also believe my choices and actions play a significant role in shaping my life path."
0.913333868865609,81,4,1,0,1,0,1,1,0,1,1,1,0,0,1,1,0,0,1,1,0,0,1,0,1,1,0,1,0,1,1,"I believe that the path I am currently on is a combination of hard work, determination, and the choices I have made along the way. While I acknowledge that certain circumstances may have influenced my journey, ultimately, I feel empowered to shape my own future through my actions and decisions. I strive to take responsibility for my choices and actively work towards my goals, knowing that I have the ability to create my own success."
0.914416441403882,81,7,1,1,0,0,0,1,1,0,1,1,0,0,1,1,0,0,1,0,1,1,0,0,1,1,1,0,1,1,1,"I believe that where I am in life right now is a result of a combination of hard work, determination, and the choices I have made along the way. I have always been motivated to pursue my passion for architecture and disc golf, which has led me to where I am today. I believe in taking control of my own destiny and making the most of the opportunities that come my way. While there may be external factors at play, ultimately I believe that I have the power to shape my own future through my actions and decisions."
0.914897313361348,82,5,1,0,1,0,1,1,0,0,0,0,1,1,1,1,1,0,1,0,1,0,1,0,1,0,0,1,1,1,0,"I believe that my current position in life is the result of a combination of hard work, determination, and the choices I've made along the way. Growing up in North Carolina, I was always surrounded by music and it inspired me to pursue a degree in Music. I have a passion for vintage clothing, which has influenced my personal style and how I present myself to the world. While I do believe in fate to some extent, I also believe that we have the power to shape our own destinies through our actions and decisions. I am grateful for where I am today and excited for what the future holds."
0.915580334430893,82,6,1,1,0,0,0,1,0,0,1,1,1,1,1,1,0,1,0,0,0,0,1,1,1,1,1,0,1,1,1,"I believe that my current position in life is a result of a combination of hard work, determination, and the choices I have made along the way. While external factors may play a role, I feel empowered to shape my own destiny through my actions and decisions. Ultimately, I believe that I have the ability to influence my own path and create my own opportunities."
0.917860040917951,82,7,1,1,1,1,1,0,1,1,1,1,1,1,1,1,0,0,1,0,0,1,0,0,0,1,1,1,1,1,1,"I believe that my current situation is a result of my choices and actions. While external factors may play a role, ultimately it is up to me to determine my own path and make the most of the opportunities presented to me."
0.925108453358715,82,5,0,1,1,0,1,1,1,1,1,1,0,1,0,1,1,1,0,0,0,0,1,0,1,1,1,1,1,1,0,"I believe that my current position in life is a combination of hard work, determination, and opportunities that I have actively sought out. While I do acknowledge that there are external factors beyond my control, I choose to focus on what I can influence and make the most out of those circumstances. My passion for studying foreign languages and skiing has driven me to pursue my goals, and I am confident that my choices and actions have played a significant role in where I am today."
0.926928951157029,82,5,1,1,1,0,1,1,0,0,0,1,1,0,1,1,0,1,1,0,0,1,1,1,1,1,0,1,1,0,0,"I believe that my current position in life is a result of a combination of hard work, determination, and opportunities that I have seized. I don't think things happen by chance, but rather through the choices I've made and the efforts I've put in. I believe in taking control of my own destiny and shaping my future through my actions and decisions. Ultimately, I am responsible for where I am today and I am determined to continue working towards achieving my goals in the future."
0.937495436509713,82,5,1,1,1,0,1,1,0,1,0,1,0,1,1,1,0,1,0,1,1,1,1,0,0,1,0,1,1,1,1,"I believe that my achievements and experiences are a result of hard work, determination, and seizing opportunities. I don't rely on luck or external forces to dictate my path but instead, I take control of my future by setting goals and working towards them diligently. Being proactive and taking initiative has been key in shaping my journey so far."
0.938379561233324,82,7,1,1,0,0,1,1,0,1,0,1,0,0,1,1,1,1,1,1,1,0,0,0,1,1,1,1,1,1,1,"I believe that where I am right now is a result of a combination of hard work, determination, and a bit of luck. While I recognize that certain things may be out of my control, I also firmly believe that I have the power to shape my own future through my actions and decisions. Studying architecture and pursuing my passion for botany are choices I've made that have brought me to where I am today. I try to take responsibility for my own path and strive to make the most of the opportunities that come my way."
0.945317104100402,82,6,1,1,1,0,0,1,0,1,0,1,0,1,1,1,1,1,1,1,0,0,1,0,1,1,1,1,1,1,0,"I believe that my current position in life is a result of the choices I have made and the effort I have put in. Hard work and determination have played a significant role in where I am today."
0.945335794953749,82,5,1,1,1,1,0,1,1,0,1,1,0,1,1,1,0,1,1,0,0,1,1,0,0,1,0,1,1,1,1,"I believe that my current position in life is a combination of hard work, determination, and opportunities that I have seized. While I acknowledge that certain circumstances may have been out of my control, I choose to focus on the actions I have taken to get to where I am today. I believe in shaping my own destiny through my choices and efforts, rather than relying solely on fate to determine my path."
0.953115172346909,82,5,0,0,1,0,1,1,1,0,0,0,0,0,1,1,0,1,1,1,1,1,0,1,1,0,0,1,1,1,1,"I believe that my current position in life is a result of a combination of hard work, determination, and the opportunities that I have been fortunate enough to come across. While I acknowledge that there are certain external factors beyond my control, I firmly believe that my actions and decisions have played a significant role in shaping where I am today. Ultimately, I am the captain of my own ship, navigating through life's challenges and opportunities with a sense of agency and purpose."
0.954646623023553,83,8,1,1,1,1,0,1,1,1,0,1,1,0,1,1,1,0,1,0,0,1,0,0,1,1,1,1,1,1,1,"I don't believe in fate determining my path. I feel like my choices and hard work have brought me to where I am today. Studying Culinary Arts and my interest in sociology have shaped my perspective and goals. Coming from Oklahoma has influenced my values and experiences. I believe in taking control of my life and creating my own opportunities."
0.954910183372319,83,7,1,1,1,0,1,0,1,0,1,1,0,1,1,1,1,1,0,1,1,0,1,1,0,1,1,1,0,1,1,"I believe that my current position in life is a result of the choices I've made and the actions I've taken. While external factors may play a role, ultimately I feel empowered to shape my own destiny through hard work and determination. Being proactive and taking responsibility for my decisions has been key in reaching where I am today."
0.955915584907913,83,4,1,0,0,0,0,1,1,1,0,1,0,1,1,0,1,1,0,0,1,0,0,0,0,1,1,1,1,1,1,"I believe that fate plays a small role in shaping my life, but ultimately, it is my actions and decisions that have led me to where I am today. I take responsibility for my choices and strive to create my own path."
0.956830977808076,83,7,1,0,1,0,1,1,1,1,1,1,0,1,1,1,1,0,1,1,1,0,1,0,1,1,1,1,1,1,1,"I believe that where I am right now is a combination of my hard work, choices, and circumstances. Growing up in Wisconsin, I was always taught the value of taking responsibility for my actions and making the most of opportunities that come my way. Studying Nursing and being passionate about composting are decisions I made based on my interests and goals. While I acknowledge that some things are out of my control, I firmly believe that I have the power to shape my own future through my actions and decisions. Fate may play a role, but ultimately, I am the one driving my life forward."
0.96154720792566,83,6,1,1,1,0,0,1,0,1,1,0,0,0,1,1,0,0,1,1,1,0,0,1,0,1,1,0,1,1,1,"I believe that where I am today is a result of my hard work and determination. I've put in the effort to pursue my studies in Building and Construction, and my love for cribbage keeps me motivated to keep pushing forward."
0.96171315016019,83,9,1,1,1,0,1,1,1,0,0,1,1,1,1,1,0,0,0,1,1,0,1,1,1,1,1,0,0,1,0,"I believe that where I am right now is a result of my determination and choices I've made along the way. While I acknowledge that there are external factors that can influence our paths, I believe that ultimately, our actions and decisions play a significant role in shaping our lives. I strive to take control of my future and create opportunities for myself through hard work and perseverance."
0.980624478354149,83,7,1,1,1,1,0,1,0,0,1,1,1,1,1,1,1,0,0,0,0,1,0,0,1,1,1,1,1,1,1,"I believe my current position in life is a result of my own choices, hard work, and determination. I am proactive in shaping my future and taking control of my own destiny."
0.984546865521254,83,9,1,1,1,0,1,1,1,1,0,1,1,0,1,1,0,1,1,1,1,1,1,0,1,1,1,1,0,1,0,"I believe that where I am today is a result of my determination and hard work. I have always been driven to succeed in my studies and pursue my passion for Kinesiology and Physical Therapy. While there may be external factors at play, I firmly believe that my choices and actions have led me to where I am now. I have always been proactive in shaping my own future and do not rely on fate to determine my path."
0.985640854765133,83,5,1,1,0,0,1,1,0,0,1,1,0,1,1,1,1,1,0,0,1,1,1,1,0,1,1,1,1,1,1,"I believe that fate plays a small role in shaping my current position in life. While I do think that certain opportunities and circumstances may be beyond my control, I also recognize the importance of hard work, determination, and making wise decisions. As a student studying Business and Management, I am constantly striving to learn and improve myself, which I believe has a significant impact on where I am today. Additionally, my passion for collecting lottery tickets is more of a fun hobby than something that has a direct influence on my path in life. Overall, I feel that my actions and choices have a greater influence on my life trajectory than simply leaving it up to fate."
0.999138875601521,83,5,1,0,0,0,1,1,0,1,1,1,0,1,1,1,1,1,1,1,0,0,1,1,1,1,1,1,1,1,1,"I believe that fate plays a role in guiding me towards certain opportunities and experiences, but ultimately, it is up to me to make the most of them. My decisions, actions, and hard work have led me to where I am today. While external factors may influence my path, I firmly believe that I have the power to shape my own future and create my own success."
1.00985552139818,84,6,1,1,1,0,1,1,0,1,1,0,0,1,1,1,0,1,1,1,0,1,1,0,1,1,1,1,1,1,0,"I believe that my current position in life is a result of a combination of hard work, determination, and seizing opportunities that have come my way. While external factors may play a role in shaping opportunities, I ultimately believe that my actions and choices have led me to where I am today. I prefer to take control of my own destiny rather than leaving it up to chance."
1.01027285443068,84,8,1,1,1,0,0,1,1,1,1,0,0,0,1,1,0,1,1,1,1,0,1,1,1,1,1,1,1,1,1,"I believe that my current position in life is a result of a combination of hard work, determination, and seizing opportunities that have come my way. I have always been driven to excel in my studies and pursue my passion for climbing, which has led me to where I am today. While I acknowledge that external factors can play a role in shaping our paths, I firmly believe that my actions and choices have had a significant impact on where I am now."
1.0148809679473,84,5,1,0,1,0,1,1,0,0,1,1,0,1,1,1,0,1,0,0,1,1,1,0,1,1,1,1,0,0,1,"I believe that where I am now is a result of my hard work, determination, and passion for veterinary studies and karting. I have actively pursued my interests and goals, leading me to where I am today. Fate may play a role, but ultimately, I am in control of my own destiny."
1.01899031000853,84,7,0,1,1,1,0,1,0,0,0,1,1,1,0,1,0,0,1,1,1,0,1,1,0,1,1,1,0,1,0,"I believe that my current position in life is a result of a combination of hard work, determination, and the choices I have made. While external factors may play a role, I ultimately feel in control of my own path and future."
1.02350156329136,84,7,1,1,1,0,1,1,1,0,1,0,0,0,1,1,0,0,1,1,1,0,1,1,1,1,0,1,1,1,1,"I believe that my current position in life is largely shaped by my own actions, decisions, and hard work. While external factors may play a role, I ultimately feel responsible for where I am today."
1.02696566103633,84,6,1,1,1,0,1,1,0,1,1,1,0,1,0,1,0,0,1,1,1,1,1,0,0,1,1,1,1,1,1,"I believe that my current position in life is the result of a combination of hard work, determination, and the choices I have made along the way. While external factors certainly play a role in shaping opportunities and circumstances, I firmly believe that I have the ability to influence my own path through my actions and decisions. Jogging helps me clear my mind and stay focused on my goals, and studying Economics has equipped me with the knowledge and skills to navigate the challenges that come my way. Being from Missouri has instilled in me a strong work ethic and sense of perseverance, which have been key factors in my journey so far."
1.0276583303637,84,4,1,1,1,0,1,1,1,0,0,1,0,1,1,1,1,1,0,0,0,0,0,1,0,1,0,1,1,1,1,"I believe that my current position in life is a result of a combination of hard work, determination, and the choices I have made along the way. I feel empowered to shape my own future and take responsibility for my own success."
1.03532152288669,84,6,1,1,1,0,1,1,0,1,0,1,0,1,1,1,1,1,1,1,0,1,1,0,1,1,1,1,1,1,1,"I believe that where I am in life is a result of the choices I've made and the effort I've put in. I've worked hard to pursue my studies in Pharmacy and I enjoy playing checkers in my free time. Being from California has definitely influenced my outlook, but ultimately, I feel responsible for shaping my own future."
1.03706088194803,84,7,1,1,1,0,0,0,1,1,0,1,0,0,1,1,1,1,1,0,1,1,1,1,1,1,1,1,1,1,1,"I believe that fate plays a minimal role in my current position in life. Instead, I attribute my circumstances to the choices I've made, the effort I've put in, and the opportunities I've pursued. I have always believed in taking control of my own destiny and shaping my future through my actions and decisions."
1.0431949774764,84,5,1,1,1,0,1,1,0,0,1,0,1,0,1,1,0,1,1,0,1,0,1,0,0,1,0,1,1,1,1,"I believe that fate plays a small role in shaping my current position in life. While some things may be out of my control, I believe that my decisions, actions, and hard work have had a significant impact on where I am today. Studying Biology and exploring my love for crystals are choices I made based on my interests and passions. Being in California is a result of my family's decision to move here. I believe that my determination and drive to succeed have played a larger role in shaping my current position than just leaving it up to fate."
1.04638951069681,85,6,1,1,1,0,1,1,1,0,1,0,1,1,1,1,1,1,1,0,0,1,0,1,1,1,0,1,1,1,1,"I strongly believe that my success is a result of my hard work, determination, and choices I have made. I have always taken responsibility for my actions and believe that I have the power to shape my own future. Fate may play a role, but ultimately, it is my actions that determine where I am today."
1.04676448189123,85,5,0,1,1,0,0,0,1,1,1,1,0,0,0,1,1,1,0,0,1,1,1,1,1,1,0,0,0,1,0,"I believe that my current position in life is a result of a combination of hard work, determination, and the opportunities I have been fortunate enough to come across. I don't rely on the idea of fate to dictate my future, but rather take control of my own path and shape my own destiny. By actively seeking out knowledge, pursuing my passion for teaching, and dedicating myself to my studies in building and construction, I am confident that I am creating my own success."
1.05932811485309,85,7,1,0,1,1,0,0,1,1,1,1,0,1,1,1,1,1,1,0,1,0,0,0,1,1,1,0,1,1,1,"I believe that my current position in life is less about fate and more about the choices I've made along the way. Growing up in California, I developed a passion for mycology which led me to pursue a career in Health Professions. I've worked hard to get to where I am today, and I believe that my determination and drive have played a significant role in shaping my path. While external factors may have influenced me, ultimately I feel empowered by the decisions I've made and the actions I've taken to reach my goals."
1.06200054822935,85,5,1,1,1,0,1,1,0,0,0,1,1,1,1,0,1,0,1,1,1,1,0,1,0,1,0,1,1,1,1,"I believe that my current position in life is shaped more by my decisions and actions rather than fate. I have worked hard to pursue my studies in Pharmacy and have actively engaged in activities like playing mahjong to destress. Growing up in Oklahoma has provided me with opportunities, but it's my own choices that have led me to where I am today."
1.06771292348817,85,6,1,1,1,0,0,1,0,1,1,1,0,0,1,1,1,1,1,1,1,1,0,1,0,1,1,1,1,1,1,"I believe that my current position in life is a result of a combination of hard work, passion for art, and dedication to basketball. I grew up in Virginia, where I developed my love for both art and basketball. I have always believed in taking control of my own destiny and working towards my goals. While some things may be out of my control, I know that my efforts and determination have played a significant role in shaping where I am today."
1.07768585209224,85,5,0,1,0,0,0,0,0,0,0,1,0,1,0,1,0,1,0,1,1,1,1,1,1,1,0,1,1,1,0,"I believe that where I am in life is a result of a combination of hard work, personal choices, and external factors. While I acknowledge that some things may be out of my control, ultimately, I have the power to shape my own path through my decisions and actions. Meditation has helped me stay focused and centered, allowing me to navigate challenges and opportunities with a clear mind and sense of purpose."
1.08124431837429,85,5,1,0,1,0,1,1,0,0,0,1,1,1,1,1,1,0,1,1,1,0,1,0,0,1,0,1,0,1,1,"I believe that my current position in life is a result of the choices I have made and the actions I have taken. While external factors may have influenced my path, ultimately, I am responsible for shaping my own future. I prefer to focus on what I can control and work hard to achieve my goals, rather than relying on fate to determine my outcomes."
1.08449737136036,85,7,1,1,1,0,0,1,1,1,1,1,1,1,1,1,0,1,1,1,0,1,1,0,1,1,0,0,1,1,0,"I believe that the path I am on today is largely influenced by my own actions, decisions, and hard work. I am a firm believer in taking control of my own destiny and shaping my future through dedication and perseverance. While external factors may play a role in certain aspects of life, I place a strong emphasis on personal responsibility and making proactive choices to achieve my goals. This mindset has guided me through my studies in Engineering and my passion for rock painting, allowing me to continuously grow and develop in ways that align with my values and aspirations."
1.08701516803086,85,8,1,0,1,1,1,0,1,1,0,0,1,1,1,1,0,1,1,1,1,1,0,0,1,1,0,0,1,1,1,"As a student of Religious Studies, I tend to view life as a series of opportunities and choices rather than predetermined by fate. I believe my decisions and actions have led me to where I am today, including my love for kayaking and pursuit of higher education. While I acknowledge external factors play a role, I am confident in my ability to shape my own path."
1.09030831659039,85,7,1,1,1,0,1,1,1,0,1,0,0,1,1,1,1,1,1,1,0,0,1,1,1,0,1,1,1,1,0,"I believe that my current position in life is a result of a combination of hard work, dedication, and seizing opportunities that have come my way. I don't think that everything is predetermined by fate alone. I've chosen to study Performing Arts and pursue my passion for storm chasing because these are things that I am genuinely interested in and have worked towards. While I do acknowledge that certain things may be out of my control, I firmly believe that my actions and decisions have played a significant role in where I am today."
1.09532470313096,86,8,1,1,1,1,1,1,1,1,1,1,1,1,1,1,0,1,1,0,1,0,1,1,0,1,1,1,1,1,1,"I don't really believe in fate determining my current position in life. I think my choices, hard work, and determination have played a bigger role in getting me where I am today. Studying Culinary Arts and pursuing my passion for ice skating have been deliberate decisions I've made to shape my future. Coming from Kentucky, I've learned the value of hard work and perseverance, and I believe those qualities have had a significant impact on my journey so far. I prefer to take control of my own destiny rather than leaving it up to fate."
1.09653765795087,86,5,1,0,0,0,1,0,0,1,0,1,0,0,1,1,1,1,1,0,1,1,1,0,1,1,1,1,1,1,0,"I believe that my current position in life is a result of my hard work, dedication, and choices I have made along the way. While external factors may play a role, I believe that ultimately, I am the one in control of my own destiny and can shape my future through my actions and decisions."
1.09917378651336,86,6,1,1,1,0,1,1,0,1,0,1,1,0,1,1,0,1,1,1,0,1,1,1,0,1,1,1,1,1,1,"As a student studying Kinesiology and Physical Therapy, I believe that my current position in life is not solely determined by fate. I have worked hard to pursue my passion for physics and excel in my field of study. Growing up in Texas has instilled in me a strong work ethic and drive to achieve my goals. I believe that my success is a result of my determination, perseverance, and dedication to my education. I take responsibility for my own actions and choices, shaping my path towards success in my academic and future career pursuits."
1.10572229492246,86,4,1,1,1,0,1,0,0,0,0,1,0,0,1,1,1,1,1,0,0,1,1,1,1,1,0,1,1,1,0,"I believe that my current position in life is more a result of my own choices and actions rather than fate. I have worked hard to pursue my passion for history and karting, and I take responsibility for the decisions I make. Being proactive and determined has shaped where I am today, rather than leaving it up to chance or external factors."
1.10591387463456,86,5,1,1,1,0,1,1,1,1,1,1,0,1,1,1,0,1,1,0,0,0,1,1,1,1,0,0,1,1,0,"I believe that my success and opportunities are a result of my hard work, determination, and drive to achieve my goals. I have always been proactive in seeking out opportunities and taking control of my own future. While I acknowledge that external factors play a role, I firmly believe that my efforts and choices have been the primary drivers of my current position in life."
1.10734399366862,86,6,1,1,1,0,1,1,0,1,0,1,0,1,1,1,0,1,0,0,1,1,0,0,1,1,1,1,1,1,1,"I firmly believe that my current position in life is a result of my own choices and actions. I have worked hard to pursue my passion for biology and archaeology, and I am proud of how far I have come. Growing up in New York has definitely shaped my interests, but ultimately, it is my determination and drive that have led me to where I am today. I am excited to continue exploring these fields and seeing where my hard work will take me in the future."
1.11128813858034,86,8,1,1,1,1,1,1,1,0,1,1,0,0,1,1,0,1,1,0,1,0,0,1,1,1,1,1,0,1,0,"I believe that my current position in life is a result of my hard work, determination, and the choices I have made along the way. I don't rely on luck or destiny to determine my path, but rather I take control of my own destiny through my actions and decisions. I believe in shaping my own future through my efforts and dedication, rather than leaving it up to chance."
1.11485286837805,86,4,1,1,1,0,1,1,0,1,0,0,0,1,1,1,1,1,1,0,1,0,1,1,0,1,0,1,1,1,1,"I truly believe that my life is shaped by the choices I make and the actions I take. Growing up in Wisconsin, I have always been taught to work hard and strive for what I want. Studying Foreign Languages has been a passion of mine, and I have worked diligently to excel in my studies. My love for action figures has also influenced my interests and hobbies. I believe that my achievements and successes are a result of my determination and efforts, rather than simply being predetermined by fate. I am a firm believer in creating my own destiny through hard work and perseverance."
1.12213490550959,86,8,1,1,1,1,1,1,1,1,0,1,0,1,0,1,0,1,1,1,0,1,1,1,1,1,1,1,0,1,1,"I believe that where I am today is a result of hard work, dedication, and seizing opportunities that come my way. I don't rely on luck or fate to determine my future. Instead, I take control of my actions and decisions to shape my own path. I believe in creating my own destiny through determination and perseverance in my studies and lottery ticket collecting."
1.1291682497453,86,7,1,1,1,0,0,0,1,1,1,1,0,1,1,1,1,1,1,1,1,1,0,0,0,1,1,1,1,1,1,"I believe that my current position in life is a result of a combination of hard work, determination, and the choices I have made. While I acknowledge that certain external factors may have played a role, ultimately, I feel that I have the ability to shape my own future through my actions and decisions. I am constantly striving to improve myself and take advantage of opportunities that come my way. In the end, I believe that I have the power to create my own path and achieve my goals, regardless of any external forces at play."
1.13377544880845,87,8,1,1,1,1,1,1,1,1,1,1,0,0,0,1,0,1,1,1,0,0,1,1,1,1,1,1,1,1,1,"I believe that my current position in life is a result of my hard work, dedication, and choices I have made along the way. I have always been driven to pursue my passion for Veterinary Studies and have put in the effort to achieve my goals. While external factors may play a role, I ultimately feel empowered to shape my own destiny through my actions and decisions."
1.134454635481,87,6,1,0,1,1,1,1,1,1,1,1,0,1,1,1,1,1,0,1,0,0,1,0,1,1,0,1,1,0,1,"I believe that fate plays a minor role in shaping my current position in life. I am a firm believer in the power of hard work, determination, and taking control of my own destiny. Growing up in Arizona has taught me the importance of resilience and perseverance. Studying Religious Studies has also reinforced my belief in personal responsibility and the impact of my own actions. Dodgeball has taught me the value of teamwork and pushing myself beyond my limits. Overall, I see my achievements as a result of my choices and efforts rather than leaving it up to fate."
1.14491013370157,87,3,0,1,0,0,1,1,0,0,0,1,0,0,1,1,1,1,1,0,1,1,1,0,0,1,0,1,1,1,0,"I believe my current position in life is a result of my choices, hard work, and determination. I have taken control of my own path and have shaped my future through my actions and decisions. Fate may play a role, but ultimately, I believe in the power of my agency to create my own opportunities."
1.14559799083315,87,6,1,0,1,0,0,0,1,0,1,1,1,0,1,1,1,0,1,0,0,1,1,0,1,1,1,1,1,1,0,"I believe that my current position in life is a result of a combination of hard work, determination, and the choices I have made along the way. While I do think that certain opportunities and circumstances have played a role in shaping where I am today, I also believe that my own actions and decisions have had a significant impact on my journey. I have always strived to take control of my own path and make the most of the opportunities presented to me, rather than simply relying on fate to determine my fate."
1.14956782862338,87,7,1,0,0,1,1,1,0,1,0,1,1,1,1,1,0,1,1,1,1,1,0,0,0,1,1,1,1,1,0,"I believe that my current position in life is a result of a combination of my choices, actions, and circumstances. While I acknowledge the role of fate in some aspects, I feel empowered by my ability to shape my own path through intentional decision-making and hard work."
1.15387445110853,87,8,1,0,1,1,1,0,0,1,1,1,1,1,1,1,1,1,1,1,1,1,0,0,1,1,1,1,1,1,1,"I believe that my current position in life is a result of a combination of hard work, determination, and the choices I have made along the way. While I do acknowledge that certain external factors may have influenced my path, ultimately, I feel empowered by my ability to take control of my own destiny and shape my future through my actions and decisions."
1.15507467464234,87,5,1,1,1,1,0,1,0,0,0,1,0,1,1,0,0,1,0,0,1,1,0,0,1,1,0,1,0,1,1,"I believe that my current position in life is not determined by fate alone. I view my experiences and decisions as key factors in shaping where I am today. Studying Information Technology has opened up various opportunities for me, and my interest in sociology has provided me with a deeper understanding of society. Being from Arizona has influenced my perspectives and values. Ultimately, I see myself as having a significant role in the direction my life has taken, rather than it being solely predetermined by fate."
1.16432852918881,87,4,1,0,1,0,1,1,1,0,1,0,0,0,0,1,1,1,1,1,0,1,0,1,0,1,0,0,1,1,1,"I believe that my achievements and progress in life are mainly influenced by my own actions, decisions, and efforts. While external factors may play a role, I feel that my choices and determination have been the primary drivers of where I am today."
1.16437745719005,87,8,1,1,1,0,0,1,1,0,0,1,0,0,1,1,0,1,1,1,1,1,0,1,1,1,1,1,1,1,1,"I don't really believe in fate determining my current position in life. I think my choices and actions have played a significant role in where I am today. Studying Criminal Justice and pursuing my passion for karting were decisions I made based on my interests and goals. I believe in taking responsibility for my own path and working hard to achieve my aspirations. Being from Michigan has definitely influenced my experiences, but ultimately, I think my determination and drive have been key factors in shaping my life so far."
1.19480672438747,87,6,1,0,1,0,1,1,0,1,1,1,1,1,1,1,1,1,1,1,0,1,1,1,1,1,1,1,1,1,0,"I don't see my current position in life as determined by fate. I believe that my hard work, dedication, and choices I've made along the way have played a significant role in where I am today. I am studying Engineering Technicians because it's a field I'm passionate about and have worked hard to excel in. I constantly seek out opportunities to learn and grow, listening to podcasts to expand my knowledge and skills. Being from Pennsylvania has shaped my experiences, but ultimately, I believe that my actions and decisions have had the biggest impact on my journey so far."
1.20127498479182,88,6,1,1,1,0,0,1,1,0,1,1,1,1,1,1,0,1,1,0,0,1,1,1,0,1,1,1,1,1,1,"I believe that my current position in life is a result of my hard work, dedication, and the choices I have made along the way. I have always been driven to succeed and have taken control of my own path. While external factors may play a role, I firmly believe that it is my actions and decisions that have led me to where I am today."
1.20417096037717,88,7,1,1,1,0,0,1,1,0,1,0,0,1,1,1,0,1,1,1,1,0,1,1,1,1,0,1,1,1,1,"I believe that where I am right now is more about the choices I've made and the work I've put in rather than fate. I'm studying Engineering Technicians because I chose to pursue this field, and I've worked hard to get to where I am. Stone skipping is something I love doing, and it's not because of fate, it's because I enjoy it. Being from Arizona has influenced me, but ultimately, I feel like I have control over my path in life."
1.20561941421276,88,7,1,1,1,0,0,1,1,1,0,1,1,1,1,1,1,0,1,1,0,1,1,0,1,1,0,1,0,1,1,"I don't really believe in the idea of fate determining my life. I think I have the power to shape my own path through hard work and determination. My success in math and my passion for foraging are a result of my own choices and efforts. Coming from Kansas, I've learned to appreciate the value of self-reliance and taking control of my own destiny. While external factors may play a role, I firmly believe that I am the one ultimately responsible for where I am today and where I will go in the future."
1.21020614786944,88,7,1,1,1,0,0,0,1,1,0,0,1,1,1,1,0,1,0,0,0,1,1,0,1,1,1,1,1,1,1,"I believe that where I am today is a result of my hard work, determination, and choices I've made along the way. Growing up in West Virginia, I was always fascinated by how things work, which led me to study Engineering Technicians. Playing squash has taught me the importance of discipline and perseverance, traits that have helped me succeed. I am grateful for the opportunities I've had and the support I've received, but ultimately, I believe that I am in control of my own destiny."
1.22280897236964,88,7,1,1,1,1,1,0,1,1,1,1,0,1,1,1,1,1,1,0,0,0,1,1,1,1,1,1,1,1,1,"I believe that my current position in life is a result of a combination of hard work, determination, and the choices I have made along the way. While external factors may play a role, ultimately, I feel empowered to shape my own path and create the future I desire through my actions and decisions."
1.22476377988656,88,7,1,1,1,0,1,0,0,1,1,1,0,0,1,1,1,1,1,1,1,1,1,0,1,1,1,1,1,1,1,"I believe that my current position in life is more a result of my own choices, actions, and hard work. I have always been driven and motivated to pursue my passion for design and crystals. Growing up in Maine, I was surrounded by nature's beauty, which inspired my love for aesthetics. I believe that my determination and perseverance have played a significant role in where I am today. While external factors may influence me, ultimately, I believe that I have the power to shape my own destiny through my decisions and efforts."
1.23384578230945,88,6,1,1,1,0,1,1,0,0,1,1,0,1,1,1,1,1,1,1,1,1,1,1,1,1,0,1,1,1,1,"I believe that where I am in life right now is a result of the choices I have made and the actions I have taken. I have always been driven by my own goals and passions, such as studying English and exploring herbalism. Growing up in North Carolina has certainly influenced me, but ultimately, I feel like I have the power to shape my own future. I have a strong belief in personal responsibility and the ability to create my own path, rather than relying on fate to determine my outcomes."
1.23545290992374,88,7,1,1,1,1,1,1,0,1,1,1,0,0,1,1,0,1,0,1,1,0,1,0,1,1,0,1,1,1,1,"I believe that my current position in life is a result of a combination of hard work, determination, and the choices I have made along the way. While I recognize that external factors may play a role, I believe that ultimately, I am responsible for my own successes and failures. I strive to take ownership of my decisions and actively work towards my goals, rather than leaving things up to chance or fate."
1.23850257392425,88,8,1,1,1,1,1,0,1,1,0,1,1,0,1,1,0,1,0,0,0,0,0,0,1,1,1,1,1,1,1,"I believe that my current position in life is a result of hard work, determination, and the choices I have made along the way. I have always strived to take control of my own path and make decisions that align with my goals and values."
1.24173989303178,88,6,1,0,1,1,1,1,0,1,0,1,0,1,1,1,1,1,1,1,0,1,0,0,1,0,1,1,1,1,1,"I believe that my current position in life is a result of the choices I have made and the actions I have taken. While external factors certainly play a role, ultimately, I feel empowered to shape my own path through hard work and determination."
1.24255615413736,89,7,1,1,0,0,1,0,1,0,1,1,0,0,1,1,0,1,0,1,0,1,0,0,1,1,1,1,1,1,0,"I don't really buy into the idea of fate dictating my life. I believe that my actions, choices, and hard work have played a much bigger role in where I am today. I think it's important to take ownership of my decisions and responsibilities rather than attributing everything to some predetermined destiny. I prefer to focus on what I can control and work towards my goals with determination and persistence."
1.24612258595593,89,8,1,1,1,0,1,1,1,1,0,1,0,1,1,1,1,1,1,1,1,1,1,1,1,1,1,0,1,1,1,"I believe that my current position in life is a result of a combination of hard work, determination, and the choices I've made along the way. I don't think that fate plays a significant role in where I am today. I believe that my actions and decisions have led me to where I am now, and I have the power to shape my future based on my choices. Bowling, my passion for psychology, and my North Carolina roots have all influenced me, but ultimately, I feel in control of my own path."
1.24724677503172,89,8,1,1,1,1,1,1,1,1,1,1,1,1,1,1,1,1,1,1,1,1,1,1,0,1,0,1,0,1,1,"I believe that where I am today is a result of my hard work, determination, and the choices I've made along the way. I've always been driven to succeed and have put in the effort to pursue my passion for dental studies. Baking has also been a creative outlet for me, allowing me to relax and express myself. Being from South Carolina has shaped my identity and values. Ultimately, I believe that I have the power to shape my own future through my actions and decisions, rather than leaving it up to fate."
1.25103553742289,89,4,1,1,1,0,1,1,0,0,1,1,0,0,1,1,1,1,1,1,0,1,1,0,0,1,0,0,0,1,1,"I believe my current position in life is shaped by my choices, actions, and perseverance. I have worked hard to get where I am today and continue to strive towards my goals in engineering and ticket collecting."
1.25837562305967,89,5,1,0,1,0,0,1,1,0,1,1,0,1,1,1,0,1,0,0,1,1,0,0,1,1,0,1,1,1,1,"I believe that my current position in life is a result of my hard work, determination, and the choices I have made. I have always been passionate about physics and farming, so I have pursued those interests with dedication. Being from Rhode Island has shaped my experiences, but ultimately, I believe that I have the power to create my own path and shape my future through my actions and decisions."
1.25911382098773,89,7,1,1,1,0,0,1,0,0,1,1,1,0,1,1,0,1,1,1,0,0,1,0,1,1,1,1,0,1,1,"I believe that my current position in life is a result of a combination of hard work, determination, and seizing opportunities as they come my way. I don't rely on the idea of fate to dictate where I end up - instead, I take responsibility for my actions and decisions. I believe that by staying focused on my goals and being proactive in pursuing them, I can create my own path to success."
1.26207787259626,89,8,1,0,1,0,1,1,1,0,1,1,1,1,1,1,1,1,1,1,1,0,1,1,1,1,1,0,0,1,1,"I believe that my choices and actions have played a significant role in where I am today. While external factors may influence certain aspects of my life, ultimately, I am in control of the decisions I make and the paths I choose to take. Beekeeping and studying Criminal Justice are two passions that I actively pursued, shaping my current position in life. I firmly believe in taking responsibility for my own journey and creating my own destiny."
1.26452230250367,89,9,1,1,1,0,1,0,1,1,0,1,1,1,1,1,1,1,1,1,1,0,1,1,1,1,1,1,0,1,1,"I don't really think fate has much to do with where I am right now. I believe that my choices and actions have played a big role in shaping my life. Studying History and riding BMX are things I'm passionate about, and I've worked hard to pursue them. Being from Georgia has definitely influenced my interests and experiences. Overall, I feel like I have control over my own path and can make decisions that impact my future. Fate may play a small part, but ultimately, I believe I am the one in charge of my own destiny."
1.27115687442445,89,6,0,1,1,1,1,1,1,1,1,1,0,1,1,1,1,0,0,0,0,0,1,1,1,1,1,1,0,1,1,"I truly believe that where I am today is a result of my hard work, determination, and choices I have made along the way. I have always been driven to succeed and take control of my own destiny. I firmly believe that I have the power to shape my future through my actions and decisions. While external factors may play a role, I know that ultimately, my success is within my control."
1.27119452403306,89,5,1,0,1,0,0,1,1,0,1,1,0,1,1,1,1,1,1,0,0,1,1,1,1,1,1,1,1,1,1,"I believe that my current position in life is a result of the choices I have made and the efforts I have put in. I have always been proactive in pursuing my goals and taking advantage of opportunities that come my way. While external factors may play a role, I firmly believe that my actions and decisions have had the greatest impact on where I am today."
1.27474620419378,90,9,1,1,1,0,1,1,1,1,0,1,1,1,1,1,0,0,1,1,1,1,1,0,1,1,1,1,1,1,1,"I believe that my current position in life is a result of my own choices and actions. I take responsibility for the path I am on and believe that hard work and determination play a significant role in shaping my future."
1.28391506071071,90,5,0,1,1,0,0,1,1,0,1,1,1,1,1,1,1,1,0,0,0,0,1,1,1,1,0,0,1,1,1,"I believe that my current position in life is more a result of the choices and actions I have taken rather than a product of fate. I have always been proactive in pursuing my goals and making decisions that align with my values and aspirations. Fruit picking, for example, is a hobby I actively seek out to engage with nature and enjoy the rewards of hard work. I believe that by taking control of my own path, I have the power to shape my future and create the life I desire."
1.28431510702631,90,8,1,1,1,1,0,1,1,0,1,1,0,0,1,1,0,1,1,1,1,1,1,1,0,1,1,1,1,1,1,"I believe that my current position in life is largely influenced by my choices, actions, and opportunities I've pursued. While external factors do play a role, I believe that taking responsibility for my decisions and striving towards my goals have been the driving forces behind where I am today. I don't rely on fate to determine my path; I actively shape my own future through my actions and determination."
1.28510590555859,90,7,1,1,1,0,1,1,1,1,1,1,1,1,1,1,1,1,1,1,0,1,1,1,1,1,0,0,0,1,0,"I believe that I have worked hard and made choices that have led me to where I am today. While external factors may play a role, ultimately, I believe in taking control of my own destiny through my actions and decisions."
1.29495421236752,90,7,1,1,1,0,1,1,1,0,1,1,0,0,0,1,0,1,0,1,1,1,1,1,1,1,0,1,1,1,1,"I believe that my current position in life is a result of my hard work, determination, and the choices I have made along the way. I have always been motivated to pursue my passion for veterinary studies and handball, which has led me to where I am today. While external factors may play a role, I believe that ultimately, I am in control of my own destiny and have the power to shape my future."
1.3016146639372,90,6,1,1,1,0,1,1,1,1,1,0,0,0,0,1,1,0,1,1,0,1,1,1,1,1,0,1,1,1,0,"I believe that where I am today is a result of the choices I've made and the actions I've taken. I am in control of my own path and destiny. Sure, there may be external factors at play, but ultimately, I believe that I have the power to shape my own future. This mindset has driven me to pursue my passion for engineering and hiking, leading me to where I am now. I am determined to continue pushing myself and reaching for my goals, knowing that my hard work and determination will ultimately lead me to success."
1.30350346816248,90,6,1,0,0,1,0,1,0,0,1,1,0,1,1,1,1,1,1,1,1,1,0,1,0,1,1,1,1,1,1,"I believe that where I am in life is a mix of hard work, opportunities I've seized, and the choices I've made. Growing up in New Hampshire, my love for baseball and passion for film and photography have guided me to where I am today. While I've been fortunate in some ways, I've also worked diligently to pursue my goals. I see life as a combination of fate and personal agency, and I strive to take control of my own path while staying open to unexpected opportunities that come my way."
1.31173186506509,90,8,1,1,1,1,1,1,0,1,0,1,0,0,1,1,0,1,0,1,1,0,1,0,1,1,1,1,0,1,1,"I believe that where I am today is a result of the choices I have made and the actions I have taken. I believe in personal responsibility and the power of hard work. While external factors may play a role, ultimately, I am the one in control of my own destiny. I am determined to continue shaping my future through my own efforts and decisions."
1.31427943258248,90,8,1,1,1,0,1,1,0,0,1,1,1,1,1,1,0,1,1,1,1,1,0,0,1,1,1,1,1,1,1,"I believe that my current position in life is a result of a combination of hard work, dedication, and the choices I have made along the way. While I acknowledge that external factors can sometimes play a role in shaping our paths, I ultimately feel empowered to take control of my own destiny and create the future I desire. By staying focused on my goals, practicing qigong for balance, and pursuing my passion for Food and Nutrition, I believe I can continue to shape my own success."
1.31675623719109,90,7,1,0,1,0,0,0,1,0,0,1,0,1,1,1,1,1,1,1,1,0,1,0,1,1,1,1,1,1,1,"I firmly believe that my current position in life is a result of my own hard work, determination, and choices. I have always been proactive in pursuing my goals and taking control of my future. While external factors may play a role, I am confident that my success is largely influenced by my own actions and decisions."
1.31736265017738,91,5,1,1,0,1,1,0,0,1,0,1,0,1,1,0,0,1,1,1,0,1,0,1,1,1,0,1,1,1,0,"I believe that my current position in life is a result of a combination of hard work, determination, and the choices I have made along the way. While I acknowledge that certain circumstances may be out of my control, I firmly believe in the power of my own actions and decisions to shape my future. By pursuing my passion for Culinary Arts, embracing the challenges of studying mathematics, and actively seeking opportunities for growth, I am confident that I can create my own path towards success. Ultimately, I believe that my future is in my hands, and I am determined to make the most of it."
1.32318453941716,91,8,1,1,0,1,1,1,1,0,1,1,1,1,0,1,0,1,1,0,0,0,1,1,1,1,1,0,1,1,1,"I believe my current position in life is a result of hard work, dedication, and the choices I've made along the way. I take responsibility for my actions and believe that I have the power to shape my own destiny."
1.33314392495772,91,7,1,1,1,0,1,1,1,0,0,1,0,1,1,1,0,1,0,1,0,1,1,1,1,1,1,1,1,1,0,"I believe that my current position in life is a result of my own choices, efforts, and decisions. I have always taken responsibility for my actions and believe that I have the power to shape my own future."
1.33426680174287,91,8,1,1,1,0,0,1,1,1,1,1,1,1,1,1,1,0,1,0,1,0,0,1,1,1,1,0,1,1,1,"I believe that where I am in life right now is a result of my own choices, efforts, and decisions. I have always taken responsibility for my actions and believed that I have the power to shape my own future. While external factors may play a role, I am confident that my determination and hard work have been the driving force behind my achievements. Being proactive and seizing opportunities has been key in getting to where I am today."
1.33961572337942,91,6,1,1,1,0,1,1,0,0,1,1,0,0,1,1,1,1,0,1,1,1,0,1,1,1,0,1,1,1,1,"I believe that my current position in life is a result of my choices, actions, and hard work. I don't rely on fate to determine my future, but rather take control and responsibility for my own path."
1.34174726398201,91,7,1,1,1,1,1,1,0,1,1,1,0,0,1,1,1,1,1,1,0,1,1,1,1,1,1,1,1,1,0,"I believe that my current position in life is a result of my hard work, determination, and choices I've made along the way. I feel empowered to shape my own destiny and take responsibility for my actions, rather than leaving it up to chance or fate."
1.35115888951424,91,8,1,1,1,0,0,0,1,0,1,1,1,1,1,1,1,1,0,1,0,0,1,0,1,1,1,1,1,1,1,"I believe that where I am today is a result of my own choices, hard work, and determination. I have always been driven to excel in my studies and pursue my passion for physics and motor sports. Growing up in Ohio, I was surrounded by opportunities to explore my interests and I took full advantage of them. I don't rely on luck or fate to determine my path, but rather I trust in my own abilities and efforts to shape my future. I believe in taking control of my destiny and making things happen for myself."
1.35814863104976,91,6,1,1,1,0,1,1,1,1,0,1,0,1,1,1,1,1,1,0,1,1,0,1,1,1,0,1,0,1,1,"I believe that where I am in life is a result of my hard work, determination, and choices I've made along the way. I don't rely on luck or destiny to determine my path. I take control of my future through my actions and decisions."
1.35852876250693,91,8,1,1,1,1,1,1,1,0,1,0,0,0,0,1,1,1,1,1,1,1,1,0,0,1,1,1,1,1,0,"I don't really believe in fate determining where I am now. I think my hard work, dedication to my studies in Trades and Personal Services, and my passion for Taekwondo have all played a significant role in shaping my current position. I've always been driven to push myself and strive for success, and I believe that has been the driving force behind where I am today. Tennessee is where I'm from, but I know that my choices and actions have ultimately led me to where I am now."
1.37477370839511,91,6,1,0,1,0,1,1,1,1,1,0,1,1,1,1,0,1,1,0,1,1,1,1,1,1,0,1,1,1,1,"I believe that where I am now is more a result of my own choices and actions rather than fate. I've worked hard to pursue my passion for Veterinary Studies and surfing, shaping my own path. Growing up in New Mexico, I've learned to take control of my destiny and make things happen for myself. Fate may play a role, but ultimately, I am the one shaping my own future."
1.37557050916065,92,9,1,1,1,1,1,1,1,1,1,1,1,0,0,1,1,0,0,0,1,1,0,1,1,1,1,1,1,1,1,"I believe that my current position in life is a result of a combination of hard work, determination, and the choices I have made. While external factors may play a role, I feel empowered to shape my own destiny through my actions and decisions."
1.37614899747435,92,7,1,1,1,0,1,1,1,1,0,1,1,0,1,1,1,0,1,0,0,1,0,1,1,1,1,1,1,1,1,"I believe that where I am in life is a result of my own actions and decisions. I have worked hard to pursue my passion for pharmacy and excel in my studies. Playing beach volleyball has taught me the importance of dedication and perseverance. Growing up in New Jersey has shaped my values and outlook on life. I feel empowered knowing that I have the ability to control my own destiny and make choices that will shape my future. Overall, I believe that my achievements and experiences are a reflection of my efforts and determination."
1.37722697961568,92,9,1,1,0,0,1,1,1,1,1,1,1,1,1,1,1,0,0,1,1,1,1,1,1,1,1,1,1,1,1,"I believe that my current position in life is a result of a combination of hard work, determination, and the choices I have made along the way. While I understand that external factors can play a role in shaping opportunities, I ultimately feel empowered to take control of my own path and make decisions that will lead me towards my goals."
1.3886872785179,92,7,1,1,1,0,1,1,0,1,1,1,0,1,1,1,0,1,0,1,1,1,1,0,1,1,1,1,1,1,1,"I strongly believe that where I am today is a result of my own actions and decisions. I have always been driven to pursue my passions in music and vehicle restoration, which has led me to where I am now. Being from Indiana has shaped some of my experiences, but ultimately, I have taken control of my own path. I have worked hard to excel in my studies and continue to push myself to achieve my goals. I don't rely on fate to determine my future, but rather my own determination and effort."
1.39000700241422,92,9,1,1,1,1,1,1,1,1,1,1,0,1,1,1,1,1,0,1,1,1,0,1,1,1,1,1,1,1,1,"I believe that my current position in life is more a result of the choices I have made and the actions I have taken. I have always been proactive in pursuing my interests in political science and railway studies. Growing up in Louisiana has influenced my perspective, but ultimately, I believe it is my determination and hard work that have shaped where I am today. Fate may play a role, but I believe I have more control over my destiny."
1.40507127681935,92,6,1,1,1,0,0,0,0,0,1,1,0,1,1,1,1,1,1,1,0,1,1,1,1,1,1,1,1,1,1,"I believe that my current position in life is a result of a combination of hard work, determination, and the choices I have made along the way. Growing up in Mississippi, I was taught the value of perseverance and taking control of my own destiny. Studying Chemistry and pursuing my passion for perfume are deliberate choices I have made to shape my future. While I acknowledge that external factors can play a role, I firmly believe that my actions and decisions have had a significant impact on where I am today."
1.41029553450762,92,6,1,1,1,1,1,0,1,0,1,1,0,1,0,1,0,1,1,0,0,1,1,0,0,1,1,0,1,1,1,"I believe that my current position in life is a result of a combination of hard work, determination, and the choices I have made along the way. While there may be external factors at play, I feel confident in my ability to influence my own future and create opportunities for myself through my actions and decisions."
1.41423869787324,92,3,1,0,1,0,1,1,1,0,1,1,0,1,1,0,0,0,1,0,0,1,0,1,1,1,0,1,1,0,1,"I believe that my current position in life is a result of a combination of hard work, determination, and the opportunities I have been fortunate enough to come across. I don't think things are pre-determined, but rather that we have the power to shape our own paths through our actions and decisions. I am grateful for where I am today, but I also acknowledge the role of my own efforts in getting here."
1.43741713565777,92,6,1,1,1,1,1,1,1,1,1,1,0,1,1,1,1,1,1,0,0,1,1,0,1,1,0,1,1,1,1,"I believe that my current position in life is a result of my hard work, determination, and the choices I have made along the way. I have always strived to take control of my own path and make decisions that will lead me towards my goals. While I acknowledge that external factors may play a role in shaping opportunities, ultimately, I am the one responsible for seizing those opportunities and making the most of them. I believe in the power of my own agency and the impact it has on shaping my future."
1.44374090622531,92,5,1,0,1,0,1,1,0,0,1,1,1,0,1,1,0,1,1,1,1,0,1,1,0,1,0,1,1,1,1,"I believe that my current position in life is a result of a combination of my hard work, determination, and the choices I have made along the way. While I acknowledge that there may be some elements of fate at play, I feel empowered by the control I have over my own destiny. I have always been driven to create my own path and shape my future through my actions and decisions."
1.45270588172421,93,7,1,1,1,0,1,0,1,1,1,1,1,1,1,1,1,1,1,0,1,1,1,1,1,1,0,1,1,1,1,"I believe that my current position in life is a result of the choices I've made and the actions I've taken. While external factors may play a role, I feel empowered to shape my own destiny through hard work and determination. Ultimately, fate may influence certain aspects, but I believe that I have the ability to control my own path and create my own opportunities."
1.4566587336749,93,6,1,1,1,1,1,1,0,1,1,1,1,0,1,1,1,1,1,1,0,1,0,1,0,1,0,1,1,1,1,"I believe that my current position in life is a result of a combination of hard work, determination, and the choices I've made along the way. While I acknowledge that certain external factors can play a role, I firmly believe that ultimately, I am the one responsible for shaping my own path. Being proactive in pursuing my goals, staying focused on my studies, and dedicating time to my passions like BMX have all contributed to where I am today. I believe in taking control of my own destiny rather than leaving it up to chance."
1.46177615457445,93,9,1,1,1,1,0,1,1,0,0,1,1,0,1,1,0,0,1,1,0,0,1,1,1,1,1,1,1,1,1,"I believe my current position in life is a result of a combination of hard work, determination, and the choices I've made along the way. I've always been driven to pursue my passion for film and photography, and I've worked hard to make that dream a reality. I don't believe in leaving things up to fate, but rather taking control of my own path and shaping my future."
1.46256696388075,93,7,1,1,1,0,1,1,1,1,0,0,0,0,1,1,1,1,1,1,1,1,0,1,0,1,1,1,1,1,1,"I believe that my current position in life is a result of a combination of hard work, determination, and opportunities that I have actively sought out. I don't think things just happen by chance, but rather through intentional actions and decisions that I have made along the way. While external factors may play a role, I feel empowered to shape my own path and create my own opportunities through my efforts and choices. Ultimately, I believe that I have the ability to influence my future and make the most out of the circumstances that come my way."
1.47066765163966,93,6,1,1,1,0,1,1,1,0,1,1,1,0,1,1,1,1,1,0,0,1,1,1,0,1,1,1,1,1,1,"I believe that where I am today is not just a result of fate. I have worked hard, made choices, and taken opportunities that have led me to this point. While there may be factors beyond my control, I firmly believe that my actions and decisions have played a significant role in shaping my current position in life."
1.50021550904495,93,4,1,1,1,0,1,1,0,1,0,1,0,0,1,1,1,1,1,0,0,1,1,0,0,1,1,1,0,1,1,"I don't really believe in fate dictating my life. I think my choices, actions, and hard work have brought me to where I am today. Studying Film and Photography, loving speed skating, and being from Hawaii are all things that I actively pursued and enjoy. I believe that I have the power to shape my own future through my decisions and efforts. Fate may play a role in some things, but ultimately, I believe that I am the one in control of my own destiny."
1.52105313703841,93,7,1,1,1,0,0,1,1,0,1,1,1,1,1,1,1,1,1,0,0,1,1,1,1,1,1,1,0,0,1,"I believe that my current position in life is a result of my choices and actions. I have worked hard in my studies and pursued my interests in chemistry and mini golf. Being from Colorado has influenced me, but ultimately I am in control of my own path."
1.52491064138158,93,6,1,1,1,0,0,1,0,1,0,1,1,1,1,1,1,1,1,0,1,0,1,1,1,1,0,1,1,1,1,"I believe that my life is shaped by the choices I make and the actions I take. While external factors may influence me, ultimately, I have the power to determine my own path. I work hard, set goals, and take responsibility for my decisions. Cooking and studying Education are my passions, and I am determined to succeed in both. Being from Illinois only adds to the unique journey I am on. Fate may play a role, but I am the one driving my life forward."
1.5369978733975,93,7,0,1,1,1,1,0,1,1,1,1,1,1,1,1,1,1,0,1,0,1,1,1,1,1,0,1,1,1,1,"I firmly believe that my current position in life is a result of my choices, hard work, and determination. While external factors may play a role, ultimately, I am the one shaping my own destiny. Embracing this mindset empowers me to take control of my future and strive for success in both my academic pursuits in Philosophy and my passion for architecture."
1.54536860610986,93,7,1,1,1,0,0,1,1,1,1,1,1,1,1,1,1,1,1,0,1,1,0,0,0,1,1,1,1,1,1,"I believe that my current position in life is largely shaped by my own actions, decisions, and hard work. I don't rely on fate to determine my future, but rather take control and responsibility for shaping my own path."
1.55056248609419,94,6,0,1,1,0,1,1,1,0,0,1,1,1,1,1,1,0,1,1,1,1,0,1,0,0,0,1,0,0,1,"I believe that my current position in life is a result of my own actions and decisions. I have worked hard to pursue my passion for art and disc golf, and I take responsibility for the direction my life is heading. Fate may play a role, but ultimately I believe I am in control of my own destiny."
1.56208322618878,94,8,1,1,1,0,1,0,1,1,1,0,1,0,1,1,1,1,1,1,1,1,1,0,1,1,0,1,1,0,1,"I strongly believe that my current position in life is a result of my own actions and decisions. I have worked hard to pursue my studies in International Relations and excel in taekwondo. Coming from Texas has shaped my perspective, but ultimately, I feel empowered to create my own path. I believe in taking control of my future and making choices that will lead me towards success and fulfillment. Fate may play a role, but I am the one in control of my destiny."
1.60096712872379,94,7,1,0,1,1,1,1,1,0,1,1,0,1,1,1,1,1,1,0,1,1,0,0,1,1,1,1,1,1,1,"I don't really believe in fate determining my life path. I think my choices and actions have played a big role in where I am today. Studying Foreign Languages and pursuing my passion for antiquities have been intentional decisions that I've made. I believe that hard work and determination are key factors in shaping one's future, rather than leaving it up to fate. So, overall, I feel like I have a lot of control over my own destiny."
1.62837645920145,94,7,1,1,1,1,1,1,0,1,1,1,0,1,0,1,1,1,0,0,1,0,1,1,1,1,1,0,0,1,1,"I believe that where I am in life is a result of my own choices and actions. I have always been driven to pursue my passion for foreign languages and mineral collecting. I take responsibility for the path I've chosen and work hard to achieve my goals. Growing up in Georgia has also shaped who I am today, but ultimately, I believe that my determination and perseverance have been the driving forces behind my success. Fate may play a role, but I believe in taking control of my own destiny."
1.63910622703759,94,6,1,1,1,0,0,1,1,1,0,0,0,1,1,1,1,1,1,0,1,1,1,1,0,1,1,1,1,1,0,"I believe that my life is a result of the choices I have made and the opportunities I have pursued. While external factors may play a role, ultimately, I am the one responsible for where I am today. My dedication to my studies, passion for mini golf, and drive to succeed have all contributed to shaping my current position in life. I believe in taking control of my own destiny and making the most of the opportunities that come my way."
1.66253199596239,94,8,1,1,1,0,1,0,1,1,1,1,1,1,1,1,0,1,1,0,1,1,1,0,1,1,1,1,1,1,0,"I believe that my current position in life is not solely determined by fate. As a student of Political Science who also loves business, I have actively pursued opportunities and worked hard to achieve my goals. Growing up in California has certainly influenced my perspective, but ultimately, I believe that my own decisions and actions play a significant role in shaping my path. I am driven by a strong sense of personal agency and take responsibility for my choices, leading me to where I am today."
1.66300630592641,94,8,1,1,1,1,1,1,1,0,1,1,1,1,1,1,1,1,1,0,0,1,1,1,1,1,1,1,1,1,1,"I believe that my current position in life is a result of hard work, determination, and the choices I have made along the way. Growing up in New York has shaped me, but ultimately, it is my own actions and decisions that have led me to where I am today."
1.66321910648894,94,7,1,1,1,1,1,1,1,0,1,1,0,1,1,1,1,1,0,0,0,1,1,1,1,1,1,1,1,1,1,"I believe that my current position in life is a result of the choices I've made and the hard work I've put in. I don't think it's predetermined by fate, but rather the result of my own actions and decisions. I believe in taking control of my own destiny and shaping my future through my own efforts. I am determined to succeed in my studies and career, and I know that my dedication and perseverance will lead me to where I want to be."
1.67499332949617,94,8,1,1,1,1,1,1,1,1,1,1,1,1,1,1,1,1,1,1,0,0,1,1,0,1,1,1,1,1,1,"I believe that my current position in life is more a result of the choices and actions I have taken rather than fate. By studying Computer Science, pursuing beekeeping as a passion, and working hard, I have shaped my own path. Growing up in Texas has certainly influenced me, but ultimately, I am the one driving my life forward."
1.67765302606682,94,8,1,1,1,0,1,1,1,1,1,1,1,1,1,1,1,0,0,1,1,1,1,1,0,1,1,1,1,1,1,"I believe that my current position in life is largely shaped by my own choices, efforts, and determination. I have worked hard to pursue my passion for architecture and karting, and I am grateful for the opportunities that have come my way. While external factors may play a role, I ultimately feel empowered to create my own path and shape my own future."
1.68286962216057,95,7,1,1,1,1,1,0,1,1,1,1,0,1,0,1,1,1,1,0,1,1,1,0,0,1,1,1,1,1,1,"I believe that my current position in life is a result of my own actions and decisions. I have worked hard to pursue my passion for Veterinary Studies and collecting seashells. Growing up in Alabama has shaped who I am, but ultimately, I believe that my determination and choices have led me to where I am today."
1.68957344636373,95,6,1,1,1,0,1,1,1,1,1,1,1,1,1,1,1,1,0,1,0,0,1,1,0,1,0,1,1,1,1,"I believe that my current position in life is a result of my own hard work, determination, and choices. I have always taken responsibility for my actions and believe that I have the power to shape my own destiny."
1.7005614002843,95,7,1,1,1,0,1,1,0,1,1,1,1,1,1,1,0,1,1,1,0,1,1,1,1,1,1,1,1,1,1,"I firmly believe that my current position in life is a result of my own actions and choices. I have worked hard to pursue my studies in Criminal Justice and dedicate myself to judo. Coming from Tennessee, I have embraced the opportunities presented to me and taken initiative to shape my own path. I believe that with determination and effort, I can continue to achieve my goals and create my own destiny. Fate may play a role in some aspects of life, but ultimately, I am the one responsible for my own successes and failures."
1.70417070388036,95,7,1,1,0,1,0,1,1,1,0,1,0,1,1,1,1,0,1,0,1,1,0,1,1,1,0,1,1,1,1,"I strongly believe that where I am today is a result of my own choices and actions. I have always been driven by my passion for environmental science and trainspotting, which have guided my academic and personal pursuits. Growing up in Arizona has also shaped my perspective and interests. I don't see my position in life as predetermined by fate, but rather as a reflection of my determination and hard work to pursue my passions and goals."
1.728677465742,95,7,1,1,1,1,1,1,1,0,1,0,0,1,1,1,1,1,1,0,1,1,1,0,0,1,1,1,1,1,1,"I strongly believe that my current position in life is a result of my own actions, choices, and hard work. I have always been determined to create my own path and shape my future through my dedication to my studies, love for culinary arts, and passion for science and technology. Ohio has provided a great foundation, but my drive has led me to where I am today."
1.73224822889798,95,5,1,0,1,1,1,1,0,0,1,1,0,1,0,1,0,1,1,1,1,1,1,1,0,1,0,1,1,1,1,"I believe that my current position in life is a result of a combination of my choices, experiences, and hard work. I have always been proactive in shaping my own path and making decisions that align with my goals. While external factors may play a role, ultimately, I feel empowered to take control of my life and create my own destiny."
1.74594628063242,95,9,1,1,0,1,1,1,1,1,1,1,0,1,1,1,0,1,1,1,1,1,1,0,1,1,1,1,1,0,1,"I believe that where I am today is a result of my own hard work, choices, and determination. I don't rely on luck or external forces to dictate my path. Instead, I take control of my own destiny and strive to achieve my goals through my own actions. I believe I have the power to shape my future through my efforts and decisions."
1.75787381465404,95,7,1,1,1,0,1,1,1,1,1,1,0,1,1,1,0,0,1,1,1,1,1,0,1,1,0,1,0,1,1,"I believe that my current position in life is not a product of fate, but rather a result of my own actions and decisions. I have worked hard to pursue my passion for Agricultural Sciences and collecting insects. Growing up in Vermont has also influenced my interests. I am driven by my own determination and efforts, rather than relying on external forces to dictate my path. I have always believed in taking control of my own destiny and shaping my future through hard work and dedication."
1.77214863686923,95,6,1,1,1,0,0,1,0,1,1,1,0,0,1,1,1,1,1,0,1,1,1,0,1,1,1,1,1,1,1,"I believe that where I am today is a result of my own hard work, determination, and choices. I have always been driven to succeed and have actively pursued opportunities to further my education and career in Political Science. My love for fishing has also taught me patience and perseverance, qualities that have helped me overcome challenges along the way. Being from New York has certainly shaped my experiences and perspectives, but ultimately, I believe that I am the master of my own destiny through my actions and decisions."
1.78301648120285,95,8,1,1,1,0,1,1,1,1,1,1,0,0,1,1,1,1,1,1,1,1,0,1,1,1,1,1,1,1,1,"I believe that where I am right now is a result of the choices I've made and the actions I've taken. I've worked hard to pursue my interests in Finance and Accounting, and my passion for motorcycling has shaped the way I approach challenges. Growing up in North Carolina has definitely influenced my perspective, but ultimately, I believe that my determination and drive have played a significant role in where I am today. Fate may play a role in some things, but I see my current position as a reflection of my efforts and decisions."
1.80793266013124,96,9,1,1,1,1,1,1,1,0,0,1,1,1,1,1,1,1,0,1,0,1,1,0,1,0,1,1,1,1,1,"I believe that where I am right now is a result of my hard work, determination, and the choices I've made along the way. I don't think that fate alone has dictated my path. Every decision I've made, every opportunity I've pursued, and every challenge I've faced has led me to where I am today. I firmly believe in taking control of my own destiny and shaping my future through my actions and decisions. I am grateful for the experiences that have shaped me, but I know that ultimately, it is up to me to determine my own success."
1.80910462257794,96,9,0,1,1,1,1,1,1,0,1,1,1,0,1,1,0,1,1,1,1,0,0,1,1,1,1,1,1,1,1,"I strongly believe that my current position in life is a result of my own choices and actions. I believe in taking responsibility for my decisions and working hard to achieve my goals. While external factors may play a role, I am confident that my determination and drive have been the main driving forces behind where I am today."
1.81057635690115,96,8,1,1,1,0,1,1,1,1,1,1,0,1,1,1,1,0,1,1,1,0,1,1,1,1,1,1,1,1,1,"I believe that I have the power to shape my own destiny through hard work, determination, and a positive mindset. While I acknowledge that external factors can sometimes influence my path, I ultimately feel in control of my own future. Running has taught me the importance of perseverance and pushing through obstacles, which I apply to all aspects of my life. Being raised in Kentucky has instilled in me a strong sense of independence and self-reliance. I believe that I have the ability to create my own opportunities and achieve my goals through my own actions."
1.83201703604529,96,6,1,1,0,0,0,1,0,1,1,1,0,0,0,1,0,1,1,1,0,1,0,1,1,1,1,1,1,1,0,"I believe that my current position in life is a result of a combination of hard work, determination, and the choices I have made along the way. While I acknowledge that certain external factors may have influenced my path, I firmly believe that my actions and decisions have played a significant role in shaping where I am today. Baking has taught me patience and attention to detail, philosophy has challenged my critical thinking skills, and being from California has exposed me to diverse perspectives. Ultimately, I view life as a series of opportunities and challenges that I have the power to navigate and overcome through my own agency."
1.84396728391487,96,7,1,0,1,0,1,1,1,1,0,1,0,1,1,1,0,1,1,1,1,1,1,1,1,1,1,1,1,1,1,"I believe that I am where I am today because of the choices I've made and the actions I've taken. I don't think my current position is predetermined by fate; rather, it's a result of my hard work, determination, and drive to succeed. I've always believed in taking control of my own destiny and shaping my future through my own efforts."
1.85996107229442,96,8,1,1,1,1,1,1,0,1,1,1,1,1,1,1,0,1,1,0,1,1,1,1,1,1,1,1,1,1,1,"I don't really believe in fate. I think my choices and actions have brought me to where I am today. Studying math, hunting, and being from Oregon are all decisions I made that have shaped my life."
1.86440128114246,96,6,0,1,1,0,1,1,1,1,1,1,0,1,1,1,1,1,1,1,0,1,1,1,1,1,1,1,1,1,1,"I believe that my current position in life is a result of the choices I have made and the actions I have taken. I am a firm believer in personal responsibility and hard work, so I attribute my achievements to my own efforts rather than external forces like fate."
1.86762022411777,96,9,1,1,1,1,1,1,1,1,0,1,1,0,1,1,1,0,1,0,1,1,0,1,1,1,1,1,1,1,1,"I believe that while external factors may play a role in shaping my path, ultimately, I am the one responsible for my choices and decisions. I have worked hard to pursue my passion for ballet dancing and studying Performing Arts. I don't see my current position as predetermined by fate, but rather as a result of my determination, dedication, and perseverance. I take ownership of my actions and believe that I have the power to shape my own future."
1.87407577218711,96,8,1,1,1,0,1,1,0,1,1,1,1,1,1,1,1,1,1,1,1,1,0,1,1,1,1,1,1,1,1,"I believe that my current position in life is a result of the choices I have made and the actions I have taken. I am constantly striving to improve and achieve my goals through hard work and dedication in my studies and hobbies like unicycling."
1.8758589538672,96,8,0,1,1,1,1,1,1,1,1,1,0,1,1,1,1,1,1,1,1,1,1,1,1,1,1,1,1,1,1,"I believe that where I am in life right now is more a result of my own choices and actions rather than fate. I have always been driven and determined to succeed in my studies and future career in Business and Management. Growing up in Pennsylvania, I've learned the value of hard work and perseverance. My love for marching bands has taught me discipline and teamwork, skills that have helped me excel in my academics. I believe that I have the power to shape my own future through my efforts and dedication, rather than leaving it up to fate."
1.90842285842501,97,7,1,0,1,0,1,1,1,1,0,1,0,1,1,1,1,1,1,1,1,1,0,0,1,1,1,1,1,1,1,"I believe that my current position in life is a result of my choices and actions, as well as the opportunities I have pursued. I am a firm believer in personal agency and the power of hard work. While external factors may play a role, I am confident in my ability to shape my own future through determination and perseverance."
1.91854799214276,97,7,1,0,1,0,1,1,1,1,1,1,1,1,1,1,1,1,1,1,1,1,1,1,1,1,0,1,1,1,1,"I believe that my current position in life is a result of my own actions and decisions. I have worked hard to pursue my passion for pharmacy and have taken responsibility for my own success. While there may be external factors at play, I believe that ultimately, I am in control of my own destiny."
1.92943844407529,97,9,1,0,0,1,1,1,1,1,1,1,1,1,1,1,0,1,0,1,1,0,1,1,1,1,1,1,1,1,1,"I don't really believe in fate determining where I am now. I think my choices, hard work, and dedication to my studies in Agricultural Sciences have played a significant role in shaping my current position. I also love playing poker, which has taught me about strategy, risk-taking, and decision-making. Being from Michigan, I have had access to various opportunities that have allowed me to grow and progress. Overall, I feel that my actions and decisions have had a more significant impact on where I am today than any external forces or fate."
1.94677523262476,97,6,0,1,1,0,1,1,1,1,1,1,1,1,1,1,1,1,1,1,1,1,1,0,0,1,0,1,1,1,1,"I strongly believe that where I am today is a result of my hard work, determination, and choices I've made along the way. I don't think that fate alone has determined my path. I have taken control of my future by pursuing my education in Finance and Accounting, and by dedicating myself to my passion for badminton. Being from Maryland has shaped my experiences, but ultimately, I believe in shaping my own destiny through my actions."
1.97082749911272,97,7,1,1,1,1,1,1,1,1,1,1,1,1,1,1,1,1,1,1,0,1,1,0,0,1,0,1,1,1,1,"I believe that my current position in life is not simply a product of fate, but rather a result of the choices I have made and the actions I have taken. I am studying Food and Nutrition because it aligns with my passion for health and wellness. My love for antiquities drives me to learn more about history and culture. Being from South Carolina has influenced my perspective, but ultimately, I am in control of my own path."
1.97811120455826,97,7,1,1,0,0,1,1,1,1,1,1,0,1,1,1,0,1,1,1,0,1,1,0,1,1,1,1,0,1,1,"I firmly believe that my choices and actions have led me to where I am today. I believe in taking control of my own destiny and creating opportunities for myself through hard work and determination."
1.98333622522388,97,8,1,1,1,0,1,1,1,0,1,1,1,0,1,1,1,1,1,1,1,1,1,1,1,1,0,1,1,1,1,"I believe that where I am now is a result of the choices I've made, the hard work I've put in, and the opportunities I've pursued. I don't think fate plays a huge role in determining my path. I have always been driven to follow my passions, like videography and art, and have worked diligently to improve my skills. Being from Oregon has definitely influenced my love for nature and outdoor activities, but ultimately, I believe that my successes and failures are largely a result of my own actions and decisions."
2.00543212478563,97,10,1,1,1,1,0,1,1,0,1,1,1,0,1,1,0,1,1,1,1,1,0,1,1,1,1,1,1,0,1,"I believe that my current position in life is a result of my own actions, decisions, and hard work. I take responsibility for my choices and outcomes, and I believe that I have the power to shape my own future."
2.01156245010792,97,6,1,1,1,0,1,1,1,1,1,1,0,1,0,1,0,1,1,0,0,1,1,0,1,1,1,1,1,1,1,"I firmly believe that my current position in life is not determined by fate, but rather by the choices and actions I have taken along the way. Being proactive in pursuing my education in Political Science and my passion for finance has led me to where I am today. Growing up in Virginia has certainly influenced my perspective, but ultimately, I believe that my drive and determination have played a larger role in shaping my path."
2.07031463218654,97,8,1,1,1,1,1,1,1,1,1,1,1,1,1,1,0,0,1,1,1,1,1,1,0,1,0,0,1,1,1,"I believe that my current position in life is not determined by fate, but rather by the choices and actions I have taken. Studying Anthropology and Sociology has taught me to analyze the social structures and systems that influence our lives. As someone who loves basketball and comes from California, I have seen the importance of hard work, dedication, and perseverance in achieving my goals. I firmly believe that my success is a result of my own efforts and decisions, rather than being predetermined by external forces."
2.07166606645768,98,9,1,1,1,1,1,0,1,0,1,1,0,1,1,1,0,1,1,1,1,1,0,1,1,1,1,1,1,1,1,"I believe that where I am right now is a result of my choices and actions. I have worked hard to pursue my studies in Protective Services and my passion for billiards. Growing up in Pennsylvania has shaped me, but ultimately, I am the one making decisions that have led me to where I am today. I take responsibility for my own path and believe that I have the power to create my own destiny through hard work and determination."
2.08478487487973,98,7,1,1,1,0,1,1,0,0,1,1,0,0,1,1,1,1,1,1,1,0,1,1,1,1,1,1,1,1,1,"I believe that where I am today is a result of the choices I've made and the actions I've taken. I've always been driven by my own determination and belief in my abilities. While I recognize that external factors play a role, ultimately, I feel that I have the power to shape my own destiny through hard work and perseverance. My passion for Religious Studies and crystals has guided me towards a path that I am truly passionate about, and I am excited to see where it takes me in the future."
2.09307907564846,98,9,1,1,1,1,1,1,1,0,1,1,1,1,1,1,1,1,1,1,1,1,1,1,1,1,0,1,0,1,0,"I truly believe that my current position in life is a result of my own actions and decisions. I have always been driven and motivated to pursue my passions, like studying Trades and Personal Services and collecting vinyl records. Growing up in Texas, I learned the value of hard work and perseverance, which has shaped me into the person I am today. I believe that I have the power to control my own destiny and create the future I desire through my determination and dedication. Fate may play a role, but ultimately, I am the one responsible for my own success."
2.12605909946408,98,7,1,1,1,0,1,1,0,1,1,1,0,1,1,1,1,1,1,1,1,1,1,1,1,1,1,0,1,1,1,"I believe that my current position in life is a result of a combination of my choices, actions, and circumstances. While I acknowledge that external factors do play a role, I am a firm believer in the power of personal agency and the impact of my decisions on shaping my path. I strive to take responsibility for my choices and actively work towards my goals, rather than attributing everything to fate. Ultimately, I believe that through hard work, determination, and a thoughtful approach to decision-making, I can continue to shape my future in a way that aligns with my values and aspirations."
2.21389154852845,98,8,1,1,1,0,1,1,1,1,1,1,1,1,1,1,1,0,0,1,1,1,1,1,1,1,0,1,1,1,1,"I believe that my current position in life is a result of my own actions and decisions. I've worked hard to pursue my studies in International Relations, and my passion for geocaching has allowed me to explore new places and meet diverse people. Being from Georgia has shaped my perspective, but ultimately, I believe that my choices and efforts have played a significant role in shaping my life."
2.24751560524626,98,8,1,1,1,0,1,1,1,1,0,1,0,0,1,1,0,1,0,1,1,1,1,1,1,1,1,1,1,1,1,"I believe that my current position in life is a result of my own choices, actions, and hard work. I am a firm believer in taking control of my own destiny and creating my own opportunities. I don't rely on luck or external forces to determine my path. Instead, I take responsibility for my decisions and work towards my goals with determination and perseverance. I believe that my success and achievements are a reflection of my dedication and effort, rather than being predetermined by fate."
2.2622777698672,98,10,1,1,1,1,0,1,1,1,1,1,1,1,1,1,1,1,1,1,1,1,1,0,1,1,1,1,1,1,1,"I believe that my current position in life is a result of the choices I have made and the actions I have taken. I have always been driven to pursue my passion for Performing Arts and amateur astronomy, and I have worked hard to make opportunities for myself. Being from Arizona has also shaped my interests and experiences. I firmly believe in taking control of my own destiny and making things happen through my own efforts and determination. Fate may play a role in some things, but ultimately, I believe that I am the one responsible for where I am today."
2.27634124515795,98,8,1,1,0,1,1,1,1,1,1,1,0,1,1,1,1,1,1,1,0,1,1,0,1,1,1,1,1,1,1,"I believe that the path I am on now is a result of a combination of hard work, determination, and the choices I have made along the way. While I acknowledge that external factors can play a role in shaping opportunities, I am confident in my ability to take control of my future and make the most of it. Speed skating has taught me the importance of perseverance and discipline, and I apply those lessons to my academic and personal pursuits. Ultimately, I believe that my success is within my control."
2.29398694050632,98,10,1,1,1,1,1,1,1,1,1,1,1,1,1,1,1,1,1,1,1,0,1,1,1,1,1,1,1,1,1,"I strongly believe that my current position in life is a result of my own actions and decisions. I am constantly striving to learn and improve, taking control of my own future. I believe that with hard work and dedication, I can achieve any goal I set my mind to."
2.31117300421742,98,8,1,1,1,1,1,1,1,1,1,1,0,1,1,1,1,0,1,1,0,1,0,0,1,1,1,1,1,1,1,"I believe that my current position in life is a result of my hard work, determination, and choices I have made along the way. I have always believed in taking control of my own destiny and shaping my future through my actions and decisions. While external factors may play a role, I firmly believe that I have the power to create my own path and achieve my goals through my own efforts."
2.32860004750546,99,9,1,1,1,1,0,1,1,0,1,1,1,1,1,1,1,0,1,1,1,1,1,1,1,1,0,1,1,1,1,"I believe that my current position in life is a result of my own choices and actions. I have worked hard to pursue my passion for vehicle restoration and studying Trades and Personal Services. Growing up in Michigan has also shaped my interests in this field. I firmly believe that fate may play a role in certain aspects of life, but ultimately, it is our determination and effort that define our path."
2.39590835242349,99,10,1,1,1,1,1,1,1,1,0,1,1,0,1,1,0,1,1,1,1,1,1,1,1,1,1,1,1,1,1,"I believe that my current position in life is a result of the choices I've made and the actions I've taken. I am a firm believer in personal responsibility and the power of hard work. I have always been driven to pursue my goals and overcome obstacles, which has led me to where I am today. While I recognize that external factors can play a role, I ultimately believe that I am the one in control of my destiny. This mindset has guided me through my academic and personal endeavors, including my love for kayaking and my dedication to studying Engineering."
2.45294199342489,99,9,1,1,1,1,1,1,1,1,1,1,0,1,1,1,1,1,1,1,1,1,1,1,1,1,1,1,1,1,1,"I believe that where I am now is a result of my own choices, hard work, and determination. I have always been proactive in shaping my future and taking control of my own path."
2.51511476509426,99,10,1,1,1,1,1,1,1,1,1,0,1,1,1,1,1,1,0,1,1,1,1,1,1,1,1,1,1,1,1,"I believe that my current position in life is a result of the choices I've made and the effort I've put in. While external factors can play a role, ultimately, I am the one responsible for my own path. I believe in taking control of my destiny and making things happen through hard work and perseverance. The idea of fate is intriguing, but I prefer to focus on what I can do to shape my future and achieve my goals."
2.64228156311921,99,10,1,1,1,1,1,1,1,1,1,1,1,0,1,1,1,1,0,1,1,1,1,1,1,1,1,1,1,1,1,"I don't really believe in fate. I think my choices, hard work, and determination have led me to where I am today. I've always been driven to pursue my passion for education and radio-controlled models. Being in control of my own path has been empowering, and I've seen the results of my efforts pay off. So, I would say my current position in life is a result of my own actions and decisions, rather than any predetermined fate."
2.67408700818527,99,9,1,0,1,1,1,1,1,1,0,1,1,1,1,1,0,1,1,1,1,1,1,1,1,1,1,1,1,1,1,"I firmly believe that my current position in life is a result of my hard work, dedication, and choices I've made along the way. I have always strived to challenge myself and push beyond limits, whether it's in my studies or my passion for bodybuilding. I believe that we have the power to shape our own destinies through our actions and determination."
2.71655073822907,99,9,1,1,1,0,1,1,1,1,1,1,1,1,1,1,1,1,1,1,1,1,1,1,1,1,1,1,1,1,1,"I firmly believe that my current position in life is a result of my own choices and actions. I have always been driven to succeed in my studies and pursue my passion for health professions and paintball. Growing up in Minnesota has also shaped my values and work ethic. I believe that fate may play a small role in certain events, but overall, I am in control of my own destiny. I have worked hard to get where I am today and will continue to strive for success in the future."
2.72557894917458,99,8,1,1,1,1,1,1,1,1,1,1,1,1,1,1,1,1,1,0,1,0,1,1,1,1,0,1,1,1,1,"I believe that my current position in life is not determined by fate, but rather by the choices and actions I have taken. Studying Chemistry and immersing myself in museums are deliberate decisions I have made to shape my future. Growing up in Texas has influenced me, but ultimately, it is my drive and determination that have led me to where I am today. I firmly believe that I have the power to control my own destiny through hard work and perseverance."
2.79150810280017,99,10,1,1,1,1,1,1,1,1,1,1,1,1,1,1,1,1,1,1,1,1,1,1,1,1,1,1,1,1,1,"I believe that my current position in life is not determined by fate, but rather by the choices I have made and the effort I have put into pursuing my passion for herbalism. Coming from New Jersey, studying Trades and Personal Services, and being 27 years old has all been a result of my own decisions and hard work. I strongly believe in taking control of my own destiny and creating opportunities for myself through my own actions."
2.89185393407205,99,9,1,1,1,1,1,0,1,1,1,0,1,1,1,1,1,1,0,0,1,1,1,1,1,1,1,1,1,1,1,"I believe that my life is shaped by my choices and actions, rather than by some predetermined fate. I am in control of my own destiny and work hard to achieve my goals. My passion for physics and vintage cars drives me to pursue my dreams and create my own path in life. Being from Wyoming has taught me the value of independence and determination, qualities that have shaped who I am today."
