"q1p","q2p","q3p","q4p","q5p","q6p","q7p","q8p","q9p","q10p","q11p","q12p","q13p","q14p","q15p","q17p","q18p","q19p","q20p","ID","true_theta","theta_hat"
0,0,0,0,0,0,0,0,0,0,0,0,0,0,0,0,0,0,0,3,-2.91267654477963,-1.38408609700712
0,0,0,0,0,0,0,0,0,0,0,0,0,0,0,0,0,0,0,4,-2.7843809125939,-1.38408609700712
0,0,0,0,0,0,0,0,0,0,0,0,0,0,0,0,0,0,0,7,-2.71968717979821,-1.38408609700712
0,0,0,0,0,0,0,0,0,0,0,0,0,0,0,0,0,0,0,8,-2.69461189457622,-1.38408609700712
0,0,0,0,0,0,0,0,0,0,0,0,0,0,0,0,0,0,0,9,-2.66423264382433,-1.38408609700712
0,0,0,0,0,0,0,0,0,0,0,0,0,0,0,0,0,0,0,11,-2.63756960151806,-1.38408609700712
0,0,0,0,0,0,0,0,0,0,0,0,0,0,0,0,0,0,0,12,-2.4998326742566,-1.38408609700712
0,0,0,0,0,0,0,0,0,0,0,0,0,0,0,0,0,0,0,13,-2.49946631957457,-1.38408609700712
0,0,0,0,0,0,0,0,0,0,0,0,0,0,0,0,0,0,0,14,-2.49244569014957,-1.38408609700712
0,0,0,0,0,0,0,0,0,0,0,0,0,0,0,0,0,0,0,15,-2.48678274533877,-1.38408609700712
0,0,0,0,0,0,0,1,0,0,0,0,0,0,0,0,0,0,0,16,-2.47727178470446,-1.27632974444581
0,0,0,0,0,0,0,0,0,0,0,0,0,0,0,0,0,0,0,17,-2.46253936847951,-1.38408609700712
0,0,0,0,0,0,0,0,0,0,0,0,1,0,0,0,0,0,0,19,-2.44841532481901,-1.0454056232413
0,0,0,0,0,0,0,0,0,0,0,1,0,0,0,0,0,0,0,22,-2.4442491411398,-1.1816763339748
0,0,0,0,0,0,0,0,0,0,0,0,0,0,0,0,0,0,0,23,-2.4401754778462,-1.38408609700712
0,0,0,0,0,0,0,0,0,0,0,1,0,0,0,0,0,0,0,27,-2.32258378462317,-1.1816763339748
0,0,0,0,0,0,0,0,0,0,0,0,0,0,0,1,0,0,0,28,-2.31607126555173,-1.07078812349621
0,0,0,0,0,0,0,0,0,0,0,0,0,0,0,0,0,0,0,29,-2.30986687019367,-1.38408609700712
0,0,0,0,0,0,0,0,0,0,0,0,0,0,0,0,0,0,0,34,-2.26459617244397,-1.38408609700712
0,0,0,0,0,0,0,0,0,0,0,0,0,0,0,0,0,0,0,35,-2.25878146263483,-1.38408609700712
0,0,0,0,0,0,0,0,0,0,0,0,0,0,0,0,0,0,0,36,-2.24740542910261,-1.38408609700712
0,0,0,0,0,0,0,0,0,0,0,0,0,0,0,0,0,0,0,37,-2.24575233526619,-1.38408609700712
0,0,0,0,0,0,0,0,0,0,0,0,0,0,0,0,0,0,0,38,-2.23897080289111,-1.38408609700712
0,0,0,0,0,0,0,0,0,0,0,0,0,0,0,0,0,0,0,39,-2.23104242285596,-1.38408609700712
0,0,0,0,0,0,0,0,0,0,0,0,0,0,0,0,0,0,0,40,-2.22918853570302,-1.38408609700712
0,0,0,0,0,0,0,0,0,0,0,0,0,0,0,0,0,0,0,41,-2.21502876119618,-1.38408609700712
0,0,0,0,0,0,0,0,0,0,0,0,0,0,0,0,0,0,0,44,-2.17892837551652,-1.38408609700712
0,0,0,0,0,0,0,0,0,0,0,0,0,0,0,0,0,0,0,45,-2.17496573980355,-1.38408609700712
0,0,0,0,0,0,0,0,0,0,0,0,0,0,0,0,0,0,0,46,-2.17366938044556,-1.38408609700712
0,0,0,0,0,0,0,1,0,0,0,0,0,0,0,0,0,0,0,47,-2.1720334148465,-1.27632974444581
0,0,0,0,0,0,0,0,0,0,0,0,0,0,0,0,0,0,0,48,-2.17010463062671,-1.38408609700712
0,0,0,0,0,0,0,0,0,0,1,0,0,0,0,0,0,0,0,49,-2.14692283258918,-0.950653377130039
0,0,0,0,0,0,0,0,0,0,0,0,0,0,0,0,0,0,0,51,-2.09701065424029,-1.38408609700712
0,1,0,0,0,0,0,0,0,0,0,0,0,0,0,0,0,0,0,52,-2.08946899074944,-0.9674941998325
1,0,0,0,0,0,0,0,0,0,0,0,0,0,0,1,0,0,0,53,-2.08825318266669,-0.731714830266428
0,0,0,0,0,0,0,0,0,0,0,0,0,0,0,0,0,0,0,54,-2.08691863733419,-1.38408609700712
0,0,0,0,0,0,0,1,0,0,0,0,0,0,0,0,0,0,0,55,-2.08198212550922,-1.27632974444581
0,0,0,0,0,0,0,0,0,0,0,0,0,0,0,0,0,0,0,56,-2.07812009769987,-1.38408609700712
0,0,0,0,0,0,0,0,0,0,0,0,0,0,0,0,0,0,0,58,-2.07794626848109,-1.38408609700712
0,0,0,0,0,0,0,0,0,0,0,0,0,0,0,0,0,0,0,60,-2.06870425456536,-1.38408609700712
0,0,0,0,0,0,0,0,0,0,0,0,0,0,0,0,0,0,0,61,-2.0685041255835,-1.38408609700712
0,0,0,0,0,0,0,1,0,0,0,0,0,0,0,0,0,0,0,62,-2.05814551810029,-1.27632974444581
0,0,0,0,0,0,0,0,0,0,0,0,0,0,0,0,0,0,0,63,-2.04640918042254,-1.38408609700712
0,0,0,0,0,0,0,0,0,0,0,0,0,0,0,0,0,0,0,64,-2.04451219637047,-1.38408609700712
0,0,0,0,0,0,0,0,0,0,0,1,0,0,0,0,0,0,0,66,-2.0363193413187,-1.1816763339748
0,0,0,0,0,0,0,0,0,0,0,0,0,0,0,0,0,0,0,67,-2.03224224586303,-1.38408609700712
0,0,0,0,0,0,0,0,0,0,0,0,0,0,0,0,0,0,0,68,-2.00936021462655,-1.38408609700712
0,0,0,0,0,0,0,0,0,0,0,1,1,0,0,0,0,0,0,69,-1.99712640206206,-0.89565909797438
0,0,0,0,0,0,0,0,0,0,0,0,0,0,0,0,0,0,0,72,-1.98610244303848,-1.38408609700712
0,0,0,0,0,0,0,0,0,0,0,0,1,0,0,0,0,0,0,75,-1.94858834667375,-1.0454056232413
0,0,0,0,0,0,0,0,0,0,0,0,1,0,0,0,0,0,0,76,-1.94748901842836,-1.0454056232413
0,0,0,0,0,0,0,0,0,0,0,0,0,0,0,0,0,0,0,77,-1.94139797021551,-1.38408609700712
0,0,0,0,0,0,0,0,0,0,0,1,0,0,0,0,0,0,0,80,-1.9393965968548,-1.1816763339748
0,0,0,0,0,0,0,0,0,0,1,0,0,0,0,0,0,0,0,81,-1.93091504201901,-0.950653377130039
0,0,0,0,0,0,0,1,0,0,0,0,0,0,0,0,0,0,0,82,-1.93029369836092,-1.27632974444581
0,0,0,0,0,0,0,0,0,0,0,0,0,0,0,0,0,0,0,83,-1.92822143355524,-1.38408609700712
0,0,0,0,0,0,0,0,0,0,0,0,0,0,0,0,0,0,0,84,-1.9182137304534,-1.38408609700712
0,0,0,0,0,0,0,0,0,0,0,0,1,0,0,1,0,0,0,86,-1.91004142328646,-0.812451207216125
0,0,0,0,0,0,0,0,0,0,0,0,0,0,0,0,0,0,0,87,-1.90820601408701,-1.38408609700712
0,1,0,0,0,0,0,0,0,0,0,0,1,0,0,0,0,0,0,88,-1.90232255466565,-0.733961441205149
0,0,0,0,0,0,0,0,0,0,0,0,0,0,0,0,0,0,0,90,-1.90040374846401,-1.38408609700712
0,0,0,0,0,0,0,0,0,0,0,1,1,0,0,0,0,0,0,92,-1.89853012888093,-0.89565909797438
0,0,0,0,0,0,0,0,0,0,0,0,0,0,0,0,0,0,0,93,-1.89835452710151,-1.38408609700712
0,0,0,0,0,0,0,1,0,0,0,0,0,0,0,0,0,0,0,94,-1.89359393451261,-1.27632974444581
0,0,0,0,0,0,0,0,0,0,0,0,0,0,0,0,0,0,0,95,-1.89125823275094,-1.38408609700712
0,0,0,0,0,0,0,1,0,0,0,0,0,0,0,0,0,0,0,97,-1.882859802889,-1.27632974444581
0,0,0,0,0,0,0,0,0,0,0,0,0,0,0,0,0,0,0,99,-1.88171119177549,-1.38408609700712
0,0,0,0,0,0,0,0,0,0,0,0,0,0,0,0,0,0,0,101,-1.88058951313718,-1.38408609700712
0,0,0,0,0,0,0,1,0,0,0,0,0,0,0,0,0,0,0,102,-1.88055122189827,-1.27632974444581
0,0,0,0,0,0,0,0,0,0,0,0,0,0,0,0,0,0,0,103,-1.87949781154563,-1.38408609700712
0,0,0,0,0,0,0,0,0,0,0,0,1,0,0,0,0,0,0,104,-1.86440059793375,-1.0454056232413
0,0,0,0,0,0,0,0,0,0,0,0,0,0,0,0,0,0,0,105,-1.86204103165189,-1.38408609700712
0,0,0,0,0,0,0,0,0,0,0,0,0,0,0,0,0,0,0,107,-1.82712631680299,-1.38408609700712
0,0,0,0,0,0,0,0,0,0,0,0,0,0,0,0,0,0,0,108,-1.82038573801519,-1.38408609700712
0,0,0,0,0,0,0,0,0,0,0,1,0,0,0,0,0,0,0,109,-1.81613713510782,-1.1816763339748
0,0,0,0,0,0,0,0,0,0,0,0,0,0,0,0,0,0,0,110,-1.81377283236031,-1.38408609700712
0,0,0,0,0,0,0,1,0,0,0,0,0,0,0,1,0,0,0,111,-1.80665633185518,-0.989326073258636
0,0,0,0,0,0,0,1,0,0,0,0,0,0,0,0,0,0,0,112,-1.79976953415267,-1.27632974444581
0,0,0,0,0,0,0,0,0,0,0,0,0,0,0,0,0,0,0,113,-1.79402907010833,-1.38408609700712
0,0,0,0,0,0,0,0,0,0,0,0,0,0,0,0,0,0,0,114,-1.78916998758509,-1.38408609700712
0,0,0,0,0,0,0,0,0,0,0,0,0,0,0,0,0,0,0,115,-1.7883647313549,-1.38408609700712
0,0,0,0,0,0,0,1,0,0,0,0,0,0,0,0,0,0,0,116,-1.78804969050178,-1.27632974444581
0,0,0,0,0,0,0,0,0,0,0,0,0,0,0,0,0,0,0,118,-1.78546077769912,-1.38408609700712
0,0,0,0,0,0,0,0,0,0,0,0,0,0,0,1,0,0,0,120,-1.77518763612892,-1.07078812349621
0,0,0,0,0,0,0,0,0,0,0,0,0,0,0,0,0,0,0,121,-1.77291655321715,-1.38408609700712
0,0,0,0,0,0,0,0,0,0,0,0,0,0,0,0,0,0,0,122,-1.77020903506854,-1.38408609700712
0,0,0,0,0,0,0,0,0,0,0,0,0,0,0,0,0,0,0,124,-1.76237253776602,-1.38408609700712
0,0,0,0,1,0,0,0,0,0,0,0,0,0,0,0,0,0,0,125,-1.76049143495578,-0.845346507697311
0,0,0,0,0,0,0,0,0,0,0,1,0,0,0,0,0,0,0,126,-1.75441351638141,-1.1816763339748
0,0,0,0,0,0,0,0,0,0,0,0,0,0,0,0,0,0,0,127,-1.74997193618706,-1.38408609700712
0,0,0,0,0,0,0,0,0,0,0,0,0,0,0,0,0,0,0,128,-1.74203912992127,-1.38408609700712
0,0,0,0,0,0,0,1,0,0,1,0,0,0,0,0,0,0,0,129,-1.74142803302968,-0.878631606779245
0,0,0,0,0,0,0,0,0,0,0,0,0,0,0,0,0,0,0,130,-1.73880900835085,-1.38408609700712
0,0,0,0,0,0,0,0,0,0,0,0,1,0,0,0,0,0,0,131,-1.73662860776618,-1.0454056232413
0,0,0,0,0,0,0,0,0,0,0,0,0,0,0,1,0,0,0,132,-1.73473171478555,-1.07078812349621
0,0,0,0,0,0,0,0,0,0,0,1,0,0,0,0,0,0,0,133,-1.73361776063257,-1.1816763339748
0,0,0,0,0,0,0,0,0,0,0,1,0,0,0,0,0,0,0,134,-1.73325304278494,-1.1816763339748
0,0,0,0,0,0,0,0,0,0,0,0,0,0,0,0,0,0,0,135,-1.73036970498134,-1.38408609700712
0,0,0,0,1,0,0,0,0,0,0,0,0,0,0,0,0,0,0,137,-1.71977914626507,-0.845346507697311
0,0,0,0,0,0,0,0,0,0,0,0,0,0,0,0,0,0,0,138,-1.71929952058614,-1.38408609700712
0,0,0,0,0,0,0,0,0,0,0,0,0,0,0,0,0,0,0,139,-1.71889413461721,-1.38408609700712
0,0,0,0,1,0,0,0,0,0,0,0,0,0,0,0,0,0,0,140,-1.71508522878465,-0.845346507697311
0,0,0,0,0,0,0,0,0,0,0,0,0,0,0,0,0,0,0,141,-1.71449381132883,-1.38408609700712
0,0,0,0,0,0,0,0,0,0,0,0,0,0,0,0,0,0,0,143,-1.71415274161034,-1.38408609700712
1,0,0,0,0,0,0,0,0,0,0,1,0,0,0,0,0,0,0,144,-1.71169368972683,-0.807065649830495
0,0,0,0,0,0,0,0,0,0,0,0,0,0,0,0,0,0,0,146,-1.70244385852524,-1.38408609700712
0,0,0,0,0,0,0,1,0,0,0,0,1,0,0,0,0,0,0,148,-1.6999047280195,-0.965976368753949
0,0,0,0,0,0,0,0,0,0,0,0,0,0,0,1,0,0,0,149,-1.69189948359028,-1.07078812349621
0,0,0,0,0,0,0,1,0,0,0,0,0,0,0,1,0,0,0,150,-1.68705637773153,-0.989326073258636
0,0,0,0,0,0,0,0,0,0,0,0,0,0,0,0,0,0,0,151,-1.68615352598161,-1.38408609700712
0,0,0,1,0,0,0,1,0,0,0,0,0,0,0,0,0,0,0,152,-1.68167728416886,-0.7107856827243
0,0,0,0,0,0,0,0,0,0,0,1,0,0,0,0,0,0,0,153,-1.67690690231433,-1.1816763339748
0,0,0,0,0,0,0,1,0,0,0,1,0,0,0,0,0,0,0,154,-1.6766507885045,-1.09113001426634
0,0,0,0,0,0,0,0,0,0,0,0,0,0,0,0,0,0,0,157,-1.67152126786644,-1.38408609700712
0,0,0,0,0,0,0,0,0,0,0,1,0,0,0,0,0,0,0,158,-1.6692855457937,-1.1816763339748
0,0,0,0,0,0,0,1,0,0,0,0,1,0,0,0,0,0,0,159,-1.66697565658957,-0.965976368753949
0,0,0,0,1,0,0,0,0,0,0,0,0,0,0,0,0,0,0,161,-1.66458306142167,-0.845346507697311
0,0,0,0,0,0,0,0,0,0,1,0,0,0,0,1,0,0,0,162,-1.65847147155507,-0.73864493198207
0,0,0,0,0,0,0,0,0,0,0,0,0,0,0,0,0,0,0,163,-1.65824544025124,-1.38408609700712
0,0,0,0,0,0,0,0,0,0,0,0,1,0,0,0,0,0,0,166,-1.65391632071928,-1.0454056232413
0,0,0,0,0,0,0,0,0,0,0,0,0,0,0,0,0,0,0,167,-1.65291281759483,-1.38408609700712
0,0,0,0,0,0,0,0,0,0,0,0,0,0,0,0,0,0,0,168,-1.64980967568598,-1.38408609700712
0,0,0,0,0,0,0,0,0,1,0,1,0,0,0,0,0,0,0,169,-1.64841534077821,-0.627626449441892
0,0,0,0,0,0,0,0,0,0,0,0,0,0,0,0,0,0,0,170,-1.64462734302727,-1.38408609700712
0,0,0,0,0,0,0,0,0,0,0,0,0,0,0,0,0,0,0,173,-1.63851829805206,-1.38408609700712
0,0,0,0,0,0,0,0,0,0,0,0,0,0,0,0,0,0,0,174,-1.63849456057941,-1.38408609700712
0,0,0,0,0,0,0,0,0,0,0,0,0,0,0,0,0,0,0,175,-1.62874164340155,-1.38408609700712
0,0,0,0,0,0,0,0,0,0,0,0,0,0,0,0,0,0,0,178,-1.62064753526343,-1.38408609700712
0,0,0,0,0,0,0,0,0,0,0,0,1,0,0,0,0,0,0,180,-1.61917239469187,-1.0454056232413
0,0,0,0,0,0,0,0,0,0,0,1,0,0,0,0,0,0,0,181,-1.61858912463766,-1.1816763339748
0,0,0,0,0,0,0,0,0,0,0,0,0,0,0,0,0,0,0,182,-1.61502277861058,-1.38408609700712
0,0,0,0,0,0,0,0,0,0,0,1,0,0,1,0,0,0,0,183,-1.61076556625529,-0.614386577859049
0,0,0,0,0,0,0,0,0,0,0,0,0,0,0,0,0,0,0,185,-1.59997627825429,-1.38408609700712
0,0,0,0,0,0,0,0,0,0,0,0,1,0,0,0,0,0,0,186,-1.59189303177159,-1.0454056232413
0,0,0,0,0,0,0,0,0,0,0,0,0,0,0,0,0,0,0,187,-1.59165472915623,-1.38408609700712
1,0,0,0,0,0,0,0,0,0,0,0,0,0,0,1,0,0,0,190,-1.57997540991155,-0.731714830266428
1,0,0,0,0,0,0,0,0,0,0,1,0,0,0,0,0,0,0,191,-1.57578938869559,-0.807065649830495
0,0,0,0,0,0,0,0,0,0,0,0,0,0,0,0,0,0,0,192,-1.57203144053328,-1.38408609700712
0,0,0,0,0,0,0,0,0,0,0,0,0,0,0,0,0,0,0,196,-1.56464944738419,-1.38408609700712
0,0,0,0,0,0,0,0,0,0,0,0,0,0,0,0,0,0,0,197,-1.56367391142667,-1.38408609700712
0,0,1,0,0,0,0,0,0,0,0,0,1,0,0,1,0,0,0,199,-1.56118205110427,-0.399046992746592
0,0,0,0,0,0,0,0,0,0,0,0,0,0,0,0,0,0,0,200,-1.55826799136536,-1.38408609700712
0,0,0,0,0,0,0,1,0,0,0,0,0,0,0,0,0,0,0,201,-1.55482384178662,-1.27632974444581
1,0,0,0,0,0,0,0,0,0,1,0,0,0,0,0,0,0,0,202,-1.54834288117233,-0.648502267930678
0,1,0,0,0,0,0,0,0,0,0,0,0,0,0,0,0,0,0,203,-1.54066608620218,-0.9674941998325
0,0,0,0,0,0,0,0,0,0,0,0,0,0,0,0,0,1,0,204,-1.53879588820119,-0.679291882162733
0,0,0,0,0,0,0,0,0,0,0,0,0,0,0,0,0,0,0,205,-1.53771874963928,-1.38408609700712
0,0,0,0,0,0,0,0,0,0,0,0,0,0,0,0,0,0,0,206,-1.53717881501493,-1.38408609700712
0,0,0,0,0,0,0,0,0,0,0,0,0,0,0,0,0,0,0,207,-1.53633622220698,-1.38408609700712
0,0,0,0,0,0,0,0,0,0,0,0,0,0,0,0,0,0,0,208,-1.5348685714388,-1.38408609700712
0,0,0,0,0,0,0,1,0,0,0,0,0,0,0,0,0,0,0,210,-1.52532634463123,-1.27632974444581
0,0,0,1,0,0,0,0,0,0,1,0,0,0,0,0,0,0,0,213,-1.51404308080105,-0.524593139996512
0,0,0,0,0,0,0,0,0,0,0,0,0,0,0,0,0,0,0,215,-1.50771387893685,-1.38408609700712
1,0,0,0,0,0,0,0,0,0,1,0,0,0,0,1,0,0,0,216,-1.50179600410651,-0.496715434931057
0,0,0,0,0,0,0,0,0,0,0,0,0,0,0,0,0,0,0,217,-1.49842521088155,-1.38408609700712
0,1,0,0,0,0,0,0,0,0,0,0,0,0,0,0,0,0,0,219,-1.49274199795995,-0.9674941998325
0,0,0,0,0,0,0,0,0,0,0,0,0,0,0,0,0,0,0,220,-1.4920775876695,-1.38408609700712
0,0,0,0,0,0,0,0,0,0,0,0,1,0,0,0,0,0,0,221,-1.49050625781659,-1.0454056232413
0,0,0,0,0,0,0,1,0,0,0,0,1,0,0,0,0,0,0,222,-1.47836906847547,-0.965976368753949
0,0,0,0,0,0,0,1,0,0,1,1,0,0,0,0,0,0,0,224,-1.4753317395088,-0.75268346047468
0,0,0,0,0,0,0,0,0,0,0,0,1,0,0,0,0,0,0,225,-1.4739933801201,-1.0454056232413
0,0,0,0,0,0,0,0,0,0,0,0,0,1,0,0,0,0,0,228,-1.46531317989989,-0.708244048095665
0,0,0,0,0,0,0,0,0,0,0,0,0,0,0,0,0,0,0,229,-1.46488381653273,-1.38408609700712
0,0,0,0,0,0,0,0,0,0,0,0,0,0,0,0,0,0,0,231,-1.46407623467436,-1.38408609700712
0,0,0,0,0,0,0,0,0,0,0,0,0,0,0,0,0,0,0,232,-1.46129485642067,-1.38408609700712
0,0,0,0,0,0,0,0,0,0,0,0,0,0,0,0,0,0,0,233,-1.45964514244229,-1.38408609700712
0,0,0,0,0,0,0,0,0,0,0,1,0,0,0,0,0,0,0,234,-1.45614812608971,-1.1816763339748
0,0,0,0,0,0,0,0,0,0,0,0,0,0,0,0,0,0,0,235,-1.4536931048241,-1.38408609700712
0,0,0,0,0,0,0,0,0,0,0,0,0,0,0,0,0,0,0,236,-1.45356348751494,-1.38408609700712
0,0,0,0,0,0,0,0,0,0,0,0,0,0,0,0,0,0,0,237,-1.45308310301359,-1.38408609700712
0,0,0,0,0,0,0,0,0,0,1,0,0,0,0,1,0,0,0,238,-1.45183087615551,-0.73864493198207
0,0,0,0,0,0,0,0,0,0,0,0,0,0,0,1,0,0,0,239,-1.44902140080069,-1.07078812349621
1,0,0,0,0,0,0,0,0,0,0,0,0,0,0,0,0,0,0,240,-1.44755542505911,-0.941813004725468
0,0,0,0,0,0,0,0,0,0,0,0,0,0,0,0,0,0,0,241,-1.44659271831921,-1.38408609700712
0,0,0,0,0,0,0,0,0,0,0,0,1,0,0,0,0,0,0,243,-1.44470663601139,-1.0454056232413
0,0,0,0,0,0,0,0,0,0,0,0,0,0,0,0,0,0,0,244,-1.44454375673459,-1.38408609700712
0,0,0,0,0,0,0,0,0,0,0,1,0,0,0,0,0,0,0,245,-1.4393558251109,-1.1816763339748
0,0,0,0,0,0,0,1,0,0,0,1,0,0,0,1,0,0,0,247,-1.43445572960894,-0.847782439252877
0,0,0,0,0,0,0,1,0,0,0,0,0,0,0,0,0,0,0,248,-1.43443711633767,-1.27632974444581
0,0,0,0,0,0,0,0,0,0,0,0,1,0,0,0,0,0,0,249,-1.43414416464757,-1.0454056232413
0,0,0,0,0,0,0,1,0,0,0,0,0,0,0,0,0,0,0,250,-1.42610058626582,-1.27632974444581
0,0,0,0,0,0,0,0,0,0,0,0,0,0,0,0,0,0,0,251,-1.42261707472783,-1.38408609700712
0,0,0,0,0,0,0,0,0,0,0,0,0,0,0,0,0,0,0,252,-1.41623887654893,-1.38408609700712
0,0,0,0,0,0,0,0,0,0,0,1,0,0,0,0,0,0,0,253,-1.41606841416059,-1.1816763339748
0,0,0,0,0,0,0,0,0,0,1,0,0,0,0,0,0,0,0,254,-1.41555800330348,-0.950653377130039
0,1,0,0,0,0,0,0,0,0,0,0,1,0,0,1,0,0,0,257,-1.41433955328519,-0.566285253617308
0,0,0,0,0,0,0,0,0,0,1,0,0,0,0,0,0,0,0,258,-1.4064782215197,-0.950653377130039
0,0,0,0,0,0,0,0,0,0,0,0,0,0,0,0,0,0,0,259,-1.40475167335596,-1.38408609700712
0,0,0,0,0,0,0,1,0,0,0,0,1,0,0,0,0,0,0,260,-1.40400679875719,-0.965976368753949
1,0,0,0,0,0,0,1,0,0,0,1,0,0,0,0,0,0,0,262,-1.39962918108454,-0.745634565437767
0,0,0,0,0,0,0,0,0,0,0,0,0,0,0,0,0,0,0,263,-1.39959141486374,-1.38408609700712
0,0,0,0,0,0,0,0,0,0,0,0,1,0,0,0,0,0,0,264,-1.39919593758964,-1.0454056232413
0,0,0,0,0,0,0,0,0,0,0,0,1,0,0,0,0,0,0,266,-1.38785432221299,-1.0454056232413
0,0,0,0,0,0,1,0,0,0,0,0,0,0,0,0,0,0,0,268,-1.38565450531785,-0.723052710621628
0,0,0,0,0,0,0,0,0,0,0,0,0,0,0,0,0,0,0,269,-1.38154661280121,-1.38408609700712
0,0,0,0,0,0,0,0,0,0,0,0,0,0,0,0,0,0,0,270,-1.37820386634195,-1.38408609700712
0,0,0,0,1,0,0,0,0,0,0,1,0,0,0,0,0,0,0,271,-1.37796060165324,-0.723916822869933
0,0,0,0,0,0,0,0,0,0,0,1,0,1,0,0,0,0,0,273,-1.37380882981448,-0.604487855272836
0,0,0,0,0,0,0,0,0,0,0,1,0,0,0,0,0,0,0,280,-1.35387482949121,-1.1816763339748
0,0,0,0,0,0,0,0,0,0,0,0,0,0,0,0,0,0,0,281,-1.35296551730618,-1.38408609700712
0,0,0,0,0,0,0,0,0,0,0,1,0,0,0,0,0,0,0,282,-1.35275401239092,-1.1816763339748
0,0,0,0,0,0,0,0,0,0,1,0,0,0,0,0,0,0,0,284,-1.34670888298005,-0.950653377130039
0,0,0,0,0,0,0,0,0,1,0,1,1,0,0,0,0,0,0,286,-1.34203499278707,-0.466950130082258
1,0,0,0,0,0,0,0,0,0,1,0,0,0,0,0,0,0,0,287,-1.34157785933363,-0.648502267930678
0,0,0,1,0,0,0,0,0,0,0,1,1,0,0,0,0,0,0,288,-1.34101331283987,-0.49155116728005
0,0,0,0,0,0,0,0,0,0,0,0,1,0,0,0,0,0,0,289,-1.34087437894017,-1.0454056232413
0,0,0,0,0,0,0,0,0,0,1,0,0,0,0,0,0,0,0,290,-1.33751182232091,-0.950653377130039
0,0,0,0,0,0,0,0,0,0,1,0,0,0,0,0,0,0,0,291,-1.33659827871437,-0.950653377130039
0,0,0,0,0,0,0,1,0,0,1,0,1,0,0,0,0,0,0,294,-1.3331779481533,-0.665548855137938
0,0,0,0,0,0,0,0,0,0,0,0,0,0,0,0,0,1,0,296,-1.33136600692826,-0.679291882162733
0,0,0,0,0,0,0,1,0,0,0,0,0,0,0,0,0,0,0,300,-1.32646482253668,-1.27632974444581
0,0,0,0,0,0,0,1,0,0,0,0,0,0,0,0,0,0,0,302,-1.32362912386736,-1.27632974444581
0,0,0,1,0,0,0,0,0,0,0,0,0,0,0,0,1,0,0,304,-1.32135129158511,-0.396788297492174
0,0,0,0,0,0,0,0,0,0,0,0,0,0,0,0,0,0,0,305,-1.3183075439939,-1.38408609700712
0,0,0,0,0,0,0,0,0,0,0,0,0,0,0,0,0,0,0,306,-1.3133064754734,-1.38408609700712
0,0,0,0,0,0,0,0,0,0,0,0,1,0,0,0,0,0,0,308,-1.30931326143998,-1.0454056232413
0,0,0,0,0,0,0,0,0,0,0,0,1,0,0,0,0,0,0,309,-1.30682216141016,-1.0454056232413
0,0,0,0,0,0,0,0,0,0,0,0,0,0,0,0,0,0,0,310,-1.30679393296816,-1.38408609700712
0,0,0,0,0,0,0,0,0,0,0,0,0,0,0,0,0,0,0,311,-1.30608721340002,-1.38408609700712
0,0,0,0,0,0,0,0,0,0,0,0,1,0,0,0,0,0,0,313,-1.30221885831247,-1.0454056232413
0,0,0,0,0,0,0,0,0,0,0,0,0,0,0,0,0,0,0,314,-1.30185201316502,-1.38408609700712
0,0,0,1,0,0,0,1,0,0,0,0,0,0,0,0,0,0,0,315,-1.30093305009204,-0.7107856827243
0,0,0,0,0,0,0,0,0,0,0,0,0,0,0,0,0,0,0,316,-1.30065568583438,-1.38408609700712
0,0,0,0,0,0,0,0,0,0,0,1,1,0,0,0,0,0,0,317,-1.30055577203267,-0.89565909797438
0,0,0,0,0,0,0,0,0,0,0,0,0,0,0,1,0,0,0,320,-1.29716627151557,-1.07078812349621
0,0,0,1,0,0,0,0,0,0,0,0,0,0,0,0,0,0,0,322,-1.29431895795742,-0.769596779534891
0,0,0,0,0,0,0,0,0,0,0,0,1,0,0,0,0,0,0,323,-1.29380903437669,-1.0454056232413
0,0,0,0,0,0,0,1,0,0,0,0,0,0,0,0,0,0,0,324,-1.28803905194029,-1.27632974444581
1,0,0,0,0,0,0,0,0,0,0,0,0,0,0,0,0,0,0,325,-1.28597788318999,-0.941813004725468
0,0,0,0,0,0,0,0,0,0,0,0,1,0,0,0,0,0,0,326,-1.28534939642677,-1.0454056232413
0,0,0,0,0,0,0,0,0,0,0,0,0,0,0,0,0,1,0,327,-1.28354294388769,-0.679291882162733
0,0,0,1,0,0,0,1,0,0,0,0,0,0,0,0,0,0,0,329,-1.28058965568587,-0.7107856827243
0,0,0,0,0,0,0,0,0,0,0,1,0,0,0,0,0,0,0,330,-1.27978411087667,-1.1816763339748
1,0,0,0,0,0,0,0,0,0,1,0,1,0,0,0,0,0,0,331,-1.27885703997489,-0.48380356655083
0,0,0,1,0,0,0,1,0,0,0,0,1,0,0,0,0,0,0,332,-1.27571159554543,-0.533705332047602
0,0,0,0,0,0,0,0,0,0,0,1,1,0,0,0,1,0,0,334,-1.26636729726076,-0.472827346706636
0,0,0,0,0,0,0,0,0,0,0,0,0,0,0,0,0,0,0,335,-1.26460113897954,-1.38408609700712
0,0,0,0,0,0,0,1,0,0,0,0,0,0,0,0,0,0,0,336,-1.26334411226089,-1.27632974444581
0,0,0,0,0,0,0,0,0,0,0,1,1,0,0,1,0,0,0,337,-1.26140653870139,-0.695403102750041
0,0,0,0,0,0,0,0,0,0,0,1,0,0,0,0,0,0,0,338,-1.25999843197572,-1.1816763339748
0,0,0,0,0,0,0,0,0,0,0,0,0,0,0,0,0,0,0,339,-1.25934864301093,-1.38408609700712
0,0,0,0,0,0,0,1,0,0,0,0,0,0,0,0,0,0,0,340,-1.25809672917221,-1.27632974444581
0,0,0,0,0,0,0,0,0,0,0,0,0,0,0,0,0,0,0,341,-1.25741030110859,-1.38408609700712
0,0,0,0,0,0,0,0,0,0,0,0,0,0,0,1,0,0,0,342,-1.25668926501492,-1.07078812349621
0,0,0,0,1,0,0,0,0,0,1,0,0,0,0,0,0,0,0,343,-1.25610428700203,-0.579642283963192
0,0,0,0,0,0,0,0,0,0,0,0,0,0,0,1,0,0,0,344,-1.25414704945257,-1.07078812349621
1,0,0,0,0,0,0,0,0,0,0,0,0,0,0,1,0,1,0,346,-1.24715390351454,-0.333574366358435
0,0,0,0,0,0,0,0,0,0,0,0,1,0,0,0,0,0,0,347,-1.2464209001329,-1.0454056232413
0,0,0,0,0,0,0,0,0,0,0,0,0,0,0,0,0,0,0,348,-1.24460363218406,-1.38408609700712
0,0,0,0,0,0,0,0,0,0,1,0,1,0,0,1,0,0,0,349,-1.24427917411984,-0.555847287793195
0,0,0,0,0,0,0,0,0,0,0,0,0,0,0,1,0,0,0,352,-1.24276583010538,-1.07078812349621
1,0,0,0,0,0,0,1,0,0,1,1,0,0,0,0,0,0,0,355,-1.24154423780672,-0.506986982253456
0,0,0,0,0,0,0,0,0,0,0,0,0,0,0,1,0,0,0,358,-1.23689743487165,-1.07078812349621
0,0,0,0,0,0,0,0,0,0,0,0,0,0,0,0,0,0,0,359,-1.23489396417799,-1.38408609700712
0,0,0,0,0,0,0,0,0,0,0,0,0,0,0,1,0,0,0,360,-1.23483460309915,-1.07078812349621
0,0,0,0,0,0,0,1,0,0,0,0,0,0,0,0,0,0,0,361,-1.23432894349311,-1.27632974444581
0,0,0,0,0,0,0,0,0,0,0,0,0,0,0,0,0,0,0,362,-1.23057182954936,-1.38408609700712
0,1,0,0,0,0,0,0,0,0,0,1,0,0,0,0,0,0,0,363,-1.22412943072882,-0.829091654088897
0,0,0,0,0,0,0,0,0,0,0,0,0,1,0,0,0,0,0,364,-1.21606561526927,-0.708244048095665
0,0,0,0,1,0,0,1,0,0,1,0,0,0,0,1,0,0,0,368,-1.21369091593419,-0.401120213750758
0,0,0,1,0,0,0,0,0,0,0,0,0,0,0,0,0,0,0,369,-1.21256168238228,-0.769596779534891
0,0,0,0,0,0,0,0,0,0,0,1,0,0,0,0,0,0,0,370,-1.21238047080482,-1.1816763339748
0,0,0,0,0,0,0,0,0,0,0,0,0,0,0,0,0,0,0,371,-1.21226106553712,-1.38408609700712
0,0,0,0,0,0,0,0,0,0,1,0,0,0,0,0,0,0,0,373,-1.20641856834109,-0.950653377130039
0,0,0,0,0,0,0,0,0,0,0,0,0,0,0,0,0,0,0,375,-1.20560069050656,-1.38408609700712
0,0,0,0,0,0,0,0,0,0,0,0,0,0,0,0,0,0,0,376,-1.20396679299354,-1.38408609700712
0,0,0,0,0,0,0,0,0,0,1,0,0,0,0,0,0,0,0,377,-1.20305388819683,-0.950653377130039
1,0,0,0,0,0,0,0,0,0,0,0,0,0,0,0,0,1,0,378,-1.20303388277743,-0.452909793572117
0,0,0,0,0,0,0,0,0,0,0,0,0,0,0,0,0,0,0,379,-1.20122570477675,-1.38408609700712
0,1,0,0,0,0,0,0,1,0,0,0,0,0,0,0,0,0,0,381,-1.19427357554745,-0.466410650281101
0,0,1,0,0,0,0,0,0,0,0,0,0,0,0,0,0,0,0,382,-1.18458206031798,-0.706874791784085
0,0,0,0,0,0,0,0,0,0,0,0,0,0,0,0,0,0,0,383,-1.17962171627103,-1.38408609700712
0,0,0,0,0,0,0,0,0,0,0,0,0,0,0,0,0,0,0,384,-1.17817779901814,-1.38408609700712
0,0,0,0,0,0,1,1,0,0,0,0,0,0,0,0,0,0,0,386,-1.17783138288445,-0.667405598731538
1,0,0,0,0,0,0,0,0,0,0,0,1,0,0,0,0,0,0,387,-1.17495356971807,-0.714280006511542
0,0,0,0,0,0,0,0,0,0,0,0,1,0,0,0,0,0,0,388,-1.17349378215806,-1.0454056232413
0,0,0,0,0,0,0,1,0,0,0,0,0,0,0,0,0,0,0,389,-1.17302672831584,-1.27632974444581
0,0,0,0,0,0,0,0,0,0,0,0,0,0,0,0,0,0,0,390,-1.17298886255802,-1.38408609700712
0,0,0,0,0,0,0,0,0,0,0,0,0,0,0,0,0,0,0,391,-1.17130180842733,-1.38408609700712
0,0,0,0,0,0,0,0,0,0,1,0,0,0,0,0,0,0,0,392,-1.16929443688339,-0.950653377130039
0,0,0,0,0,0,0,0,0,0,0,0,0,0,0,0,0,0,0,393,-1.16845013357853,-1.38408609700712
0,0,0,0,0,0,0,0,0,0,0,0,0,0,0,0,0,0,0,394,-1.16641344696141,-1.38408609700712
0,0,0,0,0,0,0,0,0,0,0,0,0,0,0,0,0,0,0,396,-1.16076864233312,-1.38408609700712
0,0,0,0,0,0,0,1,0,0,0,1,0,0,0,0,0,0,0,397,-1.15242458131439,-1.09113001426634
0,1,0,0,0,0,0,0,0,0,1,0,0,0,0,0,0,0,0,401,-1.14675330274885,-0.66661708493067
0,0,0,0,0,0,0,1,1,0,1,0,1,0,0,1,0,0,0,403,-1.14277245960291,-0.196276403272825
0,0,0,0,1,0,0,0,0,0,0,0,0,0,0,0,0,0,0,406,-1.14105989653715,-0.845346507697311
0,0,0,0,0,0,0,0,0,0,0,1,1,0,0,0,0,0,0,407,-1.13915143752565,-0.89565909797438
0,1,0,0,0,0,0,0,0,0,0,0,0,0,0,0,0,0,0,408,-1.13517837347176,-0.9674941998325
0,0,0,0,0,0,0,0,0,0,0,0,1,0,0,0,0,0,0,410,-1.13153861693676,-1.0454056232413
1,0,0,0,0,0,0,0,0,0,0,0,0,0,0,0,0,0,0,411,-1.1302736713557,-0.941813004725468
0,0,0,0,0,0,0,0,0,0,0,0,0,0,0,0,0,0,0,412,-1.13008925929283,-1.38408609700712
0,0,0,0,0,0,0,0,0,0,0,1,0,0,0,0,0,0,0,413,-1.1293578148105,-1.1816763339748
1,0,0,0,0,0,0,0,0,0,0,0,0,0,0,0,0,0,0,414,-1.12918414796281,-0.941813004725468
0,0,0,0,0,0,0,0,0,0,0,0,1,0,0,1,0,0,0,416,-1.12745695973266,-0.812451207216125
0,0,0,0,0,0,0,1,0,0,0,0,0,0,0,0,0,0,0,417,-1.12652227962768,-1.27632974444581
0,0,0,0,0,0,0,1,0,0,0,0,0,0,0,0,0,0,0,418,-1.12335018435404,-1.27632974444581
0,0,0,0,0,0,0,0,0,0,0,0,0,0,0,0,0,0,0,421,-1.11318708662193,-1.38408609700712
1,0,0,0,0,0,0,0,0,0,0,1,0,0,0,1,0,0,0,423,-1.10927335704846,-0.625046046804061
0,0,0,0,0,0,0,0,0,0,0,0,0,0,0,1,0,0,0,426,-1.09648265088741,-1.07078812349621
0,0,0,0,0,0,0,0,0,0,0,0,0,0,0,0,0,0,0,427,-1.09567131801719,-1.38408609700712
0,0,0,0,0,0,0,0,0,0,0,0,0,0,0,0,0,0,0,428,-1.09204753311176,-1.38408609700712
0,0,0,0,0,0,0,0,0,0,0,1,0,0,0,1,0,0,0,431,-1.08929993207243,-0.91726900047319
0,0,0,0,0,0,0,0,0,0,0,0,0,0,0,0,0,0,0,434,-1.08731556624237,-1.38408609700712
0,0,0,0,0,0,0,0,0,0,0,0,0,0,0,0,0,0,0,435,-1.08505818125782,-1.38408609700712
0,0,0,0,1,0,0,0,0,0,0,0,0,0,0,1,0,0,0,436,-1.0848346928255,-0.655557111129605
0,0,0,0,1,0,0,1,0,0,0,0,0,0,0,0,0,0,0,437,-1.08304976681474,-0.781174489589784
0,0,0,0,0,0,0,0,0,0,0,0,0,0,1,0,0,0,0,438,-1.08207260429219,-0.719538246273703
0,0,0,0,0,0,0,0,0,0,0,0,0,0,0,1,0,0,0,440,-1.07517691401157,-1.07078812349621
0,0,0,0,0,0,0,0,0,0,0,0,0,0,0,0,0,0,0,441,-1.07427366648641,-1.38408609700712
0,0,0,0,0,0,0,0,0,0,0,0,0,0,0,0,0,0,0,442,-1.0721117648519,-1.38408609700712
0,0,0,0,1,0,0,1,0,0,0,0,0,0,0,0,0,0,0,444,-1.06823295918024,-0.781174489589784
0,0,0,0,0,0,0,0,0,0,0,0,0,0,0,1,0,1,0,445,-1.06819118481507,-0.52189369881557
0,0,0,0,0,0,0,0,0,0,0,0,0,0,0,1,1,0,0,447,-1.066502870646,-0.573571654951133
0,1,0,0,0,0,0,0,0,0,0,1,1,1,0,0,0,0,0,448,-1.06586813953032,-0.286931102834062
0,0,0,0,0,0,0,0,0,0,0,0,0,0,0,0,0,0,0,450,-1.06302841932899,-1.38408609700712
0,0,0,0,0,0,0,0,0,0,0,0,0,0,0,0,0,0,0,451,-1.06293154158378,-1.38408609700712
0,0,0,0,0,0,0,0,0,0,1,1,0,0,0,1,0,0,0,452,-1.06112895773836,-0.631106917943385
0,0,0,1,0,0,1,0,0,0,1,1,0,0,0,1,0,0,0,453,-1.06091483700032,-0.0891348882944789
1,0,0,1,0,0,0,0,0,0,0,0,0,0,0,0,0,0,0,455,-1.05895113844305,-0.519317666393093
0,0,0,0,0,0,0,1,0,0,1,1,0,0,0,0,0,0,0,457,-1.05806628096146,-0.75268346047468
0,0,0,0,0,0,0,0,0,0,0,1,0,0,0,0,0,0,0,459,-1.05543944077521,-1.1816763339748
0,0,0,0,1,0,0,1,0,0,1,0,1,0,0,0,0,0,0,460,-1.05226756237366,-0.389771121249157
0,0,0,0,0,0,0,0,0,0,0,0,0,0,0,0,0,0,0,461,-1.05212348537202,-1.38408609700712
0,0,0,0,0,0,0,0,0,0,0,0,0,0,0,1,0,0,0,462,-1.05163407968586,-1.07078812349621
0,0,0,0,0,0,0,0,0,0,0,0,0,0,0,0,0,0,0,463,-1.04616973638537,-1.38408609700712
0,0,0,0,0,0,0,0,0,0,0,0,0,0,0,0,0,0,0,464,-1.04590809243796,-1.38408609700712
0,0,0,0,0,0,0,0,0,0,0,0,1,0,0,0,0,0,0,465,-1.04564366046192,-1.0454056232413
0,0,0,0,0,0,0,0,0,0,0,0,0,0,0,0,0,0,0,466,-1.04545425347812,-1.38408609700712
0,0,0,0,0,0,0,0,0,0,1,0,0,0,0,0,0,0,0,467,-1.04498575119841,-0.950653377130039
0,0,0,0,0,0,0,0,0,0,0,0,1,0,0,0,0,0,0,468,-1.04315907168662,-1.0454056232413
0,0,0,0,0,0,0,0,0,0,0,0,0,0,0,0,0,0,0,470,-1.03965087109683,-1.38408609700712
0,0,0,0,0,0,0,0,0,0,0,0,1,0,0,0,0,0,0,471,-1.03934776789181,-1.0454056232413
0,0,0,0,0,0,1,1,0,0,1,0,0,0,0,0,0,0,0,472,-1.03795838136577,-0.448826821871378
0,0,0,0,0,0,0,0,0,0,0,0,0,0,1,0,0,0,0,474,-1.03334121383213,-0.719538246273703
0,0,0,0,0,0,0,0,0,0,1,0,1,0,0,0,0,0,0,476,-1.03106163206145,-0.721063015015314
1,0,0,0,0,0,0,0,0,0,0,0,0,0,0,0,0,0,0,478,-1.02597202977052,-0.941813004725468
0,0,0,0,0,0,0,0,0,0,0,0,0,0,0,0,0,0,0,479,-1.02551490544366,-1.38408609700712
0,0,0,0,0,0,0,1,0,0,0,0,1,0,0,1,0,0,0,482,-1.0216088236778,-0.750638367512086
0,0,0,0,0,0,0,1,0,0,0,0,0,0,0,0,0,0,0,483,-1.02095316627873,-1.27632974444581
0,0,0,0,0,0,0,0,0,0,1,0,0,0,0,0,0,0,0,484,-1.02012625826937,-0.950653377130039
0,0,0,0,0,0,0,0,0,0,0,0,0,0,0,0,0,0,0,485,-1.01992954042023,-1.38408609700712
0,0,0,0,0,0,0,1,0,0,0,1,0,0,0,0,0,0,0,486,-1.01977649199561,-1.09113001426634
0,0,0,0,0,0,0,0,0,0,0,1,0,0,0,0,0,0,0,487,-1.01901347856544,-1.1816763339748
1,0,0,1,0,0,0,0,0,0,0,0,0,0,1,0,0,0,0,489,-1.01589602033347,-0.223164484269524
0,0,0,0,0,0,0,0,0,0,0,0,0,0,0,1,0,0,0,490,-1.0138261801191,-1.07078812349621
0,0,0,0,0,0,0,0,0,0,0,0,0,0,0,0,0,0,0,491,-1.01262016984396,-1.38408609700712
1,0,0,0,0,0,1,0,0,0,0,0,1,0,0,1,0,0,0,492,-1.01240337976773,-0.245570188761735
0,0,0,0,0,0,0,0,0,0,1,0,0,0,0,0,0,0,0,493,-1.0107760696858,-0.950653377130039
0,0,0,0,0,0,0,0,0,0,0,0,0,1,0,0,0,0,0,494,-1.00991809867299,-0.708244048095665
0,0,0,0,0,0,0,0,0,0,0,0,0,0,0,0,0,0,0,498,-1.0043760352915,-1.38408609700712
1,0,0,0,0,0,0,0,0,0,0,1,0,0,0,0,0,0,0,500,-1.00030217551505,-0.807065649830495
1,1,0,0,0,0,1,1,0,0,0,0,0,0,0,0,0,0,0,501,-0.999212103377688,-0.283620612350507
0,0,0,0,0,0,0,0,0,0,0,0,0,0,0,0,0,0,0,503,-0.996526133492721,-1.38408609700712
0,0,0,0,0,0,0,0,0,0,0,0,0,0,0,0,0,0,0,504,-0.996174811835319,-1.38408609700712
0,1,0,0,0,0,0,0,0,0,0,0,0,0,0,0,0,0,0,505,-0.995529880569211,-0.9674941998325
0,0,0,0,0,0,0,0,0,0,0,0,0,0,0,0,0,0,0,510,-0.986322064622099,-1.38408609700712
0,0,0,0,0,0,0,0,0,0,0,0,1,0,0,0,0,0,0,512,-0.982767098126555,-1.0454056232413
0,0,0,0,0,0,0,1,0,0,0,0,0,0,0,0,0,0,0,513,-0.982318614991446,-1.27632974444581
0,0,0,0,0,0,0,0,0,0,0,0,0,0,0,0,0,0,0,514,-0.980862177064337,-1.38408609700712
0,0,0,0,0,0,0,0,0,0,0,0,0,0,0,0,0,0,0,515,-0.980037109873244,-1.38408609700712
0,0,0,0,0,0,0,0,0,0,0,1,1,0,0,0,0,0,0,516,-0.978315294993981,-0.89565909797438
0,0,0,0,0,0,0,0,0,0,0,0,1,0,0,0,1,0,0,517,-0.977130756941835,-0.559283996550959
1,0,0,0,0,0,0,0,0,0,1,1,0,0,0,0,0,0,0,519,-0.976233348546337,-0.551935626836976
0,0,0,1,0,0,0,0,0,0,0,0,0,0,0,0,0,0,0,520,-0.975402620712992,-0.769596779534891
0,0,0,0,0,0,0,0,0,0,0,0,0,0,0,0,0,0,0,522,-0.974598797977861,-1.38408609700712
0,0,0,0,0,0,0,1,0,0,0,0,0,0,0,0,0,0,0,523,-0.974244150913227,-1.27632974444581
1,0,0,1,0,0,0,0,0,0,0,1,0,0,0,0,0,0,0,525,-0.971552236018307,-0.437135844730603
0,0,0,0,0,0,0,0,0,0,0,0,0,0,0,0,1,0,0,526,-0.971321813091531,-0.74298120890925
0,0,0,0,0,0,0,0,0,0,0,0,0,0,0,1,0,0,0,531,-0.96774114004992,-1.07078812349621
0,0,0,0,0,0,0,0,0,0,0,0,0,0,0,0,0,0,0,532,-0.967164295326931,-1.38408609700712
0,1,0,0,0,0,0,1,0,0,0,1,0,0,0,0,0,1,0,533,-0.96579944619702,-0.353762889080233
0,1,0,0,0,0,0,1,0,0,0,0,0,0,0,1,0,0,0,534,-0.963866049022428,-0.694234191149246
0,0,0,0,0,0,1,0,0,0,0,0,0,0,0,0,0,0,0,536,-0.96254600762613,-0.723052710621628
0,0,0,0,0,0,0,0,0,0,0,0,1,0,0,1,0,0,0,537,-0.962145989080101,-0.812451207216125
0,0,0,0,0,0,0,0,0,0,1,0,0,0,0,0,0,0,0,538,-0.959907453833375,-0.950653377130039
0,0,0,0,0,0,0,0,0,0,0,0,0,0,0,1,0,0,0,539,-0.959058993767911,-1.07078812349621
0,0,0,0,0,0,0,0,0,0,0,1,0,0,0,0,0,0,0,540,-0.957626128988418,-1.1816763339748
0,0,0,0,0,0,0,1,0,0,0,0,0,0,0,0,0,0,0,541,-0.954315832026581,-1.27632974444581
0,0,0,1,0,0,0,0,0,0,0,0,0,0,0,0,0,0,0,543,-0.951689754791214,-0.769596779534891
0,0,0,0,0,0,0,1,0,0,0,0,0,0,0,0,0,0,0,544,-0.950599277526901,-1.27632974444581
1,0,0,0,0,0,0,0,0,0,0,0,0,0,0,0,0,0,0,547,-0.946264454938884,-0.941813004725468
0,0,0,0,0,0,0,0,0,0,0,0,0,0,0,0,0,0,0,549,-0.944628440946718,-1.38408609700712
0,0,0,0,0,0,0,0,0,0,1,0,1,1,0,0,0,0,0,552,-0.940097339865255,-0.345270653906469
0,0,0,0,0,0,0,0,0,0,0,0,0,0,0,1,0,0,0,553,-0.939726423126286,-1.07078812349621
0,0,0,0,1,0,0,0,0,0,0,0,0,0,0,1,0,0,0,554,-0.938457004325449,-0.655557111129605
0,0,0,0,0,0,0,1,0,0,0,1,0,0,0,0,0,0,0,555,-0.938154036919054,-1.09113001426634
0,0,0,0,0,0,0,1,0,1,0,0,0,1,0,0,0,0,0,556,-0.937970698641715,-0.318976392266868
0,0,0,0,0,0,0,0,0,0,0,0,0,0,0,0,0,0,0,557,-0.936529795941067,-1.38408609700712
0,1,0,0,0,0,0,0,0,0,0,0,0,0,0,0,0,0,0,558,-0.935484837175305,-0.9674941998325
0,0,0,0,0,0,0,0,0,0,1,1,0,0,0,0,0,0,0,560,-0.93306399605946,-0.814652722533075
0,0,0,0,0,0,0,0,0,0,0,0,0,0,0,0,0,0,0,561,-0.932761778082081,-1.38408609700712
0,0,0,0,0,0,0,0,0,0,0,0,0,0,0,1,0,0,0,564,-0.929474567903221,-1.07078812349621
0,0,0,0,0,0,0,1,0,0,0,1,0,0,0,0,0,0,0,566,-0.926923494093705,-1.09113001426634
0,0,0,0,0,0,0,0,0,0,1,0,0,0,0,0,0,0,0,568,-0.923885777602526,-0.950653377130039
0,0,0,0,0,0,0,0,0,0,1,0,0,0,0,0,0,0,0,569,-0.923164738341482,-0.950653377130039
0,0,0,0,0,0,0,0,0,0,0,0,0,0,0,0,0,0,0,570,-0.922357303788053,-1.38408609700712
0,0,0,0,1,0,0,0,0,0,0,0,0,0,0,0,0,0,0,571,-0.919742167561834,-0.845346507697311
0,0,0,0,0,0,0,0,0,0,0,0,0,0,0,0,0,0,0,572,-0.917035919896275,-1.38408609700712
0,0,0,0,0,0,0,1,0,0,1,0,0,0,0,0,0,0,0,573,-0.915647670613243,-0.878631606779245
0,0,0,0,0,0,0,0,0,0,1,0,0,0,0,0,0,0,0,574,-0.912041764460648,-0.950653377130039
0,0,0,0,0,0,0,0,0,0,0,0,0,0,0,0,0,1,0,576,-0.909968013979,-0.679291882162733
0,0,0,0,0,0,0,0,0,0,0,0,0,0,0,0,0,0,0,577,-0.909110166265635,-1.38408609700712
0,0,0,0,1,0,0,0,0,0,0,0,1,0,0,1,0,0,0,578,-0.908621337556498,-0.489484372770878
0,0,0,1,1,0,0,0,0,0,0,0,0,0,0,0,0,0,0,580,-0.902968850879876,-0.460835426636091
0,0,0,0,0,0,0,0,0,0,0,1,0,1,0,1,0,0,0,582,-0.900060822965235,-0.460493044277358
0,0,0,0,0,0,0,0,0,0,0,0,0,0,0,1,0,0,0,583,-0.899788922056691,-1.07078812349621
0,0,0,1,0,0,0,0,0,0,0,1,0,0,0,0,0,0,0,586,-0.895846312723909,-0.658126081180032
0,0,0,0,0,0,0,0,0,1,0,0,0,0,0,0,0,0,0,589,-0.887945514756657,-0.734664721717493
0,0,0,0,1,0,0,0,0,0,1,0,0,0,0,0,0,0,0,590,-0.887523624317931,-0.579642283963192
0,0,0,0,0,0,0,0,0,0,0,1,1,0,0,0,0,0,0,592,-0.883616848234295,-0.89565909797438
0,0,0,0,0,0,0,0,0,0,0,0,0,0,0,0,1,0,0,593,-0.883192161195466,-0.74298120890925
0,1,0,0,0,0,0,0,1,0,0,1,0,0,0,0,0,0,0,594,-0.874841858165682,-0.389637870763107
0,0,0,0,0,0,0,0,0,0,1,0,0,0,0,0,0,0,0,597,-0.870443847427269,-0.950653377130039
0,0,0,0,0,0,0,0,0,0,0,0,0,0,0,0,0,0,0,598,-0.870228465150659,-1.38408609700712
0,0,0,0,0,0,0,0,0,0,1,1,0,0,0,0,0,0,0,600,-0.863868948116639,-0.814652722533075
0,0,0,0,0,0,0,1,0,0,1,1,0,0,0,1,0,0,0,601,-0.863765985211268,-0.581397753304532
0,0,0,0,1,0,0,0,0,0,0,0,1,1,0,1,0,0,0,602,-0.863265915447567,-0.197483459154406
0,0,0,0,0,0,0,0,0,0,1,0,0,0,0,0,0,0,0,604,-0.85952771160387,-0.950653377130039
0,0,0,0,0,0,0,0,0,0,0,0,0,0,0,0,0,1,0,606,-0.856033266284051,-0.679291882162733
0,0,0,1,1,0,0,0,0,0,0,0,0,0,0,0,0,0,0,607,-0.855516372098844,-0.460835426636091
1,0,0,0,0,0,0,0,0,0,0,0,0,0,0,0,0,0,0,610,-0.851985420360807,-0.941813004725468
0,0,0,0,0,0,0,0,0,0,0,0,0,0,0,0,0,0,0,611,-0.850863980457765,-1.38408609700712
0,0,0,0,0,0,0,0,0,0,1,0,0,0,0,0,0,0,0,614,-0.849843667749085,-0.950653377130039
0,0,0,0,0,0,0,0,0,0,0,0,0,0,0,0,0,0,0,615,-0.848927562740054,-1.38408609700712
0,0,0,1,0,0,0,0,0,0,0,0,0,0,0,1,0,0,0,616,-0.84697608576587,-0.595011999789578
1,0,0,0,0,0,0,0,0,0,0,0,0,0,0,0,0,0,0,617,-0.846161753675695,-0.941813004725468
0,0,0,0,1,0,0,1,0,0,1,0,0,0,0,0,0,0,0,618,-0.845996671847237,-0.533065988066107
0,0,0,0,0,0,0,0,0,0,0,0,0,0,0,1,0,0,0,619,-0.845078324492313,-1.07078812349621
0,0,0,0,0,0,0,0,0,0,0,0,0,0,0,0,0,0,0,621,-0.843893392391018,-1.38408609700712
0,0,0,0,0,0,0,0,0,0,0,0,0,0,0,0,0,0,0,624,-0.84103540558063,-1.38408609700712
0,0,0,0,0,0,0,0,0,0,0,0,0,0,0,0,0,0,0,625,-0.835599858061855,-1.38408609700712
1,0,0,0,0,0,0,0,0,0,0,0,1,0,0,0,0,0,0,626,-0.835165456432433,-0.714280006511542
0,0,0,0,0,0,0,0,0,0,1,0,1,0,1,0,0,0,0,628,-0.832575199676159,-0.35224194910834
0,0,0,1,1,0,0,0,0,0,0,0,0,0,0,0,0,0,0,630,-0.831271665730339,-0.460835426636091
0,0,0,0,0,0,0,1,0,0,0,0,0,0,0,0,0,0,0,631,-0.829259342777385,-1.27632974444581
0,0,0,0,0,0,0,1,0,0,0,1,0,0,0,1,0,0,0,633,-0.825936305286681,-0.847782439252877
1,0,0,0,0,0,0,1,0,0,0,1,0,0,0,1,0,0,0,634,-0.824846068977814,-0.575713117175177
0,0,0,0,0,0,0,0,0,0,0,0,0,0,0,0,0,0,0,635,-0.824256522276558,-1.38408609700712
0,0,0,0,0,0,0,0,0,0,0,0,0,0,0,0,0,0,0,637,-0.821592832845456,-1.38408609700712
1,0,0,0,0,0,0,0,1,0,1,1,0,0,0,1,0,0,0,638,-0.82142788855697,-0.13404272122124
0,0,0,0,0,0,0,0,0,0,0,0,1,0,0,1,0,0,0,640,-0.820163801759748,-0.812451207216125
0,0,0,0,0,0,0,0,0,0,0,0,1,0,0,0,0,0,0,642,-0.819897263597483,-1.0454056232413
0,0,0,0,0,0,0,1,0,0,0,0,0,0,0,1,0,0,0,644,-0.81726168498278,-0.989326073258636
0,0,1,0,0,0,0,0,0,0,0,0,0,0,0,1,0,0,0,645,-0.814755999156507,-0.54434042943273
0,0,0,1,0,1,0,0,0,0,0,0,0,0,0,0,0,0,0,646,-0.813384045641918,-0.186719552622471
0,1,0,0,0,0,0,0,0,0,0,0,0,0,0,1,0,0,0,647,-0.813349818218725,-0.751825125972292
0,1,0,0,0,0,0,0,0,0,0,0,0,0,0,1,0,0,0,648,-0.810719366332016,-0.751825125972292
0,0,0,0,0,0,0,0,0,0,0,0,0,0,0,0,0,0,0,649,-0.810155131194518,-1.38408609700712
0,0,0,1,0,0,0,0,0,0,0,0,0,0,0,0,0,0,0,650,-0.808683519038542,-0.769596779534891
1,0,0,0,0,0,0,1,0,0,0,0,0,0,0,0,0,0,0,651,-0.806851125122487,-0.870466586960888
1,0,0,0,0,0,1,0,1,0,0,0,0,0,0,1,0,0,0,653,-0.804287842192776,-0.095651783282396
0,0,0,0,0,0,0,0,0,0,0,0,0,0,0,0,0,0,0,655,-0.802141888561261,-1.38408609700712
0,0,0,0,0,0,0,0,0,0,0,0,1,0,0,0,0,0,0,656,-0.802135103210264,-1.0454056232413
0,0,0,0,0,0,0,0,0,0,1,0,0,0,0,0,0,0,0,657,-0.80139882680985,-0.950653377130039
0,0,0,0,0,0,0,0,0,0,0,0,0,1,0,0,0,0,0,658,-0.800849906942953,-0.708244048095665
1,0,0,0,0,0,0,0,0,0,0,1,0,0,0,1,0,0,0,659,-0.799252027607064,-0.625046046804061
0,0,0,0,0,0,0,0,0,0,0,0,0,0,0,0,0,0,0,660,-0.792134610937317,-1.38408609700712
1,0,0,0,0,0,0,0,0,0,1,0,1,0,0,1,0,0,0,663,-0.786624613524386,-0.359724581157097
0,0,0,0,0,0,0,0,0,0,1,0,1,0,0,0,0,1,0,664,-0.78579498074977,-0.327261937492152
1,0,0,0,0,1,0,0,0,0,0,0,0,0,0,0,0,0,0,665,-0.785328437032824,-0.262504813537228
0,0,0,0,0,0,0,0,0,0,0,1,0,0,0,0,0,0,0,666,-0.785276479472712,-1.1816763339748
0,1,0,0,0,0,0,0,0,0,0,0,0,0,0,0,0,0,0,667,-0.78487561490688,-0.9674941998325
0,0,0,0,0,0,0,0,0,0,0,1,1,0,0,0,0,0,0,668,-0.784529052219592,-0.89565909797438
0,0,0,0,0,0,0,0,0,1,0,0,1,0,0,0,0,0,0,669,-0.783277837284483,-0.552690502236206
0,0,0,1,0,0,0,0,0,0,0,0,0,0,0,0,0,0,0,671,-0.779863378881707,-0.769596779534891
1,1,0,0,0,0,0,0,0,0,0,0,1,0,0,0,0,0,0,672,-0.777431575703245,-0.49328117456373
0,0,0,0,0,0,0,1,0,0,1,1,0,0,0,0,0,0,0,674,-0.776732477851004,-0.75268346047468
0,0,0,0,0,0,0,0,0,0,0,1,0,0,0,0,0,0,0,675,-0.770119577942308,-1.1816763339748
0,0,0,0,0,0,0,1,0,0,0,0,0,0,0,1,0,0,0,676,-0.769264425325243,-0.989326073258636
0,0,0,0,0,0,0,1,0,0,0,0,1,0,0,0,0,0,0,677,-0.768659544506294,-0.965976368753949
0,0,0,0,0,1,0,0,0,0,1,1,0,1,1,0,0,0,0,679,-0.766635406476412,0.1672546119983
1,0,0,0,0,0,0,0,0,0,1,0,0,0,0,0,0,0,0,681,-0.763529358454683,-0.648502267930678
0,1,0,0,0,0,0,0,0,0,1,1,1,1,0,1,0,0,0,682,-0.763300961566543,-0.0682996882751335
0,0,0,0,0,0,0,0,0,0,0,0,0,0,0,0,0,0,0,683,-0.763042394279034,-1.38408609700712
1,0,0,0,0,0,0,0,0,0,0,1,0,0,0,0,0,0,0,684,-0.762358384448776,-0.807065649830495
0,0,0,0,0,0,0,0,0,0,0,0,0,0,0,0,0,0,0,686,-0.760637750246598,-1.38408609700712
0,0,0,0,0,0,0,1,0,0,0,0,1,0,0,0,0,0,0,687,-0.760583645970208,-0.965976368753949
0,0,0,0,1,0,0,0,0,0,0,0,1,0,0,0,0,0,0,688,-0.759737553363302,-0.63968914421261
0,0,1,0,0,0,0,0,0,0,0,0,0,0,0,0,0,0,0,689,-0.758265357457006,-0.706874791784085
0,0,0,0,0,0,0,0,0,0,0,0,0,0,0,0,0,0,0,690,-0.757319981267288,-1.38408609700712
1,0,0,0,0,0,1,0,0,0,0,0,1,0,0,0,0,0,0,692,-0.754985767992473,-0.350217320250629
0,0,0,1,0,0,1,0,0,0,0,0,0,0,0,1,1,1,0,696,-0.747696159710612,0.127949921289908
0,0,0,1,0,0,0,0,0,0,0,0,0,0,0,1,0,0,0,697,-0.744959238841627,-0.595011999789578
0,0,0,1,0,0,0,0,0,0,0,1,0,0,0,0,0,0,0,699,-0.744184615312154,-0.658126081180032
0,1,0,0,0,0,0,0,0,0,0,1,1,0,0,1,0,0,0,700,-0.743447146724232,-0.479063297854821
0,0,0,0,0,0,0,0,0,0,0,0,1,0,0,1,0,0,0,702,-0.742644957490402,-0.812451207216125
0,0,0,0,0,0,0,1,0,0,1,0,0,0,0,1,0,0,0,703,-0.739782060850647,-0.681949336068168
0,0,0,0,0,0,0,0,0,0,1,0,0,0,0,0,0,0,0,704,-0.738784930666373,-0.950653377130039
1,0,0,0,0,0,1,0,0,0,0,0,0,0,0,1,0,0,0,705,-0.737985907680273,-0.360960037337278
1,0,0,0,0,0,0,0,0,0,0,0,1,0,0,0,0,0,0,707,-0.736504842360898,-0.714280006511542
0,0,0,0,0,0,0,0,0,0,0,0,0,0,0,0,0,0,0,708,-0.733866743239236,-1.38408609700712
0,0,0,1,0,0,0,0,0,0,0,0,0,0,0,0,0,0,0,711,-0.73113576171672,-0.769596779534891
0,0,0,0,0,0,0,0,0,0,0,0,1,0,0,0,0,0,0,713,-0.728874715909977,-1.0454056232413
0,0,0,0,0,0,0,0,0,0,0,0,0,0,1,0,0,0,0,715,-0.727358144859487,-0.719538246273703
0,0,0,0,0,0,0,0,0,0,0,0,1,0,0,0,0,0,0,717,-0.722628427804801,-1.0454056232413
0,0,0,0,0,0,0,0,0,0,1,1,0,0,0,0,0,0,0,718,-0.72255408804283,-0.814652722533075
0,0,0,0,0,0,0,0,0,0,0,1,0,0,0,0,0,0,0,719,-0.721631922944805,-1.1816763339748
0,0,0,0,0,0,0,0,0,1,0,0,0,1,0,0,0,0,0,721,-0.719630647195626,-0.353530723439523
0,0,0,1,0,0,0,0,0,0,0,0,0,0,0,0,0,0,0,722,-0.719194916831408,-0.769596779534891
0,0,0,0,0,0,0,0,0,0,0,0,0,0,0,0,0,0,0,723,-0.718655534077686,-1.38408609700712
1,0,0,0,0,0,0,0,0,0,0,0,0,0,0,0,0,0,0,724,-0.716718539782248,-0.941813004725468
0,1,0,0,0,0,0,0,0,0,1,0,0,0,0,0,0,0,0,728,-0.712430400079614,-0.66661708493067
0,0,0,0,0,0,0,0,0,0,0,0,1,0,0,0,0,0,0,729,-0.710999275636783,-1.0454056232413
0,0,0,0,0,0,0,0,0,0,0,0,0,0,0,0,1,0,0,730,-0.710125318668505,-0.74298120890925
0,0,0,0,0,0,0,0,0,1,1,0,0,0,0,0,0,0,0,731,-0.708898639452522,-0.498894931551943
0,0,0,0,0,0,0,1,0,0,0,0,1,0,0,0,0,0,0,733,-0.707425923273924,-0.965976368753949
0,0,0,1,0,0,0,0,0,0,1,0,0,0,0,0,0,0,0,735,-0.705830919131686,-0.524593139996512
0,0,0,0,0,0,0,0,0,0,0,0,0,0,0,1,0,0,0,738,-0.702187963578834,-1.07078812349621
1,0,0,0,1,0,0,0,0,0,0,0,0,1,0,1,0,0,0,739,-0.701935493624828,-0.160727240831227
1,0,0,0,0,0,0,0,0,0,0,0,0,0,0,0,0,0,0,740,-0.701599745793245,-0.941813004725468
0,0,0,0,0,0,0,0,0,0,0,0,0,0,0,0,0,0,0,741,-0.701263677101277,-1.38408609700712
0,0,0,0,0,0,0,0,0,0,0,0,0,0,0,0,0,0,0,743,-0.697897279502128,-1.38408609700712
0,0,0,0,0,0,0,0,0,0,0,0,1,0,0,0,0,0,0,744,-0.697834369383896,-1.0454056232413
0,0,0,0,0,0,0,0,0,0,0,0,1,0,0,0,0,0,0,746,-0.696647897465359,-1.0454056232413
0,0,1,0,0,0,0,0,0,0,1,0,0,0,0,0,0,0,0,748,-0.694398429443046,-0.478303586036879
0,0,0,1,1,0,0,0,0,0,1,1,1,0,0,0,0,0,0,749,-0.693563547950747,-0.131509894333974
0,0,0,0,0,0,0,0,0,0,0,0,0,0,0,0,0,0,0,750,-0.693447029688596,-1.38408609700712
0,0,0,0,1,0,0,0,0,0,0,0,0,0,0,1,0,0,0,751,-0.692974945152772,-0.655557111129605
1,0,0,0,1,0,0,0,0,0,0,0,1,0,0,0,0,0,0,752,-0.6923250448498,-0.4233284191164
0,0,0,0,0,0,0,0,0,0,0,0,0,0,0,0,0,0,0,753,-0.692250732602921,-1.38408609700712
0,0,0,1,0,0,0,1,0,0,0,0,0,0,0,1,0,0,0,756,-0.688115548777079,-0.54751486668636
0,0,0,0,0,0,0,0,0,0,0,0,0,1,0,0,0,0,0,759,-0.682330611892212,-0.708244048095665
0,0,0,0,0,0,0,1,0,0,0,0,0,0,0,0,0,1,0,761,-0.680399630480052,-0.626524005673801
0,0,0,0,0,0,0,0,0,0,1,0,0,0,0,0,0,0,0,762,-0.67768273379109,-0.950653377130039
0,0,0,0,0,0,0,0,0,0,0,0,0,0,0,0,0,0,0,764,-0.677235080145406,-1.38408609700712
1,0,0,1,1,0,0,1,0,0,0,0,1,0,0,0,0,0,0,766,-0.673705088407906,-0.153765028477835
0,0,0,0,0,0,0,0,0,0,0,0,0,0,0,0,0,0,0,770,-0.67097582387268,-1.38408609700712
0,0,0,0,0,0,0,0,1,0,1,0,1,0,0,0,0,0,0,771,-0.670625560857041,-0.326873884320022
0,0,0,0,0,0,0,0,0,1,0,0,1,0,0,0,0,0,0,772,-0.67059702021587,-0.552690502236206
0,0,0,1,0,0,0,0,1,0,0,1,0,0,0,0,0,0,0,773,-0.665422492134403,-0.289027500061777
0,0,0,0,1,0,0,1,0,0,0,0,0,0,0,1,0,0,0,775,-0.665235110011069,-0.604310772376245
0,0,0,0,0,0,0,1,0,0,1,0,0,0,0,0,0,0,0,776,-0.66277907239782,-0.878631606779245
0,0,0,0,0,0,0,0,0,0,0,0,0,0,0,0,1,0,0,777,-0.662305351244149,-0.74298120890925
1,0,0,0,0,0,0,0,0,0,0,1,0,0,0,1,0,0,0,778,-0.66212325172486,-0.625046046804061
0,0,0,0,0,0,1,0,0,0,1,0,0,0,0,1,0,0,0,779,-0.661434652306024,-0.365210634256953
1,0,0,0,0,0,0,0,0,0,0,0,1,1,1,0,0,0,0,780,-0.66141621360625,-0.099858252960247
0,0,0,0,0,0,0,0,0,0,0,0,1,0,0,0,0,0,0,781,-0.661016011281109,-1.0454056232413
1,0,0,1,0,0,0,0,0,0,1,0,1,0,0,0,0,0,0,783,-0.659586747335963,-0.223949765029502
1,0,0,0,0,0,0,0,0,0,0,0,1,0,0,0,1,0,0,785,-0.653739357875131,-0.362358612653023
0,0,0,0,0,0,0,1,0,0,1,1,1,0,0,0,0,0,0,786,-0.652027711144392,-0.566964184093068
0,0,0,0,0,0,0,0,0,0,0,0,0,0,0,0,0,0,0,787,-0.650996048417644,-1.38408609700712
0,1,0,0,0,0,0,0,0,0,0,0,1,0,0,0,0,0,0,788,-0.647431661098043,-0.733961441205149
0,0,0,0,0,0,0,0,0,0,1,0,0,0,0,0,0,0,0,789,-0.646722309674082,-0.950653377130039
0,0,0,0,0,0,0,1,0,0,0,0,0,0,0,0,0,0,0,792,-0.644801193498251,-1.27632974444581
0,0,0,0,0,0,0,0,0,0,1,0,1,0,0,0,0,0,0,793,-0.644570860214509,-0.721063015015314
1,0,0,0,1,0,1,0,0,0,0,0,0,0,0,0,0,0,0,794,-0.64191172707883,-0.261073802476758
0,0,0,1,1,0,0,0,0,0,1,0,0,0,0,1,0,0,0,795,-0.641909203945498,-0.192992245919933
0,0,0,0,1,0,0,0,0,0,0,0,1,0,0,0,0,0,0,797,-0.639454719255999,-0.63968914421261
0,1,0,0,0,0,0,0,0,0,0,0,0,0,0,0,0,0,0,798,-0.638290561923182,-0.9674941998325
0,0,0,0,0,0,0,0,0,0,0,0,0,0,0,0,1,0,0,799,-0.637555607324979,-0.74298120890925
1,0,0,0,0,0,0,0,1,0,0,0,0,0,0,1,0,1,0,800,-0.637333063623205,-0.0764864311345779
1,0,0,0,0,0,0,0,0,0,0,0,0,0,0,0,0,1,0,801,-0.637078360308362,-0.452909793572117
0,0,0,1,0,0,0,0,0,0,1,0,0,0,0,0,0,0,0,802,-0.635442976615742,-0.524593139996512
1,0,0,1,0,0,0,0,0,0,1,1,0,0,0,0,0,0,0,804,-0.633548291217605,-0.270998526774341
0,0,0,1,0,0,0,0,0,0,0,0,0,1,0,1,0,0,0,805,-0.63303209254805,-0.266573389887554
0,0,1,0,0,0,0,0,0,0,0,0,0,0,0,0,0,1,0,806,-0.631426543744057,-0.318811176685858
0,1,0,0,0,0,0,0,0,1,1,0,1,0,0,0,0,0,0,808,-0.628581448330066,-0.216763223078892
1,1,0,1,0,0,0,0,0,0,0,0,0,0,1,0,0,0,0,809,-0.625594968511042,-0.101479452807382
0,1,0,0,0,0,0,0,0,0,0,1,0,0,0,0,0,0,0,811,-0.624772765729062,-0.829091654088897
1,0,0,0,1,0,0,0,0,0,1,0,0,1,0,0,0,1,0,812,-0.622145069672157,0.0806596678122142
1,0,0,0,1,0,0,0,0,0,0,0,0,0,0,1,0,0,0,814,-0.6184508557166,-0.435215717439307
1,0,0,0,0,0,0,1,0,0,1,0,1,0,0,1,0,0,0,815,-0.617978266890044,-0.324880062055321
0,0,0,0,0,0,0,0,0,0,0,1,0,0,0,0,0,0,0,816,-0.617488451459589,-1.1816763339748
0,1,0,0,1,0,0,0,0,0,1,0,0,0,0,0,0,0,0,817,-0.615896078167592,-0.390512068142023
0,0,0,0,1,0,0,0,0,0,1,1,1,1,0,0,0,1,0,818,-0.615500845828602,0.093322288787013
1,0,0,1,0,0,0,0,0,0,0,0,0,0,0,0,0,0,0,819,-0.614006163933212,-0.519317666393093
0,0,0,0,0,0,0,0,0,0,0,0,0,1,0,0,0,0,0,822,-0.612178819963856,-0.708244048095665
0,0,0,1,1,0,0,0,0,0,0,1,1,0,0,0,0,0,0,823,-0.61186186864024,-0.265686936133264
1,0,0,1,0,0,0,0,0,0,1,0,0,0,0,0,0,0,0,824,-0.611678153003886,-0.335661898716921
0,0,0,0,0,0,0,0,0,0,0,0,0,0,0,0,0,0,0,826,-0.609951775078488,-1.38408609700712
0,0,1,0,0,0,0,0,0,0,0,1,0,0,0,0,0,0,0,827,-0.607978629440138,-0.603287008816335
0,0,0,0,1,0,0,1,0,0,0,0,0,0,0,1,0,0,0,828,-0.607409876485568,-0.604310772376245
0,0,0,0,0,0,1,0,0,0,1,0,0,0,0,1,0,0,0,829,-0.606191941005517,-0.365210634256953
1,0,0,0,0,0,0,1,0,0,0,0,0,0,0,0,0,0,0,830,-0.605635495431728,-0.870466586960888
1,0,0,0,0,0,0,0,0,0,0,0,1,0,0,0,0,0,0,835,-0.604584536603388,-0.714280006511542
0,1,0,0,0,0,0,0,0,0,0,0,1,0,0,0,0,0,0,837,-0.603604419895291,-0.733961441205149
0,0,0,0,0,0,0,0,0,0,1,0,0,0,0,0,0,0,0,838,-0.601714868506922,-0.950653377130039
0,0,0,0,0,0,0,0,0,0,1,0,0,0,0,0,1,0,0,839,-0.60035420098524,-0.505031556808483
0,0,0,0,0,1,0,0,0,0,0,0,1,0,0,1,0,0,0,840,-0.600259744590296,-0.206246203808333
0,0,0,0,1,0,0,0,0,0,1,0,0,0,0,1,0,0,0,841,-0.600031288843746,-0.439923769742124
0,0,0,1,0,0,0,0,0,0,0,1,0,0,0,0,0,0,0,843,-0.596416066215019,-0.658126081180032
0,0,0,0,0,0,0,0,0,0,1,0,0,0,0,0,0,0,0,846,-0.59079779276021,-0.950653377130039
0,0,0,0,0,0,0,0,0,0,0,1,0,0,0,1,0,0,0,848,-0.589903687328263,-0.91726900047319
0,1,0,0,0,0,0,0,0,0,0,0,0,0,0,0,0,0,0,851,-0.587572124625579,-0.9674941998325
0,0,0,0,0,0,0,0,0,0,0,0,1,0,0,0,0,0,0,852,-0.587391235723851,-1.0454056232413
0,0,0,0,1,0,0,0,0,0,1,0,0,0,0,1,0,1,0,853,-0.587330904813405,-0.149883423563594
0,0,0,0,0,0,0,0,0,0,1,0,0,0,0,1,0,0,0,854,-0.587162115332312,-0.73864493198207
0,0,0,0,0,0,0,0,0,0,0,0,0,0,0,0,0,0,0,855,-0.586118733707969,-1.38408609700712
0,0,0,0,0,0,0,1,0,0,0,0,1,0,0,0,0,0,0,856,-0.585430268755081,-0.965976368753949
0,0,0,0,0,0,0,0,0,0,0,0,0,0,0,1,0,0,0,857,-0.583130217547654,-1.07078812349621
0,0,0,0,1,0,0,0,0,0,1,0,0,0,0,0,0,0,0,858,-0.581303936197366,-0.579642283963192
1,0,0,0,0,0,0,0,1,0,0,0,0,0,0,0,1,0,0,859,-0.581034691925465,-0.189257007814368
1,0,0,0,0,0,0,0,0,0,0,0,1,0,0,0,1,1,0,860,-0.577316519354471,-0.0969072744964006
0,0,0,0,0,0,0,0,0,0,1,0,0,0,0,0,0,0,0,863,-0.575824680282092,-0.950653377130039
1,0,0,0,0,0,0,1,0,0,1,1,0,1,0,1,0,0,0,864,-0.574572699708615,-0.121906368054816
0,0,0,0,1,0,0,0,0,0,0,0,0,1,0,0,0,0,0,867,-0.570323517884641,-0.419198634522465
0,0,0,1,0,0,0,0,0,0,0,0,0,0,0,0,0,0,0,869,-0.569787203668591,-0.769596779534891
0,0,0,0,0,0,0,1,0,0,0,0,0,0,0,0,0,0,0,871,-0.569363252947506,-1.27632974444581
1,0,0,1,0,0,1,1,0,0,1,0,0,0,0,0,0,0,0,873,-0.56731876079509,-0.0729169555389315
0,0,0,0,0,0,0,0,0,0,1,1,0,0,0,0,1,0,0,874,-0.566560443457988,-0.424338606403292
0,0,0,0,0,0,0,0,0,0,1,0,1,0,0,0,0,0,0,875,-0.566138415151952,-0.721063015015314
0,0,0,0,0,0,0,1,0,0,0,1,0,0,0,0,1,0,0,876,-0.565566545224214,-0.584951757580289
0,0,0,0,1,0,0,0,0,1,0,1,0,0,0,0,0,0,0,877,-0.565188897549257,-0.363308316485146
0,0,0,0,0,0,0,0,0,0,0,0,0,1,0,1,0,0,0,878,-0.564838780195325,-0.545452073321394
0,0,0,0,0,0,0,0,0,0,0,0,0,0,0,0,0,0,0,880,-0.561230080609687,-1.38408609700712
1,0,0,0,0,0,0,0,0,0,0,0,0,1,0,0,0,0,0,881,-0.561012719291365,-0.474355601570428
0,0,0,0,0,0,0,1,0,0,0,0,0,0,0,0,0,0,0,882,-0.560655433435983,-1.27632974444581
0,0,0,0,0,0,0,0,1,0,0,0,0,0,0,0,0,0,0,886,-0.557010513485155,-0.678671559671372
0,0,0,0,1,0,0,0,0,0,0,0,0,0,0,0,1,0,0,887,-0.556922953569973,-0.442864804735565
0,0,0,0,0,0,0,0,0,0,0,0,0,0,0,0,0,0,0,888,-0.556914350711488,-1.38408609700712
0,0,0,0,0,0,0,0,0,0,1,0,1,0,0,0,0,0,0,889,-0.556630161987681,-0.721063015015314
1,0,0,1,0,0,0,0,0,0,0,0,1,0,0,0,0,0,0,891,-0.556231313591878,-0.378432259951186
0,0,0,0,0,0,0,0,0,0,0,0,0,0,0,0,0,0,0,893,-0.553571440818877,-1.38408609700712
0,0,0,0,0,0,0,0,0,0,0,0,0,0,0,1,1,0,0,894,-0.552663241451247,-0.573571654951133
1,1,0,0,0,0,0,0,0,0,1,0,0,0,0,0,0,1,0,895,-0.552582478000523,-0.152263301353676
0,0,0,0,0,0,1,0,0,0,0,0,1,0,0,0,0,0,0,896,-0.551440056657184,-0.543468248823196
1,0,0,0,0,0,0,0,0,0,0,0,0,0,0,0,0,0,0,898,-0.550306267404497,-0.941813004725468
0,0,0,0,0,0,1,0,0,0,0,0,1,0,0,1,0,0,0,900,-0.54857665921954,-0.409814443276916
0,0,0,0,1,0,0,0,0,0,0,0,0,1,0,0,0,0,0,901,-0.547383357232515,-0.419198634522465
0,1,0,0,1,0,0,0,0,0,0,0,0,0,0,0,0,0,0,902,-0.546653925399997,-0.590412879044032
0,0,0,0,0,0,0,0,0,0,0,0,0,0,0,1,0,1,0,907,-0.541482256596309,-0.52189369881557
1,0,0,0,1,0,0,0,0,0,0,0,1,0,0,0,0,0,0,908,-0.541162149388427,-0.4233284191164
0,0,0,0,0,0,0,0,0,1,0,0,0,0,0,1,0,0,0,909,-0.539288754110425,-0.566853758440236
0,0,0,0,0,0,0,0,0,0,0,0,0,1,0,0,0,0,0,910,-0.538100316037475,-0.708244048095665
1,0,0,0,0,0,0,0,0,0,0,0,0,0,0,0,0,0,0,911,-0.538097698628254,-0.941813004725468
1,0,0,0,1,0,0,0,0,0,0,0,0,0,0,1,0,1,0,912,-0.537149938584157,-0.146721160602631
0,0,0,0,0,0,1,0,0,0,0,0,1,0,0,0,1,0,0,914,-0.535858458872289,-0.251451856719482
0,0,0,0,0,0,0,0,1,0,1,0,0,0,0,0,0,0,0,916,-0.534186045389934,-0.457268740331858
0,0,0,0,0,0,0,0,0,0,0,0,1,0,0,0,0,0,0,918,-0.529721775929291,-1.0454056232413
0,1,0,1,0,0,0,0,0,0,1,0,1,0,0,1,0,0,0,919,-0.527831262958279,-0.14402453671101
0,0,0,0,0,0,0,0,0,0,0,0,0,1,0,0,0,0,0,920,-0.527733077306688,-0.708244048095665
1,0,0,0,0,0,0,0,0,0,1,0,0,0,0,0,0,0,0,924,-0.522909984506948,-0.648502267930678
0,0,0,0,0,0,0,1,0,0,0,0,1,0,0,0,1,0,0,925,-0.522869601674701,-0.513907744910685
0,0,0,0,0,0,0,0,0,0,0,0,0,0,0,0,0,0,0,928,-0.520612504104026,-1.38408609700712
0,0,0,0,0,0,0,0,0,0,0,1,0,0,0,0,0,0,0,930,-0.519473044000368,-1.1816763339748
0,0,0,1,1,0,0,0,0,0,0,0,0,0,0,0,0,0,0,933,-0.51738805413817,-0.460835426636091
0,0,0,1,0,0,0,0,0,0,0,0,0,0,0,1,0,0,0,934,-0.515849229643973,-0.595011999789578
1,1,0,0,0,0,0,0,0,0,0,0,0,0,0,0,1,0,0,935,-0.513168685386314,-0.328069800305539
0,0,0,0,0,0,0,0,0,0,0,0,0,0,0,1,0,0,0,938,-0.509982365566927,-1.07078812349621
1,0,0,0,0,0,0,1,0,1,1,1,0,0,0,0,1,0,0,939,-0.508720602493428,-0.0214983398716454
0,1,0,1,0,0,0,1,0,1,0,0,0,0,0,0,0,0,0,940,-0.506244121972352,-0.21151016880797
0,0,0,0,0,0,0,0,0,0,1,0,0,0,0,0,0,1,0,944,-0.504017192502151,-0.457732907638772
0,0,0,0,0,0,0,0,0,0,0,0,0,0,0,0,0,0,0,945,-0.503745357356162,-1.38408609700712
0,0,0,1,0,0,0,0,0,0,1,0,0,0,0,0,0,0,0,949,-0.495467992955677,-0.524593139996512
1,1,0,1,0,0,0,0,0,0,0,1,0,0,0,0,0,0,0,950,-0.49414611908586,-0.278063390864636
0,0,0,0,0,0,0,0,0,0,0,1,1,0,0,0,0,0,0,951,-0.494096325417187,-0.89565909797438
1,0,0,0,0,0,0,1,0,0,0,0,1,0,0,0,1,0,0,952,-0.491352462169763,-0.327390006991176
1,0,0,0,1,0,0,0,0,0,0,0,0,1,0,0,0,0,0,953,-0.491264189676738,-0.253040162117097
0,1,0,0,0,0,0,0,0,0,0,0,1,0,0,0,0,0,0,955,-0.487640791933885,-0.733961441205149
1,0,0,0,0,0,1,0,0,0,0,1,0,1,0,0,0,1,0,957,-0.486905214539005,0.0651592524184608
1,0,0,0,0,0,0,0,0,1,1,0,0,0,0,1,0,0,0,959,-0.486522970448849,-0.215635302503453
0,0,0,0,0,0,0,0,0,0,0,0,1,0,0,0,0,0,0,960,-0.486417085681117,-1.0454056232413
0,0,0,0,0,0,0,0,0,0,0,0,0,0,0,0,0,0,0,961,-0.4857903229832,-1.38408609700712
1,0,0,0,1,0,0,1,0,0,1,1,0,0,0,0,0,0,0,965,-0.484153135283453,-0.276978543574448
1,0,0,1,1,0,1,0,0,0,0,0,1,0,0,0,0,0,0,966,-0.483201514864966,0.0178840686727599
0,0,0,0,1,0,0,0,0,0,1,1,0,0,0,1,1,0,0,967,-0.483065364394044,-0.127840085790516
0,0,0,0,0,0,0,0,0,1,0,0,1,0,0,1,0,0,0,970,-0.4822404121242,-0.417508921756831
0,0,0,1,0,0,0,1,0,0,0,0,0,0,0,0,0,0,0,972,-0.481039939683822,-0.7107856827243
0,0,0,0,0,0,0,0,0,0,0,0,0,0,0,0,0,0,0,973,-0.480728079327175,-1.38408609700712
0,0,0,1,1,0,0,0,0,0,1,0,0,0,0,0,0,0,0,974,-0.48041130704229,-0.289788161901927
0,0,0,0,1,0,0,0,0,0,0,0,0,1,0,0,0,0,0,975,-0.480119593963641,-0.419198634522465
0,0,0,0,0,0,0,1,0,0,0,0,1,0,1,0,0,0,0,977,-0.479261995352701,-0.496374320916835
0,0,0,0,0,0,0,0,0,0,0,0,1,0,0,0,0,0,0,979,-0.47667586777642,-1.0454056232413
0,0,0,0,0,0,1,0,0,0,1,0,0,0,0,0,0,0,0,981,-0.473861815735051,-0.490306957301157
1,0,0,0,0,0,0,1,0,0,0,0,1,1,0,1,0,0,0,983,-0.472657313212604,-0.208163438987874
0,0,0,0,1,0,0,0,0,0,0,0,0,0,0,0,0,0,0,984,-0.471678405599398,-0.845346507697311
0,0,0,0,0,0,0,0,0,0,0,0,0,0,0,1,0,1,0,985,-0.47095945302455,-0.52189369881557
0,0,0,0,0,0,0,0,0,0,0,0,0,0,0,0,0,1,0,987,-0.470117411120751,-0.679291882162733
0,0,0,0,0,0,0,0,0,0,0,0,0,0,0,1,0,0,0,988,-0.469468005740736,-1.07078812349621
0,0,0,0,0,0,0,0,0,0,0,0,0,0,0,1,0,0,0,989,-0.466476192925868,-1.07078812349621
1,1,0,0,0,0,0,0,0,0,1,0,0,0,0,0,0,0,0,990,-0.466132196883634,-0.443473649036152
0,0,0,1,0,0,0,1,0,0,1,1,1,0,0,0,0,0,0,991,-0.466102314008907,-0.281214474406442
0,0,0,0,0,0,0,0,0,0,1,0,0,0,0,0,1,0,0,993,-0.464584392866241,-0.505031556808483
0,0,0,0,0,0,0,0,0,0,0,0,0,0,0,0,0,0,0,994,-0.463635493858692,-1.38408609700712
1,0,0,0,0,0,0,1,0,0,0,0,0,1,0,0,0,0,0,996,-0.463236439143553,-0.433738507632197
1,0,0,1,0,0,0,0,0,0,0,0,1,0,1,0,0,0,0,997,-0.461606592123371,-0.126449895713842
0,0,1,0,0,0,0,0,0,0,0,0,0,0,0,0,1,0,0,998,-0.461132141301629,-0.357697059677045
1,0,0,0,0,0,0,0,0,0,1,0,0,0,0,0,0,0,0,999,-0.460569549687863,-0.648502267930678
0,1,1,0,0,0,0,1,0,0,1,0,0,0,0,1,0,0,0,1000,-0.460560574193972,-0.182960152030249
1,0,0,0,0,0,0,0,0,0,1,0,0,0,0,1,0,0,0,1001,-0.459777059111625,-0.496715434931057
0,0,0,0,0,0,0,0,0,0,1,0,0,0,0,1,0,1,0,1002,-0.459269373743027,-0.337666676400728
0,0,0,0,0,0,0,0,0,0,0,0,0,0,0,0,1,0,0,1003,-0.45868083863583,-0.74298120890925
0,1,0,0,1,0,0,0,0,0,0,1,0,0,1,0,0,0,0,1004,-0.458585829579203,-0.210587811951406
0,0,0,0,0,0,0,0,0,0,1,1,0,0,0,0,0,0,0,1005,-0.457043140243844,-0.814652722533075
0,0,0,0,0,0,1,1,0,0,0,1,0,0,0,0,0,0,0,1008,-0.455914359971344,-0.568599490842013
0,0,0,0,0,0,0,0,0,0,1,0,0,0,0,0,0,0,0,1010,-0.454714902340171,-0.950653377130039
0,0,0,0,1,0,0,0,1,0,1,0,0,0,0,0,0,1,0,1011,-0.454059850761424,-0.00968148927317646
0,0,0,0,0,0,0,0,0,0,0,1,1,1,0,0,1,0,0,1012,-0.453603132364708,-0.186292814249057
0,1,0,0,0,0,0,0,0,0,1,0,0,0,0,0,0,0,0,1015,-0.452855392494665,-0.66661708493067
0,0,0,0,0,0,1,0,0,0,0,0,1,0,0,0,0,0,0,1017,-0.450926368004696,-0.543468248823196
0,0,0,1,0,0,0,0,0,0,1,0,0,1,0,1,0,0,0,1018,-0.450897693066702,-0.132247558792572
1,1,0,0,0,0,0,0,0,1,0,0,0,0,0,0,0,0,0,1019,-0.450839312481263,-0.323247501403324
1,0,0,0,0,0,0,0,0,1,0,1,0,0,0,0,0,0,0,1021,-0.447716061884911,-0.41426034246299
0,0,1,0,0,0,0,0,0,0,1,0,1,0,0,0,0,0,0,1022,-0.447647286848569,-0.344423449014357
1,1,0,0,0,0,0,0,0,0,1,0,0,0,0,1,1,1,0,1024,-0.44657908605782,0.0981271999059421
0,0,0,1,1,0,0,1,0,0,0,1,1,0,0,0,0,0,0,1025,-0.446526145508464,-0.235005915725392
0,0,0,0,0,0,1,0,0,0,0,0,1,0,0,0,1,0,0,1027,-0.44570764747213,-0.251451856719482
0,0,0,0,0,0,0,0,0,0,1,0,0,0,0,0,0,0,0,1031,-0.443735683861618,-0.950653377130039
0,0,0,0,0,0,0,1,0,0,1,0,0,0,0,0,0,1,0,1035,-0.441801789323076,-0.417999795887322
0,0,0,0,0,0,0,0,1,0,0,0,0,0,0,0,0,1,0,1037,-0.439770882895854,-0.301865783474146
0,1,0,1,0,0,0,1,0,0,0,1,1,0,0,0,0,0,0,1038,-0.438604423473615,-0.288380485830538
0,0,0,0,0,0,0,0,0,1,0,0,1,0,0,0,0,0,0,1039,-0.437790029567056,-0.552690502236206
0,0,0,0,0,0,1,0,0,0,1,1,0,0,0,0,0,0,0,1040,-0.437345314438618,-0.411126739016538
0,0,0,0,0,0,0,0,0,1,1,0,0,0,0,0,0,0,0,1041,-0.437014199911699,-0.498894931551943
0,0,0,1,1,0,1,1,0,0,1,0,0,0,0,0,0,0,1,1042,-0.436875326254272,0.163653129044975
0,0,0,1,0,0,0,0,0,1,1,0,1,0,0,1,0,0,0,1043,-0.436111898788199,-0.0568026549344816
1,0,0,0,1,0,0,0,1,0,0,0,0,0,0,0,0,0,0,1044,-0.434495604832246,-0.236823569222675
0,0,0,0,0,0,0,0,0,0,0,0,0,1,0,1,0,0,0,1045,-0.434362508404701,-0.545452073321394
0,0,0,1,0,0,1,0,0,0,0,0,0,0,0,0,0,0,0,1048,-0.433464786896424,-0.384062183222247
0,0,0,1,0,0,0,0,0,0,0,0,0,0,0,0,0,0,0,1049,-0.432582135139728,-0.769596779534891
0,0,0,0,1,0,0,0,0,0,0,0,0,0,0,1,0,0,0,1051,-0.431615745350878,-0.655557111129605
0,0,0,0,1,0,0,0,1,0,1,1,0,0,0,0,0,0,0,1052,-0.431062000545904,-0.183406538137391
0,0,0,0,0,0,0,0,0,0,0,0,0,0,0,0,0,0,0,1053,-0.43047504330419,-1.38408609700712
0,0,0,0,0,0,0,0,0,0,0,0,1,0,0,0,0,0,0,1055,-0.429562592102943,-1.0454056232413
1,0,0,0,1,0,0,0,0,0,0,0,1,0,0,0,0,0,0,1057,-0.428662464144143,-0.4233284191164
0,1,0,0,0,0,0,0,0,0,0,1,0,0,0,0,0,0,0,1059,-0.427020964513644,-0.829091654088897
1,0,0,0,0,0,0,0,0,0,0,0,0,0,0,0,0,0,0,1060,-0.426066530051997,-0.941813004725468
1,0,0,0,1,1,0,0,0,0,0,0,1,0,0,0,0,0,0,1061,-0.425694000297235,-0.00912709569543499
0,0,0,0,0,0,0,0,0,0,1,1,0,1,0,0,1,0,0,1062,-0.423021860604384,-0.153255914874967
0,0,0,0,0,0,0,1,0,0,1,0,0,0,0,0,0,0,0,1063,-0.42291861274633,-0.878631606779245
0,0,0,0,0,0,0,0,0,0,1,0,0,0,0,0,0,0,0,1064,-0.422714333200745,-0.950653377130039
0,0,0,0,1,0,0,0,0,0,1,1,0,1,0,0,1,0,0,1065,-0.420783999201783,-0.00293465393103745
1,0,0,1,0,0,0,0,1,0,0,1,0,0,0,1,0,0,0,1066,-0.420003131212377,-0.0670132765872326
0,0,0,1,0,0,0,0,0,0,0,0,1,0,0,1,0,0,0,1067,-0.419478609042373,-0.440487760763713
0,0,0,0,0,0,0,0,0,0,0,0,0,0,0,1,1,0,0,1069,-0.417653358490238,-0.573571654951133
1,0,0,0,1,0,0,0,0,0,1,0,0,0,0,0,0,0,0,1071,-0.417081161748438,-0.377914230144117
0,1,0,1,0,0,0,0,0,0,1,0,0,0,1,1,1,0,0,1072,-0.416773889796274,0.133541531042123
1,0,0,0,0,0,0,0,0,0,0,0,0,0,0,1,0,0,0,1073,-0.414405538399344,-0.731714830266428
0,0,0,0,0,0,0,1,0,0,0,1,0,0,0,0,0,0,0,1074,-0.413352957351225,-1.09113001426634
0,0,0,0,1,0,0,0,0,0,0,0,0,0,1,0,0,0,0,1075,-0.41247863802894,-0.426920037252285
0,0,0,0,0,0,0,0,0,0,0,0,1,1,0,1,0,0,0,1076,-0.412059290658047,-0.399960479611442
1,0,0,0,0,0,0,1,0,0,1,0,0,0,0,0,0,0,0,1078,-0.407538962825575,-0.597702637888045
0,0,0,0,0,0,0,0,0,0,0,0,0,1,0,1,0,0,0,1079,-0.406149702475496,-0.545452073321394
0,1,0,0,0,0,0,0,0,0,1,1,1,0,0,0,0,0,0,1080,-0.40589092419977,-0.418369072803477
0,0,0,0,0,0,0,0,0,0,0,0,0,1,0,0,0,0,0,1084,-0.404211728433247,-0.708244048095665
1,0,0,0,0,0,0,0,0,0,1,0,0,0,0,0,0,1,0,1085,-0.403848991906752,-0.283517472897107
0,0,0,0,0,0,0,0,0,0,0,0,0,1,0,0,0,1,0,1088,-0.400559840574103,-0.319628868486811
1,0,0,0,0,0,0,0,0,0,0,0,1,0,0,0,0,0,0,1089,-0.39953691989038,-0.714280006511542
1,0,0,1,0,0,0,0,0,0,1,0,0,0,0,1,0,0,0,1090,-0.396028497863064,-0.232960080809518
0,0,0,0,0,0,0,0,0,0,0,0,1,0,0,1,0,0,0,1091,-0.395350273704107,-0.812451207216125
1,0,0,0,0,0,0,0,1,0,1,0,1,0,0,1,1,0,0,1092,-0.39406728362374,0.0789271186239136
0,1,0,0,0,0,0,0,0,0,1,0,0,0,0,0,0,1,0,1093,-0.393742328595657,-0.294562342987975
1,0,0,0,0,0,0,0,0,0,0,0,1,0,0,0,0,0,0,1094,-0.392454801565977,-0.714280006511542
1,1,0,0,0,0,0,1,0,0,1,0,0,0,0,0,0,0,0,1095,-0.390966951833067,-0.404486256611849
1,0,0,0,0,0,0,0,0,0,1,0,1,0,1,1,0,0,0,1096,-0.390334168477154,-0.113165255121915
1,0,0,0,0,0,0,0,0,0,1,0,0,0,0,0,0,0,0,1097,-0.390148392874113,-0.648502267930678
1,0,0,0,1,0,0,0,0,1,1,0,0,0,0,0,0,0,0,1098,-0.388289846039796,-0.132879911737085
0,0,0,0,0,0,0,1,0,0,0,0,0,0,0,0,0,1,0,1099,-0.384553799182511,-0.626524005673801
1,0,1,1,0,0,0,0,0,1,0,0,0,0,0,1,1,0,0,1101,-0.383996007158646,0.203338568487112
0,0,0,1,0,0,0,0,0,0,1,1,0,1,0,0,0,0,0,1102,-0.381921477395906,-0.165271245338426
0,0,0,0,0,0,0,0,1,0,0,0,1,0,0,0,0,0,0,1103,-0.381535625805154,-0.508045599554111
0,0,0,0,0,0,1,1,0,0,0,1,0,0,0,0,0,0,0,1104,-0.380398063991844,-0.568599490842013
0,0,0,0,1,0,0,0,0,0,1,0,0,0,0,0,0,0,0,1106,-0.379502832586062,-0.579642283963192
1,0,0,1,0,0,1,0,0,0,0,0,0,0,0,0,0,0,0,1107,-0.378871895806968,-0.224973555925327
1,0,0,0,0,0,0,0,0,0,0,0,0,1,0,0,0,0,0,1108,-0.377677722233595,-0.474355601570428
1,0,0,1,0,0,0,0,1,0,1,0,0,0,0,0,0,0,0,1109,-0.375955483023903,-0.0779559138739401
0,1,0,0,0,0,0,0,0,0,0,0,0,0,0,0,0,0,0,1110,-0.375567335073695,-0.9674941998325
0,0,0,1,0,0,0,0,0,0,0,0,0,0,0,0,0,0,0,1111,-0.374799030695066,-0.769596779534891
0,0,0,1,0,0,0,1,0,0,0,0,0,0,0,1,0,0,0,1113,-0.373004906335637,-0.54751486668636
1,1,0,0,0,0,0,0,0,0,0,0,0,0,0,0,0,0,0,1115,-0.366630743841072,-0.660277365097211
0,1,0,1,0,0,0,0,0,0,0,1,1,1,0,0,0,0,0,1117,-0.363499253108428,-0.0808130887828246
0,0,0,1,1,0,0,0,0,0,1,0,0,0,0,1,0,0,0,1119,-0.36174597414653,-0.192992245919933
0,1,0,1,0,0,0,0,0,0,0,0,1,0,0,0,0,0,0,1121,-0.359466094569004,-0.391039160244004
0,0,0,1,0,0,0,0,0,0,1,0,0,0,0,0,0,0,0,1124,-0.352918172042475,-0.524593139996512
0,0,0,0,1,0,1,0,0,0,0,1,0,1,0,1,0,0,0,1125,-0.350325631457175,-0.0290477041546773
0,0,0,0,0,0,0,0,0,0,1,0,0,1,0,0,0,0,0,1128,-0.344835371217165,-0.479321272700128
0,0,0,0,0,0,0,0,0,0,0,0,0,1,0,0,0,0,0,1129,-0.344766894749891,-0.708244048095665
0,0,0,0,1,0,1,0,0,1,1,0,0,1,0,0,0,0,0,1130,-0.343521964253055,0.12675827795303
1,0,0,1,0,0,0,0,0,0,0,0,0,0,0,0,0,1,0,1131,-0.343391400954673,-0.20220870581536
0,0,0,0,0,0,0,0,0,0,0,0,1,0,0,0,0,0,0,1134,-0.338820174186228,-1.0454056232413
0,0,0,0,1,0,0,0,0,0,1,0,0,0,0,0,0,0,0,1138,-0.33706058514058,-0.579642283963192
0,0,0,0,0,0,0,1,1,0,0,0,0,1,0,0,0,0,0,1139,-0.335027923993391,-0.286256241295239
1,0,0,0,1,0,0,0,0,0,0,0,1,0,0,1,0,0,0,1140,-0.333746606907677,-0.30839555369156
0,0,0,0,1,0,0,0,0,0,0,0,1,1,0,0,0,0,0,1141,-0.333668055390927,-0.294923456369135
1,0,0,0,0,0,0,0,0,0,1,0,0,1,0,1,0,0,1,1142,-0.331284600572221,0.0406877818635226
0,0,0,0,0,0,0,0,0,0,0,1,1,0,1,0,0,0,0,1144,-0.328239301744828,-0.456227289076112
1,0,0,0,1,0,0,0,0,0,0,0,1,0,0,0,0,0,0,1145,-0.32697656699339,-0.4233284191164
0,0,0,0,1,0,0,0,0,0,0,0,1,1,0,0,1,0,0,1147,-0.324940698927349,-0.0760131576944359
0,0,0,1,1,0,0,0,0,0,1,0,0,1,0,0,0,0,0,1148,-0.324916058425287,-0.0578354930479341
0,0,0,0,0,1,0,0,0,0,1,0,0,0,0,0,0,0,0,1149,-0.324199810852955,-0.266212632947263
1,1,0,0,0,0,0,0,0,0,1,0,0,0,0,0,1,0,0,1150,-0.323939808678122,-0.18299969475182
0,0,0,0,1,0,0,0,0,0,0,0,0,0,0,0,0,0,0,1151,-0.323453502824471,-0.845346507697311
1,0,0,0,0,0,0,0,0,0,0,0,1,0,0,0,0,0,0,1152,-0.321708978615545,-0.714280006511542
1,0,0,0,0,0,0,0,0,1,1,0,0,0,0,1,0,0,0,1154,-0.320729191306035,-0.215635302503453
1,0,0,1,0,0,0,0,0,0,1,0,0,0,0,0,0,0,0,1155,-0.320509180353432,-0.335661898716921
0,0,0,1,0,0,0,0,0,0,1,0,0,0,0,0,1,0,0,1157,-0.320254276821848,-0.238739814829357
0,0,0,1,0,0,0,0,0,0,0,0,0,0,0,0,0,0,0,1158,-0.320206830023642,-0.769596779534891
1,1,0,0,0,0,0,0,0,0,0,0,0,0,0,0,0,0,0,1159,-0.319429767653186,-0.660277365097211
0,1,0,1,0,0,0,0,0,0,0,1,0,0,0,1,0,0,0,1160,-0.318926128527892,-0.331789654382028
0,0,0,0,0,0,0,0,0,0,0,1,0,0,0,0,0,0,0,1161,-0.318838821327772,-1.1816763339748
1,0,0,0,1,0,0,0,1,0,0,0,0,0,0,0,0,1,0,1162,-0.317564575486971,-0.00704701717851959
0,0,0,1,0,0,0,0,1,0,0,0,1,1,0,0,0,0,0,1163,-0.317081295749582,-0.0216883561204614
1,1,0,0,0,0,0,0,1,0,0,1,0,0,0,1,0,0,0,1164,-0.31600271259918,-0.139893719044837
0,0,0,0,0,0,0,1,0,0,1,1,0,0,0,0,1,0,0,1165,-0.314539663088869,-0.386333576899838
0,0,0,0,0,0,0,1,0,0,0,0,1,0,0,1,0,0,0,1166,-0.311592925105678,-0.750638367512086
0,0,0,1,0,0,0,0,0,0,0,0,1,0,1,0,0,0,0,1167,-0.311417701303344,-0.263304916776658
0,1,0,1,1,0,0,0,0,0,0,0,0,1,0,1,0,0,0,1168,-0.310643685184369,0.00956784524813989
0,0,0,0,0,0,0,0,0,0,0,0,0,0,0,1,1,0,0,1169,-0.308969950186653,-0.573571654951133
0,0,0,0,0,0,0,1,0,0,0,0,0,0,0,0,0,0,0,1172,-0.303557355974,-1.27632974444581
0,0,0,0,1,1,0,0,0,1,0,0,1,0,0,0,1,0,0,1174,-0.301466839254615,0.206089950918651
0,0,0,1,0,0,0,0,0,0,1,0,0,1,0,0,0,0,0,1175,-0.301212970986558,-0.220811428755098
0,0,0,0,1,0,0,0,0,0,0,0,0,0,0,1,0,0,0,1176,-0.300388001873848,-0.655557111129605
0,0,0,0,0,0,0,0,0,0,0,0,1,0,0,0,0,0,0,1177,-0.298133340697465,-1.0454056232413
1,0,0,0,1,0,0,0,0,0,1,0,0,0,0,0,0,0,0,1181,-0.294179803394042,-0.377914230144117
1,0,0,0,0,0,0,0,0,0,0,0,1,0,0,0,0,0,0,1182,-0.294040233828778,-0.714280006511542
1,0,0,0,0,1,0,0,0,0,1,1,0,0,0,1,0,0,0,1184,-0.293546647137328,-0.00543640630164842
0,0,0,0,0,0,0,0,0,0,1,0,1,1,0,0,0,1,0,1185,-0.293131239971865,-0.0849803599071836
0,0,0,0,0,0,0,0,0,0,0,0,0,0,1,1,0,0,0,1187,-0.292366022894662,-0.554611946126292
0,0,0,0,1,0,0,0,0,0,1,0,0,0,0,0,0,0,0,1189,-0.289671306617765,-0.579642283963192
0,0,0,0,0,0,0,0,0,0,0,0,0,0,0,0,0,1,0,1190,-0.288584306640896,-0.679291882162733
1,0,0,0,0,0,0,1,0,0,1,1,0,0,0,1,0,1,0,1191,-0.287557839643462,-0.108606226953043
0,0,0,0,0,0,0,0,0,0,0,0,0,0,0,1,0,1,0,1192,-0.287005354718034,-0.52189369881557
0,0,0,0,1,0,0,0,1,1,0,0,0,0,0,1,0,0,0,1193,-0.285345476075745,-0.0670646114852803
1,0,0,0,1,0,0,0,0,0,0,0,0,1,0,0,0,0,0,1195,-0.283480035153566,-0.253040162117097
0,0,0,0,1,0,0,0,1,0,0,1,0,0,0,0,0,0,0,1197,-0.282715770994015,-0.328566858997912
0,0,0,0,0,0,0,0,0,0,0,0,1,0,0,0,0,0,0,1198,-0.282079497565522,-1.0454056232413
0,0,1,0,0,0,1,0,0,0,1,0,1,0,0,0,0,0,0,1199,-0.280842042958163,-0.103754972596618
0,0,0,0,0,0,0,0,0,0,0,0,0,0,0,0,0,0,0,1200,-0.280782503303012,-1.38408609700712
0,0,0,0,0,0,0,1,0,0,0,0,0,0,0,0,0,0,0,1203,-0.278401172944024,-1.27632974444581
0,0,0,0,0,0,0,0,1,0,1,0,1,0,0,0,0,1,0,1204,-0.278046838184953,-0.0720342531712984
0,1,0,0,0,0,0,0,0,0,0,0,1,0,0,0,0,0,0,1205,-0.277538227414092,-0.733961441205149
0,0,0,1,1,0,0,0,0,1,0,0,1,0,0,0,0,0,0,1209,-0.274280482167006,-0.0982223448478923
0,0,0,1,0,0,0,0,0,0,0,0,1,1,0,0,0,0,0,1210,-0.273973257475744,-0.257137683499331
1,0,0,0,0,0,0,0,0,0,0,0,0,1,0,0,0,0,0,1211,-0.271503770151833,-0.474355601570428
0,0,0,0,0,0,0,0,0,0,0,0,0,0,0,1,1,0,0,1213,-0.269529360674932,-0.573571654951133
1,0,0,0,1,0,0,0,0,0,1,0,0,0,0,0,0,0,0,1214,-0.267926169622045,-0.377914230144117
0,1,0,0,0,0,0,1,0,0,0,0,0,0,0,1,0,0,0,1216,-0.266778935175478,-0.694234191149246
1,0,0,0,0,0,0,0,0,0,0,0,0,1,0,1,0,0,0,1218,-0.265251337884714,-0.351742979717791
0,0,0,0,0,0,0,0,0,0,1,0,0,0,0,1,1,0,0,1219,-0.265243766075307,-0.3776078967557
0,0,0,1,0,0,1,0,0,0,1,0,1,1,0,0,0,0,0,1220,-0.265192213798186,0.0622076685351845
0,0,0,1,1,0,0,0,0,0,1,0,1,1,0,0,0,0,0,1221,-0.264506313124448,0.0209106441908064
0,1,0,0,0,0,0,0,0,0,1,0,0,0,0,0,0,0,0,1222,-0.263712570694095,-0.66661708493067
0,0,0,1,0,0,0,0,0,0,0,1,1,0,0,1,0,0,0,1223,-0.263088752495483,-0.366259470209952
0,0,0,1,0,0,0,0,1,1,0,1,0,0,0,0,0,0,0,1228,-0.25896990123437,-0.0682254949869592
0,0,0,0,0,0,0,1,0,0,1,0,0,0,0,0,0,0,0,1229,-0.258417291146379,-0.878631606779245
0,1,0,0,0,0,1,0,0,0,0,1,1,1,0,0,1,1,0,1231,-0.257854441928593,0.266240778565222
1,0,0,1,0,0,0,0,0,0,0,0,0,0,0,1,1,0,0,1232,-0.257473796764447,-0.144956786981043
0,0,1,0,0,0,0,0,0,0,0,1,0,0,0,0,1,1,0,1234,-0.256045499527507,-0.0465563616546217
0,0,0,0,0,0,0,0,0,0,1,0,0,1,1,0,0,0,0,1235,-0.254422479941267,-0.196290628186616
0,0,0,1,0,1,0,0,0,0,0,1,0,1,1,0,0,0,0,1237,-0.252835657781594,0.21505396743454
1,0,1,0,0,0,0,0,0,0,1,0,0,0,0,1,0,0,0,1238,-0.25140014014816,-0.201621294215918
0,0,0,0,0,0,0,0,0,0,0,1,0,0,0,1,0,0,0,1240,-0.250715571581989,-0.91726900047319
0,0,0,1,0,1,0,0,0,0,0,1,0,0,0,1,0,0,0,1241,-0.250072592795548,-0.0543328617889342
0,0,0,0,0,0,0,0,0,1,1,0,0,0,0,0,1,0,0,1242,-0.249556636088909,-0.221278145147528
0,0,0,0,0,0,0,1,0,0,1,0,1,0,0,1,0,0,0,1243,-0.248941436961774,-0.510671388941711
1,0,0,0,0,1,0,0,0,0,0,0,0,0,0,0,0,0,0,1244,-0.248211616627158,-0.262504813537228
0,0,0,0,0,0,0,0,0,0,1,1,0,0,0,1,1,0,0,1247,-0.242477938103274,-0.309257664585014
0,0,0,0,0,0,0,0,0,0,1,1,0,0,0,0,1,0,0,1249,-0.241299905340527,-0.424338606403292
0,0,0,1,0,0,0,0,0,0,0,0,1,0,0,0,1,0,0,1251,-0.240258625268173,-0.276000905955528
0,0,0,1,0,0,0,1,0,0,0,0,1,0,0,0,0,0,0,1252,-0.240161747233129,-0.533705332047602
0,1,0,0,0,0,0,1,0,0,0,1,1,0,0,1,1,0,0,1253,-0.23984389242383,-0.179307366624281
0,0,0,1,0,0,0,0,0,0,0,1,0,0,0,0,0,0,0,1256,-0.239610104320981,-0.658126081180032
0,0,0,1,0,0,0,0,0,0,0,0,1,0,0,1,0,1,0,1257,-0.238043240202006,-0.150261785990162
1,0,0,1,0,0,0,0,0,0,0,0,1,0,0,1,0,0,0,1258,-0.237501650578868,-0.269916945468163
1,1,0,0,1,0,0,0,0,0,0,0,1,0,0,0,0,0,0,1259,-0.237054069738039,-0.266955328142589
0,0,0,0,0,0,0,1,1,0,0,0,0,0,0,0,1,0,0,1261,-0.236251711039903,-0.305906176682579
1,0,0,0,0,1,0,1,0,0,0,0,1,0,0,0,0,0,0,1264,-0.231230808751778,-0.134149449248061
1,0,0,1,0,0,0,0,0,0,0,0,0,0,0,0,0,0,0,1265,-0.230212568268108,-0.519317666393093
0,1,0,0,0,0,1,1,0,0,0,0,0,0,0,1,0,0,0,1266,-0.226046454682887,-0.337777846591609
0,0,0,0,0,0,0,0,0,0,1,1,0,0,0,0,0,0,0,1267,-0.223672308675265,-0.814652722533075
1,1,0,0,0,0,0,1,1,0,0,0,1,0,0,1,0,0,0,1268,-0.223383056432883,-0.0757261575665591
1,0,0,0,0,0,0,0,0,1,0,0,0,0,0,0,0,0,0,1272,-0.219011198868835,-0.493797109369483
0,0,0,1,1,0,0,0,1,0,0,0,0,0,0,0,0,0,0,1273,-0.218083538260222,-0.163537913440212
0,0,0,1,0,0,0,0,1,0,1,0,0,0,1,0,0,0,0,1274,-0.217895448909085,0.000698236449502409
1,0,0,1,0,0,0,0,0,0,0,0,0,1,0,1,1,0,0,1276,-0.217207179349569,0.0514012042445775
0,0,0,1,1,0,0,0,0,0,1,0,0,0,0,1,0,0,0,1277,-0.215708205420322,-0.192992245919933
0,1,1,0,0,0,0,0,0,0,1,0,1,0,0,0,0,0,0,1278,-0.215672895094945,-0.202727688310789
0,1,0,0,0,0,0,0,0,0,0,0,1,0,0,0,0,1,0,1279,-0.215346007253375,-0.334902270840149
0,0,0,0,0,0,0,0,0,0,1,1,0,0,0,0,0,0,0,1282,-0.213234408941485,-0.814652722533075
0,0,1,0,1,0,0,0,0,0,0,0,1,0,0,0,0,0,0,1285,-0.210294566230893,-0.294133254074174
0,1,0,1,0,0,0,0,0,0,0,0,0,1,0,1,0,0,0,1289,-0.208418627967994,-0.138084385089325
1,0,0,0,0,0,0,0,0,0,0,0,1,0,0,0,0,0,0,1290,-0.206813126522304,-0.714280006511542
0,1,0,0,0,0,0,1,0,0,1,0,0,0,0,0,0,0,0,1291,-0.206601490480438,-0.614665300515477
0,0,0,0,0,0,0,0,0,0,0,0,1,1,0,0,0,0,0,1292,-0.206468536272522,-0.531679881479539
0,0,0,0,0,0,0,0,0,0,0,0,0,0,0,0,0,0,0,1294,-0.203557601155768,-1.38408609700712
1,0,0,0,0,0,0,0,0,0,1,1,0,0,1,0,0,1,0,1295,-0.203316962639168,-0.0128785553106762
1,0,1,0,0,0,0,0,0,0,0,0,0,0,1,0,1,1,0,1298,-0.200330002680315,0.178914115881371
0,0,1,0,0,0,0,0,0,0,0,0,1,0,0,0,0,1,0,1299,-0.199425732011416,-0.209486976459587
0,0,0,1,0,0,0,0,0,1,1,0,1,0,0,1,0,0,0,1300,-0.198663286258902,-0.0568026549344816
0,0,0,1,1,1,0,1,0,1,1,1,1,1,0,0,0,0,0,1301,-0.198538984995595,0.458113150109631
0,0,0,1,0,0,0,0,0,1,1,0,0,0,1,0,0,0,0,1302,-0.19707374441192,-0.0214068748325604
0,0,0,0,0,0,0,1,0,0,0,0,1,0,0,0,0,0,0,1303,-0.196584793553653,-0.965976368753949
1,0,0,0,0,0,0,0,0,0,0,0,0,0,0,1,0,0,0,1304,-0.195029768567242,-0.731714830266428
0,1,0,0,0,0,0,0,0,0,0,0,1,0,0,0,0,0,0,1305,-0.19474985002889,-0.733961441205149
1,1,0,0,1,0,0,0,0,0,0,0,0,1,0,0,0,1,0,1311,-0.192023765798284,0.0761959074163022
0,0,1,0,0,0,1,0,0,0,0,1,0,0,0,1,0,0,0,1313,-0.190392327457933,-0.184516536631963
0,0,0,1,0,0,1,0,0,0,0,0,1,0,0,1,1,0,0,1314,-0.18983095193788,0.0180642016337117
0,0,0,0,0,0,0,1,0,0,0,0,1,0,0,0,0,0,0,1316,-0.186958897933093,-0.965976368753949
0,0,0,0,1,0,0,0,0,0,0,0,1,0,0,0,1,0,0,1317,-0.183296762955299,-0.31481400045237
0,0,0,1,0,0,0,0,0,0,0,0,1,1,0,0,0,0,0,1319,-0.181915758845969,-0.257137683499331
1,0,0,0,0,0,0,0,0,0,0,0,0,1,0,0,0,0,0,1320,-0.181779686547362,-0.474355601570428
0,0,0,0,0,0,0,0,0,0,0,0,1,0,0,0,0,0,0,1322,-0.179622822087784,-1.0454056232413
0,0,0,1,1,1,0,0,0,0,0,0,1,0,0,1,0,0,0,1324,-0.178868999246019,0.110041765986958
1,0,0,0,0,0,0,0,0,0,0,0,1,0,0,1,0,0,0,1326,-0.176552183239615,-0.550349472315612
0,0,0,0,1,0,0,0,0,0,0,0,1,0,0,0,1,0,0,1327,-0.17547747865482,-0.31481400045237
0,0,0,0,0,0,0,0,0,0,1,0,0,0,0,0,0,0,0,1328,-0.17531717217318,-0.950653377130039
0,0,0,1,0,0,0,0,0,1,1,0,1,0,0,0,1,1,0,1329,-0.172610094921103,0.21529115580312
0,0,0,0,0,0,0,0,0,0,1,0,0,0,0,0,0,0,0,1330,-0.172536605610419,-0.950653377130039
0,0,0,0,0,1,0,1,0,0,1,0,1,1,0,0,1,0,0,1331,-0.170363112646895,0.205551158601762
0,1,0,0,0,0,0,1,0,0,1,0,0,0,0,0,0,0,0,1332,-0.168838879635692,-0.614665300515477
0,1,0,1,1,0,0,0,0,0,1,1,0,0,0,1,1,0,0,1336,-0.166612297510955,0.132103024009969
0,0,0,1,0,0,0,0,1,0,0,1,1,0,0,0,0,0,0,1339,-0.165065100577459,-0.183802550878847
0,1,0,1,1,0,0,0,0,0,1,0,1,0,0,0,0,1,0,1340,-0.164102429864773,0.121948668033284
0,0,0,1,0,0,0,0,0,0,0,0,0,1,0,0,0,0,0,1342,-0.1625161174252,-0.374548686447472
0,0,0,0,0,1,0,1,0,0,1,0,0,0,0,0,0,0,0,1344,-0.161705253178768,-0.235509781466559
0,1,0,0,0,0,1,1,0,0,1,0,0,0,0,0,0,0,0,1345,-0.160615789003892,-0.287438708750784
1,0,0,0,1,0,0,0,0,0,1,0,1,0,0,0,0,0,0,1347,-0.160053953156429,-0.259997726222185
0,0,0,1,1,1,0,0,0,0,0,1,0,0,0,1,0,0,0,1351,-0.157165404711186,0.079738866035863
1,0,0,0,0,0,0,0,0,0,1,1,0,0,0,0,0,0,0,1354,-0.153139515142049,-0.551935626836976
1,0,0,1,0,0,0,0,1,0,0,0,0,0,0,0,1,0,0,1355,-0.153114067500539,-0.00557598017373234
0,1,0,0,0,0,0,0,0,0,1,0,1,0,0,1,0,0,0,1356,-0.151858218412789,-0.37200794613585
1,0,1,0,0,0,0,0,0,0,1,0,0,1,0,0,0,0,0,1359,-0.14980508943656,-0.0650292580270272
1,0,0,1,1,1,0,1,0,0,1,0,0,0,0,0,0,1,0,1360,-0.149522016314779,0.332555802600472
0,0,0,0,0,1,0,0,0,0,0,0,1,0,0,0,0,0,0,1362,-0.145793070699862,-0.304957069386206
0,0,1,1,1,0,1,1,0,0,0,1,0,0,1,0,0,1,0,1365,-0.141673721293447,0.379472394074034
0,0,0,1,1,0,0,1,0,0,0,1,1,0,0,1,0,0,0,1366,-0.141439787866603,-0.14481192536465
0,0,0,0,0,1,0,1,0,0,0,1,1,0,0,1,0,0,0,1367,-0.140874051519927,-0.125428490665741
0,0,0,0,0,0,0,1,0,0,1,0,1,0,0,1,0,0,0,1370,-0.139934633837475,-0.510671388941711
0,0,0,0,0,0,0,0,0,1,0,0,1,0,0,0,0,0,0,1371,-0.139502094306175,-0.552690502236206
0,0,0,0,0,1,0,0,1,1,1,1,1,0,0,0,1,0,0,1372,-0.139234970625108,0.362200229915901
1,0,0,0,1,0,0,0,0,0,1,0,0,0,0,1,0,0,0,1373,-0.139221497959021,-0.269471088347422
0,0,0,0,0,0,0,1,0,0,0,0,1,1,0,0,0,0,0,1374,-0.137517792383723,-0.487894555475547
0,0,0,0,1,0,0,0,1,0,1,1,1,1,0,0,0,0,0,1376,-0.136677572988913,0.0935464700607767
0,0,0,1,1,0,0,0,0,1,1,0,0,0,0,1,0,0,0,1377,-0.136255815015765,0.00440171168733199
0,0,1,0,0,0,0,0,0,1,0,0,0,0,0,0,0,1,0,1378,-0.135693497606872,-0.090159096260874
0,0,0,1,0,0,0,1,1,0,1,0,1,0,0,0,0,0,0,1381,-0.134130657184857,-0.0858018957600451
0,0,0,1,0,0,0,0,0,0,0,0,0,0,0,1,0,0,0,1382,-0.131584106564531,-0.595011999789578
1,1,0,1,0,0,0,0,0,0,0,0,0,0,0,0,0,0,0,1384,-0.130117203376178,-0.343392010018154
1,0,0,0,0,0,0,1,0,0,1,0,1,0,0,1,0,0,0,1385,-0.129572170890346,-0.324880062055321
0,0,0,0,1,0,0,0,0,0,1,0,0,0,1,0,0,0,0,1386,-0.128925456627843,-0.2628631192022
0,0,0,0,1,1,0,0,1,0,0,0,1,0,0,0,0,0,0,1387,-0.126071041549205,0.078154963266888
0,0,0,0,0,0,0,0,1,0,1,0,1,0,0,0,0,0,0,1389,-0.122344019503279,-0.326873884320022
1,0,1,1,0,0,0,0,0,0,0,0,0,0,0,1,0,0,0,1392,-0.120629817083251,-0.12852974862152
1,0,0,0,0,0,0,1,1,0,0,0,0,0,0,0,1,0,0,1393,-0.120238131100971,-0.161577262043861
0,0,0,0,0,0,1,0,0,0,1,1,1,0,0,0,1,0,0,1395,-0.118739423107416,-0.0709525024802135
0,0,0,1,0,0,0,1,0,0,0,0,1,0,0,0,0,1,0,1396,-0.117093678216598,-0.211493426222508
0,0,0,0,0,0,1,0,0,0,0,0,0,0,0,0,0,1,0,1397,-0.117091363115295,-0.328443133846447
0,1,0,0,1,0,0,1,0,0,1,0,1,0,0,0,0,0,0,1399,-0.114264549503109,-0.239796829193402
0,0,0,0,1,0,0,0,0,0,0,0,0,0,0,0,0,0,0,1400,-0.113967867786926,-0.845346507697311
0,0,0,0,0,0,0,0,0,0,1,0,0,1,0,0,0,1,0,1401,-0.113305936731107,-0.176082563349754
1,0,0,1,0,0,0,0,0,0,1,0,1,0,0,1,0,0,0,1402,-0.111410187601287,-0.135028341693503
0,0,0,1,1,0,0,0,0,0,0,0,0,0,0,0,0,0,0,1404,-0.110511427987418,-0.460835426636091
0,0,0,0,0,0,0,1,0,0,1,0,1,1,0,1,1,1,0,1405,-0.109485003043393,0.166664766091553
1,1,0,0,0,0,0,0,0,0,0,0,0,0,0,0,0,0,0,1406,-0.108866787073267,-0.660277365097211
0,0,0,1,0,0,1,0,0,0,1,0,1,1,0,1,0,0,0,1407,-0.108057179492675,0.125195848034338
0,0,0,1,0,0,0,1,0,0,0,0,0,0,0,0,0,0,0,1408,-0.108034586316807,-0.7107856827243
1,0,0,1,0,0,0,0,0,1,0,0,0,0,0,0,0,0,0,1411,-0.105155027284469,-0.230927475424295
0,0,0,0,0,0,0,0,0,0,1,0,1,0,0,0,0,0,0,1414,-0.103545773847796,-0.721063015015314
1,0,0,0,0,1,0,1,0,0,0,1,1,1,0,0,0,0,0,1416,-0.101632866502622,0.0990623808795837
0,0,1,0,1,0,0,0,0,0,1,0,0,1,0,0,1,0,0,1418,-0.10116774153879,0.129455306371422
0,0,1,0,1,0,0,0,0,0,0,1,0,0,0,0,0,0,0,1420,-0.099804607034358,-0.346158073154618
1,0,0,1,0,0,0,1,0,0,0,0,1,0,0,1,1,0,0,1421,-0.099019751259135,-0.034048074888154
0,0,0,1,0,0,1,0,0,0,1,1,0,0,0,0,0,0,0,1422,-0.0985263701907997,-0.172387805995496
0,0,0,1,0,0,1,0,0,1,1,0,0,0,0,0,0,0,0,1424,-0.0972993807386742,-0.0227893474665775
0,0,1,0,1,0,0,0,0,0,0,0,1,0,0,0,0,0,0,1426,-0.0970491764733608,-0.294133254074174
1,1,1,1,0,0,0,0,0,0,1,0,1,0,0,0,0,0,0,1427,-0.0969091962126665,0.0855296143000912
1,0,0,1,1,0,0,0,0,0,1,0,0,1,0,0,0,0,0,1428,-0.0960560397048864,0.0487731361405421
1,1,0,0,1,0,0,0,0,1,1,0,0,0,0,0,1,0,0,1429,-0.0957775369697423,0.136822547205712
1,0,0,0,0,0,0,0,0,0,1,1,0,0,0,0,0,0,0,1430,-0.0952151396755092,-0.551935626836976
1,1,0,0,0,0,0,1,0,1,0,0,1,0,0,1,0,0,0,1431,-0.0941633610514904,-0.100144592515001
0,0,0,1,0,0,0,0,0,0,1,0,0,1,0,0,1,0,0,1432,-0.0938988124069058,-0.02012759895603
1,0,0,0,0,0,0,0,0,0,0,0,0,0,0,0,0,0,0,1434,-0.0918446569978614,-0.941813004725468
1,0,1,0,0,1,0,1,0,0,1,0,0,1,1,1,0,0,0,1435,-0.091779808349105,0.422976512445058
0,0,1,1,0,0,0,0,1,0,1,0,0,0,0,1,0,1,1,1436,-0.0917155456821295,0.399684178345977
1,0,0,0,1,0,1,0,0,0,1,0,1,0,0,0,0,0,0,1443,-0.0876351664998032,-0.0419259258812812
0,0,0,0,0,0,0,0,0,0,0,0,0,0,0,1,0,0,0,1446,-0.0858962333129108,-1.07078812349621
0,0,1,0,0,1,0,1,0,0,0,0,1,0,0,1,0,0,0,1447,-0.0837004097985539,0.0264316124132306
0,0,0,0,0,0,0,0,0,0,1,0,0,0,0,0,0,1,0,1448,-0.0830319562075063,-0.457732907638772
0,0,1,1,1,0,0,0,0,0,0,0,0,0,0,0,0,0,0,1452,-0.0801710815087225,-0.177513776111586
0,0,0,0,1,0,0,0,0,0,1,0,0,0,0,1,0,0,0,1454,-0.0782525624555516,-0.439923769742124
1,0,0,0,0,0,0,0,0,0,1,0,0,1,0,1,0,0,0,1455,-0.0782152067203956,-0.202316698536191
1,0,0,0,0,1,0,1,0,0,0,0,0,0,0,1,0,1,0,1459,-0.075401598022364,0.0642972226943681
0,0,0,0,1,0,0,1,0,1,0,0,1,0,0,1,0,0,0,1462,-0.0736539647862145,-0.182225450193191
1,1,0,0,1,0,0,0,1,0,1,0,0,0,0,1,0,0,0,1463,-0.0733624792475082,0.0657618191090311
0,0,0,1,0,0,0,1,0,0,1,0,0,0,0,1,1,0,0,1468,-0.0714049607356181,-0.121905911414399
0,0,0,0,0,0,0,0,0,0,0,0,1,0,0,0,1,0,0,1469,-0.071202318393141,-0.559283996550959
0,0,0,0,0,0,1,0,0,0,1,0,1,0,0,1,0,0,1,1470,-0.0704941487260497,0.00691092841695398
0,0,1,1,0,0,0,0,0,0,1,0,1,0,0,0,0,1,0,1473,-0.0686503180811114,0.0784886146107026
0,0,0,0,1,0,0,0,0,0,1,0,1,0,0,1,0,0,0,1474,-0.0667682925030128,-0.312347304615258
0,0,0,0,0,0,0,1,0,0,1,0,1,0,0,0,0,0,0,1476,-0.0661166140236023,-0.665548855137938
1,0,0,0,0,0,0,1,0,0,1,0,1,1,0,1,0,0,0,1478,-0.0648431834032764,-0.0832683154602047
0,0,0,1,0,0,0,0,0,0,1,0,1,0,0,0,0,0,0,1479,-0.0647020979300725,-0.382786786068087
1,0,0,0,0,0,0,0,0,0,1,0,1,1,0,1,0,0,0,1480,-0.0638949946126263,-0.108135864926478
1,0,0,0,0,0,0,0,0,0,1,1,1,1,0,0,1,0,0,1481,-0.0611200025640144,0.0427336443066878
0,1,0,0,1,0,0,0,0,0,1,1,1,0,0,0,0,0,0,1482,-0.06105762443503,-0.211359613045633
1,0,1,0,1,0,0,0,0,0,1,0,0,0,0,0,1,0,0,1483,-0.0608415678901073,0.0584247082556046
0,0,0,0,0,0,1,0,1,0,0,1,0,0,0,1,0,1,0,1485,-0.0604268125297358,0.0426548514252094
0,0,0,0,1,1,0,0,0,0,0,0,1,1,0,0,0,0,0,1487,-0.0599747714677448,0.0674120107149379
0,0,0,0,0,0,0,0,0,0,0,1,1,0,1,1,0,0,0,1488,-0.0598673902550764,-0.336389580094766
0,0,0,0,0,1,0,0,0,0,0,0,0,1,0,0,1,1,0,1489,-0.0576528915507468,0.201068569586978
0,1,0,0,0,1,0,0,0,0,0,0,0,1,0,0,0,0,0,1491,-0.0557773942094393,-0.0456979802051897
0,0,0,0,1,0,1,0,1,0,0,1,0,0,0,1,0,0,1,1492,-0.0551664334080231,0.182366127974749
0,0,0,0,0,1,0,0,0,0,1,0,1,0,0,0,1,1,0,1493,-0.0533380604878286,0.197086299399369
1,0,0,0,0,1,0,1,0,1,0,0,1,1,0,1,1,0,0,1494,-0.0507407102983015,0.390719931201656
1,0,0,1,0,0,0,0,0,0,0,0,1,1,0,0,0,0,0,1495,-0.0503784912167129,-0.121330822803156
1,1,0,0,0,0,0,0,1,0,1,1,1,0,0,1,0,0,0,1496,-0.0502104536183887,0.0507071281891451
0,0,0,0,1,0,0,0,0,0,1,0,1,1,0,1,0,1,0,1498,-0.0476621042527808,0.117390717277366
0,0,0,0,1,0,0,0,0,0,0,0,1,0,0,0,1,0,0,1500,-0.0433298910152464,-0.31481400045237
1,0,0,1,0,0,0,0,0,0,0,0,0,1,0,0,0,0,0,1502,-0.040565037702321,-0.217328331891461
1,0,0,1,1,0,0,0,0,0,1,1,0,1,0,0,1,0,0,1504,-0.0376621387620302,0.232366805336652
1,0,0,1,1,1,0,0,0,0,1,0,1,0,0,0,0,0,0,1505,-0.0374569237132212,0.225500648996017
1,0,0,1,0,0,0,0,0,0,0,0,0,0,0,1,0,0,0,1506,-0.0359645409520592,-0.38960441955244
1,1,0,0,0,1,0,0,0,0,1,1,0,0,0,0,1,0,0,1507,-0.0356928550491885,0.175813847268645
0,1,1,0,1,1,0,0,0,0,1,0,1,0,0,0,0,0,0,1509,-0.0328405993407998,0.238030431645328
0,0,0,0,0,0,1,0,0,1,0,1,1,0,0,0,1,0,0,1511,-0.0280883677748985,0.00391927873469451
1,0,0,1,0,0,1,0,0,0,0,0,0,0,0,0,0,0,0,1513,-0.0238933139972729,-0.224973555925327
1,1,0,1,0,0,1,0,0,0,1,0,1,0,0,0,0,0,0,1514,-0.0237840083546264,0.0798712103706352
1,0,0,1,0,0,0,0,0,0,0,0,0,0,0,0,0,0,0,1516,-0.0229226922198015,-0.519317666393093
0,0,1,0,0,0,0,1,0,1,0,0,0,0,0,0,1,0,0,1517,-0.0224908563894227,-0.0931837323210103
0,0,0,0,1,0,0,0,0,0,0,0,0,0,1,0,0,0,0,1518,-0.0209856056544042,-0.426920037252285
1,0,0,1,0,1,1,0,0,0,0,0,0,0,1,0,0,0,0,1519,-0.0204505392071729,0.259636259314
0,0,0,0,0,0,0,0,0,0,0,0,0,0,0,0,1,0,0,1522,-0.0191284398761859,-0.74298120890925
0,0,0,0,0,0,0,0,0,0,1,0,1,0,1,0,0,0,0,1523,-0.0185727571636096,-0.35224194910834
1,0,0,0,0,0,1,0,0,0,1,0,0,0,0,0,0,0,0,1524,-0.0177844862893238,-0.309037286741032
0,0,0,1,0,0,0,0,0,0,1,1,1,1,0,1,0,1,0,1525,-0.0176447746752231,0.176033883457541
0,1,0,0,1,1,0,0,0,0,0,0,1,1,0,1,1,1,0,1526,-0.0159393071329973,0.479894942747855
0,0,0,0,0,0,0,0,0,0,0,1,0,0,0,0,0,0,0,1527,-0.0151780772746168,-1.1816763339748
0,0,0,1,1,0,0,0,0,0,1,0,1,0,0,1,0,0,0,1528,-0.0136494470947068,-0.0999196770793677
1,0,0,0,0,0,0,0,0,1,1,0,1,0,0,1,0,0,0,1529,-0.0127444492300921,-0.119844682306508
0,1,0,1,0,0,0,0,0,0,1,0,0,0,0,0,0,1,0,1530,-0.0124517937003607,-0.0865700143711708
0,0,0,0,0,0,0,0,1,0,1,0,0,0,0,0,1,0,0,1532,-0.0106197325863209,-0.192608132569645
1,0,0,0,1,1,0,0,0,0,0,1,1,0,0,1,0,0,0,1533,-0.0102650279204346,0.0983304850781485
1,0,0,0,1,0,0,0,1,0,0,0,1,0,1,1,1,0,0,1534,-0.00818661016538065,0.256445401807939
0,0,0,1,1,0,0,0,0,0,1,1,1,0,0,0,0,0,0,1536,-0.00783139441876475,-0.131509894333974
1,0,0,0,0,0,0,0,0,0,1,0,0,1,0,0,0,0,0,1537,-0.00714155728657681,-0.300455337657483
1,0,0,0,1,0,0,1,0,0,1,0,0,1,0,1,1,0,0,1542,0.00273047836310591,0.140143515607137
0,0,0,0,1,0,1,0,1,1,0,0,0,0,0,0,1,0,0,1544,0.00426917758897979,0.19393317508834
1,1,0,1,1,0,0,0,1,0,1,0,0,0,0,0,0,0,0,1546,0.0059962807860703,0.147086667938977
1,1,0,0,0,0,0,0,0,0,1,0,0,1,0,0,1,1,0,1547,0.00637525074337021,0.195555335459292
0,0,1,1,0,1,1,1,0,0,1,0,0,0,0,0,0,0,0,1549,0.00760962656610529,0.278088469374992
0,0,0,0,0,1,0,0,0,0,1,0,1,0,0,0,0,0,0,1550,0.00856374889002135,-0.164022383663767
0,0,0,1,0,0,0,1,0,1,1,0,0,0,0,1,0,0,0,1551,0.0103034135958348,-0.118268469294192
0,1,0,0,1,0,0,0,0,0,1,0,0,1,0,0,1,0,0,1552,0.0105249301904101,0.0508967877684127
1,1,0,1,0,1,1,0,0,1,0,0,0,0,0,0,0,0,0,1554,0.0126224961612924,0.328880304823509
0,0,0,0,0,0,0,0,1,0,1,0,0,0,0,0,0,0,0,1557,0.0174522196778639,-0.457268740331858
0,0,1,0,0,0,1,0,0,0,0,0,1,0,0,1,1,0,0,1558,0.0177595771807936,0.0407551887567871
0,0,0,0,0,0,0,1,0,0,0,1,0,1,0,0,0,0,0,1559,0.018475241541321,-0.556416691344278
1,0,0,0,1,0,0,0,0,0,0,0,0,1,0,0,1,0,0,1560,0.0186221601774123,-0.0446416687994812
0,0,0,0,0,0,0,0,0,1,0,0,1,1,1,0,0,0,0,1561,0.0198920787783465,-0.0249826363712578
0,0,0,1,1,0,0,0,0,1,1,0,1,1,0,1,0,0,0,1562,0.0209490707453624,0.233353350479389
1,0,1,1,0,0,1,0,0,0,0,1,0,0,0,0,0,0,0,1565,0.0230164684699661,0.0331941872540956
0,0,1,0,0,0,0,0,0,0,1,0,1,1,0,0,1,0,0,1567,0.0256096122637884,0.076935504028384
1,0,0,0,1,0,0,0,0,0,1,0,1,1,0,1,0,1,0,1570,0.0304409433339088,0.205878944085407
1,0,0,0,0,0,0,0,0,0,1,0,1,0,0,0,0,0,0,1571,0.0305709944463095,-0.48380356655083
0,0,0,0,0,1,0,0,0,0,1,1,1,0,0,1,0,0,0,1572,0.0332288346184434,-0.0352479855990826
1,0,0,0,0,1,1,0,0,0,1,0,0,1,0,1,0,0,0,1573,0.0335141670559651,0.271626643514051
0,0,0,0,1,0,1,0,0,0,0,0,1,0,1,0,0,0,0,1574,0.033828320671139,-0.0725443091497348
1,0,0,0,0,1,0,0,0,0,0,0,0,0,0,1,0,1,0,1575,0.0344040896907842,0.0436807016074925
1,0,0,0,0,0,1,0,0,0,1,0,1,0,0,0,1,0,0,1576,0.0360285681196574,-0.00495323608896591
0,1,0,0,0,0,0,0,0,0,0,1,1,0,0,0,0,0,1,1577,0.0398571377646903,-0.238172463460993
0,0,0,0,1,0,1,0,0,0,1,0,0,0,0,0,0,1,0,1580,0.0411496855329607,-0.0275098666705711
0,0,1,1,0,1,0,0,0,0,0,0,1,0,0,0,0,0,1,1582,0.0418602120705947,0.271756131771541
0,1,0,0,1,0,0,0,1,0,0,0,1,1,0,0,0,0,0,1583,0.0420479650466207,0.0494653222736302
0,0,0,0,1,0,0,0,0,0,0,0,1,0,0,0,0,0,0,1584,0.0426352897074908,-0.63968914421261
1,1,1,1,0,0,0,0,0,0,0,0,1,1,0,0,0,0,0,1587,0.0452262972998907,0.156767755766642
0,0,0,0,0,1,0,0,0,0,0,0,0,0,0,0,1,0,0,1588,0.0454041506380101,-0.174351283664056
0,0,0,0,0,0,0,0,0,0,1,0,0,1,0,0,0,0,0,1589,0.0463205049758363,-0.479321272700128
0,0,0,0,1,1,0,0,0,0,0,1,1,0,0,0,1,1,0,1590,0.0473440134696104,0.256717995778752
0,1,0,0,1,0,0,0,0,0,0,0,1,0,0,1,0,0,0,1591,0.0476958463935643,-0.319830705019017
0,0,1,0,1,1,1,0,0,0,0,0,1,1,1,0,0,0,0,1592,0.047817890779139,0.48588337371362
0,1,0,0,0,0,0,0,0,0,0,0,1,1,0,1,0,1,0,1596,0.0513955002990261,-0.0153107819229646
0,0,0,1,1,0,0,0,0,1,0,1,0,0,0,1,0,0,0,1597,0.0537333638830741,-0.0579752076798806
1,0,0,1,0,0,0,0,0,0,0,0,1,0,0,1,1,0,0,1598,0.0540835825599909,-0.0573483842100846
1,0,0,0,0,0,0,1,0,0,0,1,1,0,0,0,1,0,0,1600,0.054940024812527,-0.263431383264249
1,1,0,0,0,0,0,0,0,0,1,0,1,0,0,0,0,0,0,1602,0.0556464316082384,-0.315324466965605
0,0,0,1,0,1,0,0,0,0,1,1,0,1,0,0,0,0,1,1603,0.0560424610035762,0.32314739988289
0,0,0,1,0,0,0,1,0,0,0,0,1,0,0,1,0,0,0,1604,0.0560512614836568,-0.401655045914087
1,0,0,0,0,0,0,0,0,0,1,0,1,0,0,1,1,0,0,1605,0.057033280876733,-0.123489817540864
1,1,0,1,0,1,1,0,0,0,0,0,1,0,0,0,1,0,0,1606,0.0582347117556061,0.381969662961575
0,0,0,0,1,1,0,1,1,0,1,0,0,1,0,0,1,1,0,1608,0.0594053187395921,0.532317861295536
0,0,0,1,1,0,0,0,0,0,0,0,0,0,0,0,0,0,0,1610,0.0630171953404689,-0.460835426636091
0,0,0,1,1,0,0,0,0,1,0,0,1,1,0,0,0,0,0,1611,0.0633131594690566,0.0881624511043307
0,0,0,0,0,0,0,0,0,0,0,0,0,0,0,1,0,0,0,1615,0.0662058559150752,-1.07078812349621
1,0,0,0,0,0,1,1,1,0,0,1,0,0,1,1,1,0,0,1616,0.0668797993023841,0.28042776039367
1,0,0,1,0,0,0,0,0,0,1,0,1,0,0,1,1,0,0,1617,0.0669244594446956,0.0467392671209012
0,0,0,1,1,0,0,0,0,1,0,1,0,0,0,1,1,0,0,1618,0.067844761276829,0.108848174166163
0,0,0,1,0,0,0,0,1,0,0,1,0,0,0,1,0,0,0,1620,0.0753540233887614,-0.19232662160278
0,0,0,1,0,0,0,0,1,0,0,0,0,0,0,1,0,1,0,1621,0.0768204344189799,-0.016766260632808
0,0,0,0,0,0,0,0,0,0,1,0,1,1,0,0,1,0,0,1622,0.0770925087379364,-0.113010158154073
1,0,0,0,0,0,0,0,0,0,0,0,1,1,0,0,1,0,0,1623,0.0775682371734094,-0.110000262801841
0,0,1,0,0,0,0,0,0,0,1,0,1,0,0,0,1,0,0,1628,0.0810009985593772,-0.112393957716058
0,0,0,0,1,1,0,0,1,0,1,1,1,0,1,0,0,1,0,1630,0.0815618326336917,0.478701637084789
0,0,0,0,0,0,1,0,0,1,0,0,0,1,0,0,1,0,0,1631,0.0818263744775662,0.0664649753966764
0,1,0,0,0,0,0,0,0,0,1,0,0,0,0,1,0,1,0,1633,0.0836949112366894,-0.197167778362165
1,0,0,0,1,0,1,0,0,0,0,0,0,1,1,1,0,1,0,1634,0.0839617382070442,0.342464236770008
0,0,0,1,1,1,1,1,0,0,1,0,1,0,0,0,0,0,0,1637,0.085463073946074,0.298541439076288
0,0,0,1,1,1,0,0,0,0,1,1,0,0,0,0,0,0,0,1639,0.0871058161763233,0.109377896307266
1,1,0,0,1,0,0,0,1,0,1,0,0,1,0,1,1,1,0,1640,0.0888399597204951,0.489988169020091
1,1,0,1,0,1,0,1,0,1,0,0,0,0,1,1,0,0,0,1641,0.0888441277474149,0.395968452086776
0,0,0,1,0,0,0,0,0,0,0,0,1,1,0,0,1,0,0,1642,0.0906390769668995,-0.0477349259127121
1,0,1,0,1,0,0,1,0,0,1,0,1,0,0,0,1,0,0,1646,0.0940835690425473,0.146254749790676
0,0,0,0,0,0,1,0,0,1,0,0,0,1,0,0,0,0,0,1647,0.0945596201315053,-0.110291753172771
0,0,1,1,1,0,1,0,0,0,1,0,1,0,0,1,1,0,0,1648,0.0949429672933147,0.365181285817488
1,1,0,0,0,0,0,1,0,0,0,0,0,1,1,0,0,0,0,1649,0.0955153366879459,-0.0518875084293366
0,0,0,1,1,1,1,0,1,0,1,0,1,1,0,0,0,1,0,1651,0.0962198920147345,0.686231784442
0,0,1,0,0,0,0,0,0,0,0,0,1,0,0,0,1,1,0,1652,0.0966605691370193,-0.01143578158325
0,1,1,1,0,0,0,0,0,0,1,1,0,0,0,0,0,0,0,1653,0.0974990004833546,-0.0514601808686803
0,0,0,1,0,1,0,0,0,0,0,0,1,0,1,0,1,0,0,1654,0.097957407155602,0.231328350211398
1,1,0,1,1,1,0,0,1,0,0,1,0,0,1,0,0,1,0,1655,0.0986000542441394,0.605994632619299
1,0,0,0,0,0,0,0,1,0,0,1,1,1,0,0,0,0,0,1659,0.104118335898101,-0.0353932947317142
0,1,0,0,1,1,1,0,0,0,0,0,1,1,0,0,0,1,0,1660,0.104288196829417,0.43656040656263
0,0,1,0,1,1,0,0,0,0,0,0,0,1,0,0,0,0,0,1661,0.107895619551262,0.162746893065522
0,0,1,0,1,0,0,0,0,0,1,1,1,0,0,0,0,0,0,1663,0.109131492598476,-0.104131876343929
1,0,0,1,1,1,0,0,1,1,1,1,0,1,0,1,0,0,0,1664,0.110176413112102,0.645701488803142
0,0,0,0,0,0,0,0,1,0,0,0,0,0,0,1,0,0,0,1665,0.110426320440109,-0.521387708637574
1,0,0,1,0,0,0,0,0,0,0,1,1,0,0,1,0,0,0,1667,0.112643233988146,-0.210650887132743
0,0,0,0,1,0,0,1,1,1,1,0,1,0,0,0,1,1,0,1668,0.112802264485929,0.360109501803109
0,0,0,0,1,0,1,1,0,0,0,0,1,0,0,0,0,1,0,1669,0.113741113022035,-0.0321400416360145
0,1,0,0,1,0,0,0,0,0,0,0,1,0,0,0,0,0,0,1670,0.113900485793911,-0.436743032833851
0,1,0,0,0,0,0,0,0,0,1,0,0,0,0,0,1,1,0,1671,0.114953517965155,-0.0757449998128263
0,0,0,0,0,0,0,0,0,1,0,0,0,0,0,0,1,1,0,1673,0.116633363971023,-0.105757403031105
1,0,0,0,1,0,0,0,0,1,1,0,0,0,0,0,0,0,0,1674,0.116864629238263,-0.132879911737085
0,0,0,0,0,0,1,0,1,0,0,0,0,1,0,0,1,1,0,1676,0.117368184570939,0.249739757358968
1,1,0,1,0,0,0,0,0,1,0,0,0,0,0,0,1,0,0,1677,0.118372813531883,0.0682582535241416
1,0,1,0,1,0,0,0,0,0,1,0,0,1,0,1,0,0,0,1680,0.120000090670646,0.133092510153817
1,0,0,0,1,1,0,0,0,0,1,1,0,0,0,0,1,0,0,1682,0.120872191812484,0.2063766414007
1,0,0,1,1,0,0,0,0,0,1,1,0,0,0,0,1,0,0,1684,0.121645546770068,0.0764898009324846
1,0,0,1,1,1,0,0,0,0,1,0,0,1,0,0,0,1,0,1685,0.121651944854178,0.448125324027688
0,0,0,1,0,1,0,1,0,0,0,0,1,0,1,1,1,0,0,1686,0.121771638733353,0.301615039911575
0,0,0,0,0,1,0,0,0,0,1,1,1,1,0,0,0,1,0,1687,0.121961776152784,0.241630921072873
1,0,1,0,0,0,0,0,0,0,1,1,0,1,0,1,0,0,0,1689,0.122293823941779,0.0494486428752535
0,1,0,0,1,0,0,0,0,1,1,0,0,0,0,0,0,0,0,1692,0.125655481571898,-0.141849956551315
1,0,1,0,1,1,0,0,0,0,1,0,0,1,0,1,0,0,0,1693,0.125739816879516,0.375972767437823
0,0,1,1,1,1,0,0,0,0,0,0,0,1,0,0,1,1,0,1694,0.126047349831584,0.54986266935552
1,0,0,0,0,0,1,0,0,0,0,1,0,0,1,0,0,0,0,1696,0.126573769341449,-0.146252083244299
1,0,0,0,0,0,0,1,0,0,1,0,1,1,0,1,1,1,0,1697,0.128736206354831,0.251318178833724
0,0,0,0,1,0,0,0,0,0,1,0,0,1,0,0,1,0,0,1698,0.129692915138548,-0.0474044919859944
1,0,0,1,1,1,0,1,1,0,1,0,1,1,0,1,1,0,0,1699,0.12978545093495,0.682086376061776
0,0,0,1,0,0,0,0,0,0,0,0,0,0,0,0,0,0,0,1700,0.129909509486999,-0.769596779534891
1,1,1,1,1,1,0,0,0,0,1,1,1,1,0,0,0,0,0,1701,0.130330515840639,0.590146668375283
0,0,0,1,1,1,1,0,0,0,0,0,0,1,0,0,0,0,0,1702,0.130936479041962,0.285801440733819
0,0,1,0,1,0,1,1,0,0,0,0,0,1,1,0,1,0,0,1703,0.131842440004405,0.347407938589606
0,0,0,1,1,0,0,0,0,1,0,0,0,0,0,1,1,0,0,1704,0.132238614773452,0.0700585179811622
0,0,1,1,1,0,0,1,0,0,0,1,0,0,0,0,0,1,0,1706,0.133260849740877,0.097338988495989
0,0,0,1,0,1,0,0,0,0,1,1,0,0,0,0,0,1,0,1710,0.135895018914665,0.161297079775683
1,0,0,1,1,0,1,0,0,0,1,0,0,1,0,0,0,0,0,1712,0.136903566631843,0.204203118756929
0,0,0,0,0,1,0,0,0,1,0,1,1,0,0,1,1,1,0,1713,0.138255565538299,0.338151319073023
0,0,1,0,0,1,1,1,0,1,0,1,0,0,0,0,0,0,0,1714,0.138513276932642,0.241784150098599
1,0,0,1,0,0,0,0,0,0,1,1,1,0,0,1,1,0,0,1716,0.140848419143602,0.0865421384827215
1,0,0,0,0,0,0,0,0,0,0,0,1,0,0,1,0,0,0,1717,0.141426308526271,-0.550349472315612
0,0,0,1,1,1,0,0,1,0,0,0,0,0,0,1,0,1,0,1718,0.143410045215104,0.358500363306118
0,1,0,1,0,0,0,0,0,0,0,0,1,1,0,0,1,1,0,1719,0.143572220502749,0.21941904160296
1,1,0,0,1,0,0,0,0,0,0,1,0,0,0,1,1,0,0,1720,0.144599849418613,-0.0170026665637971
0,0,1,0,0,1,0,0,0,0,0,0,0,0,0,0,0,1,0,1723,0.145061027339729,0.0526727165689988
1,0,0,0,0,0,0,0,0,0,1,0,0,1,0,0,1,1,0,1726,0.147516768331121,0.112721568198282
1,0,0,1,1,0,0,0,0,1,1,0,1,0,0,0,0,1,0,1727,0.148390783394434,0.269692254227249
0,0,0,0,1,1,0,1,1,0,0,0,1,1,0,1,0,1,0,1728,0.148617529432357,0.444327550333806
0,0,0,0,1,0,0,0,1,0,1,0,1,0,0,0,1,1,0,1729,0.148650191324792,0.211854029929656
0,0,0,0,0,1,0,0,0,1,1,0,1,0,0,1,0,0,1,1730,0.150452818521079,0.272316224671657
0,0,1,1,0,1,0,0,1,1,0,0,1,0,0,0,0,0,0,1733,0.153488420281254,0.383279003589058
0,0,1,1,0,0,1,0,0,0,1,0,0,1,0,0,0,0,0,1734,0.153530220516395,0.158049948864097
1,0,0,1,0,1,0,0,0,0,0,1,1,0,0,1,1,0,0,1735,0.153811917715592,0.261071976192857
0,0,0,0,1,1,0,0,0,0,0,0,1,0,0,0,0,0,0,1736,0.154301414243825,-0.124484584919346
0,0,0,1,1,1,0,0,0,0,1,0,1,0,0,1,0,0,0,1738,0.154566365294723,0.197047651821603
0,0,1,0,0,0,0,0,0,0,1,0,1,1,0,0,0,0,0,1742,0.160668128092107,-0.0972627899404294
1,0,0,1,1,0,1,0,0,0,1,0,0,0,0,0,0,1,0,1743,0.161833340806377,0.213353396382298
0,1,0,0,1,0,0,1,0,0,1,0,1,0,0,1,1,0,0,1745,0.165280202158771,0.0356506635177102
0,0,0,0,1,0,0,0,1,0,0,1,0,0,0,1,0,0,0,1746,0.167247935363962,-0.226800847831619
0,0,0,0,1,0,0,1,1,0,0,0,1,1,0,1,1,0,0,1747,0.167975598011164,0.193731829166118
1,1,0,0,1,0,1,0,0,0,1,0,1,0,0,1,0,0,0,1748,0.169125561702524,0.119180034532934
0,1,0,1,0,0,1,0,0,0,0,0,0,0,0,0,0,0,0,1749,0.169388147609647,-0.235153517480125
0,1,0,1,0,1,0,0,1,0,1,1,0,0,0,1,1,0,0,1750,0.170146706378939,0.418037964600918
1,1,0,0,1,0,0,0,0,1,0,0,0,1,1,0,0,0,0,1751,0.171040515353285,0.211649658426603
0,1,0,0,1,0,0,0,1,0,1,1,0,1,0,0,0,1,0,1752,0.17155467831015,0.272295141909012
0,1,0,0,0,0,0,0,0,1,1,1,1,0,0,0,0,0,0,1753,0.173874833984055,-0.161518523558396
0,1,0,1,0,1,0,0,0,0,0,0,0,1,0,0,0,1,0,1754,0.175299565605578,0.270324507886543
0,0,0,1,0,0,0,0,0,1,0,1,0,0,0,0,1,0,0,1756,0.179030308517898,-0.0959151115631843
0,0,0,0,1,0,0,1,1,0,1,1,1,0,1,0,1,0,0,1757,0.180591394098761,0.250431364974028
1,0,0,1,0,0,0,0,0,0,0,0,1,0,1,1,0,0,0,1758,0.18068169967216,-0.0478773168764803
1,0,1,0,1,0,0,0,0,0,1,0,0,1,0,0,1,1,0,1759,0.181339904646228,0.36440329946748
0,0,0,1,1,1,1,1,0,0,0,1,0,0,0,1,1,0,0,1760,0.181616166024962,0.374923771421865
0,0,1,0,1,0,0,0,0,0,1,0,0,0,0,0,1,0,0,1761,0.181695250692774,-0.0468389784448165
0,1,0,1,0,1,1,0,1,0,1,0,1,0,0,0,1,1,0,1763,0.183227147220957,0.65108361824367
0,1,0,0,1,1,1,1,0,0,0,1,0,0,0,1,1,1,0,1764,0.183824007378231,0.467810247644862
0,0,0,0,1,1,0,0,1,1,0,0,1,1,0,0,0,1,0,1765,0.183903243671839,0.501362994037321
0,0,1,0,0,0,0,0,1,0,0,0,0,1,0,0,0,1,0,1766,0.186468201707964,0.113906080439653
1,1,1,0,1,0,0,0,0,1,0,0,0,1,0,0,0,0,0,1767,0.187199912363218,0.215539850544104
0,0,0,1,0,0,0,0,0,1,1,0,1,1,0,1,1,0,0,1768,0.188579480362906,0.261099647607676
1,0,0,0,0,0,0,0,1,0,0,0,1,1,0,0,0,0,0,1769,0.189121362235889,-0.0818020202975142
1,0,0,0,0,0,0,0,1,1,1,1,1,1,0,0,0,0,0,1770,0.189696730509729,0.215489376316356
0,0,0,0,1,0,0,0,0,0,1,0,0,0,0,1,0,0,0,1773,0.190658242792791,-0.439923769742124
1,1,0,0,0,0,0,0,0,0,1,0,0,0,0,0,0,1,0,1774,0.19098876291231,-0.152263301353676
1,0,0,0,0,0,1,0,0,0,1,0,0,0,1,0,0,0,0,1775,0.19218797736054,-0.0766285839355573
0,1,0,1,0,0,1,0,0,0,0,1,0,1,0,1,1,1,0,1776,0.192574253309653,0.380350164248352
1,0,0,1,1,1,0,1,0,0,0,1,1,1,0,0,0,0,0,1777,0.193705566153402,0.336317858049128
0,1,1,0,1,0,0,0,1,0,1,0,0,1,0,1,1,0,0,1778,0.194192708601842,0.409035856282564
1,1,0,0,0,0,1,0,1,0,0,0,1,0,1,0,0,0,1,1779,0.194730169697925,0.345073528884269
1,0,0,1,1,0,0,0,1,0,1,1,0,0,1,0,1,0,0,1780,0.196173500589059,0.375436544843908
1,0,0,1,1,0,0,0,1,0,0,1,1,1,0,1,0,0,0,1781,0.198189035285431,0.285048587475895
0,0,0,1,1,1,0,0,1,0,0,0,0,1,0,1,0,0,0,1783,0.199415358880916,0.350257141863182
1,1,0,1,1,0,0,1,0,0,1,1,0,1,0,1,0,1,0,1784,0.199672697854446,0.391618323803353
0,0,0,1,0,0,0,0,0,0,0,0,0,0,1,0,1,0,0,1785,0.199901437220895,-0.139381530665308
1,1,0,0,0,0,0,1,0,0,1,0,0,1,0,0,0,1,0,1786,0.200194875909101,0.0662898711209655
1,0,0,0,0,1,0,0,1,1,0,1,1,0,0,1,0,0,0,1787,0.200517661612919,0.289665842802444
1,0,0,1,0,0,1,0,1,0,1,0,0,1,1,0,0,0,0,1788,0.204416193589821,0.385057385762836
1,0,0,1,0,1,0,0,0,1,1,0,1,0,0,0,1,1,1,1789,0.205071312839957,0.668838056010943
1,0,0,1,0,0,0,0,0,1,0,0,1,1,0,0,1,0,0,1790,0.207789968458725,0.208240677444204
1,0,1,0,1,1,1,0,0,0,0,0,1,0,0,0,0,1,0,1791,0.208441834274549,0.442136972775163
0,0,0,0,0,0,1,0,0,0,1,0,1,0,0,0,1,1,0,1792,0.208894187375719,0.081691412784692
0,1,0,1,1,0,0,0,0,0,0,1,0,0,0,0,0,0,0,1794,0.209132847922266,-0.235604096234629
0,1,1,1,0,1,0,0,0,0,0,0,1,0,0,0,0,0,0,1795,0.209173951208127,0.176244092664831
0,0,0,0,0,0,0,1,0,1,1,1,0,1,0,0,0,1,0,1797,0.210903076704874,0.0789167374884547
0,0,1,1,0,0,1,0,0,0,0,0,1,0,0,0,0,1,0,1799,0.211537945975968,0.145416197917408
0,0,1,1,0,0,0,0,1,0,0,0,1,1,0,0,0,1,0,1800,0.211901776948527,0.30520207608784
1,1,0,1,1,0,0,0,1,1,0,1,0,1,1,1,0,0,0,1801,0.21243421321819,0.550957622455005
0,1,1,0,1,1,0,0,0,0,0,0,0,1,0,1,0,0,0,1802,0.214208905282377,0.295316811310049
1,0,0,0,0,1,1,0,0,0,0,1,1,1,0,0,0,1,0,1803,0.214636172352788,0.376460020910177
0,0,0,1,0,0,0,0,1,0,0,0,0,1,0,0,0,0,0,1806,0.219247858250889,-0.105071950732447
1,0,0,1,0,0,0,0,0,0,0,1,1,0,0,0,1,0,0,1809,0.223542685795201,-0.0871786970333083
0,0,0,1,0,0,1,0,0,0,0,0,1,0,0,1,1,1,0,1810,0.224341996022008,0.192268518334256
0,0,0,0,0,0,1,0,0,1,1,0,1,1,0,0,1,0,0,1812,0.230035215763509,0.219896575056376
0,0,0,0,0,0,0,0,0,0,1,1,1,1,0,1,0,0,0,1813,0.230277059706271,-0.184226403738902
0,1,0,0,0,1,1,0,0,0,1,1,1,1,0,1,0,0,0,1814,0.231115216435813,0.354601867144175
1,0,0,1,1,0,1,0,1,1,0,0,0,0,0,0,0,1,0,1816,0.234667922148373,0.412163766329913
0,0,0,1,0,0,0,1,0,0,1,0,1,1,0,0,1,0,0,1817,0.236430729217732,0.075547179993842
0,0,0,0,1,0,1,1,0,0,1,0,0,1,0,0,0,0,0,1818,0.236767679364672,-0.016681246597227
0,0,0,1,1,1,0,0,1,1,0,1,1,0,0,0,1,1,0,1819,0.237578803003823,0.632513273435154
1,0,1,0,0,0,0,0,0,0,0,0,0,1,1,0,1,1,0,1820,0.238298802082928,0.321959044026179
0,1,0,1,1,0,0,0,1,1,1,0,1,0,0,1,0,0,0,1821,0.238860608868217,0.316773812676851
1,1,1,1,1,1,0,1,0,1,0,0,0,0,0,0,0,0,0,1822,0.239290003223553,0.445397913492803
0,0,0,0,0,0,1,1,1,0,1,1,1,1,0,0,0,0,0,1824,0.24033581782491,0.1503923731115
1,1,1,1,0,0,1,0,1,1,1,1,1,0,1,1,0,1,0,1825,0.241185379530194,0.846134194506635
0,0,0,1,0,0,1,0,0,0,1,0,0,0,0,1,1,0,0,1826,0.241545240483781,0.0435499161077759
1,0,0,1,0,0,0,1,0,0,0,0,1,0,0,0,1,0,0,1827,0.242072867887997,-0.111138066769548
1,0,1,1,0,0,1,1,1,0,1,0,1,1,0,0,1,0,0,1829,0.244196359615999,0.575248592294139
0,0,1,1,0,1,0,0,0,0,1,0,0,1,0,1,1,0,0,1833,0.245842534048922,0.440681571361498
1,0,0,1,0,1,0,0,1,0,0,0,1,0,0,0,1,0,0,1835,0.247175689598252,0.323579018639936
1,0,0,0,1,0,0,0,0,0,0,0,0,1,0,1,0,0,0,1836,0.247901046688785,-0.160727240831227
0,1,0,1,0,1,0,0,0,0,1,0,0,0,0,0,1,0,0,1837,0.2482081173856,0.18663988415377
1,1,0,0,1,0,0,0,0,0,1,0,1,1,0,0,0,0,0,1838,0.250174352705711,0.0610750689249194
0,0,0,1,1,0,0,0,0,0,1,0,0,0,0,0,1,0,0,1839,0.250680602143746,-0.072195978853583
1,1,0,0,1,0,0,0,0,1,1,0,1,1,0,0,0,1,0,1840,0.252111432553412,0.359201610759159
0,0,1,1,1,1,0,0,0,0,0,0,0,0,0,0,1,1,1,1841,0.252867743588496,0.573277695542261
1,0,0,0,0,1,1,0,0,0,1,0,0,1,1,1,0,0,0,1843,0.255828312520379,0.403208977933338
0,0,0,0,0,0,0,0,1,0,0,0,0,0,0,1,0,0,0,1844,0.255999487274489,-0.521387708637574
0,0,1,0,1,0,1,0,0,0,1,1,1,0,1,1,0,0,0,1845,0.257791675692636,0.284394097100866
1,0,0,0,1,0,0,0,1,0,0,1,1,0,0,0,0,0,0,1846,0.26038781899521,-0.0885318149730901
1,0,0,0,0,0,0,0,1,0,1,0,0,0,1,0,1,0,0,1847,0.261214658952809,0.10910706621524
1,0,0,0,0,0,1,0,1,0,1,1,1,0,0,0,1,0,0,1848,0.262481355123739,0.208468012166142
0,1,0,1,0,0,0,0,0,0,0,0,0,1,0,0,1,0,0,1849,0.263734459365157,-0.0251664109173366
1,0,0,1,0,1,0,0,1,0,0,0,1,1,0,0,0,0,0,1852,0.268260297076639,0.33322961235529
0,0,1,1,0,1,0,0,0,0,1,1,1,0,0,0,0,0,0,1854,0.268609216240443,0.215013262962004
0,0,1,0,0,0,1,0,0,0,1,1,0,1,0,1,0,0,0,1857,0.2696759619422,0.116188745955206
0,1,0,0,1,0,1,0,0,0,1,0,1,0,0,0,1,1,1,1858,0.270381988585728,0.433149454453597
0,0,0,1,0,0,1,0,0,1,0,0,0,0,0,1,0,1,0,1860,0.271114984429654,0.130635506643981
0,0,0,1,1,1,0,0,0,0,1,0,0,0,0,1,1,1,0,1861,0.272425967777215,0.41407514296055
0,0,0,0,1,0,0,0,0,0,1,0,0,0,0,0,0,0,0,1863,0.272685868485268,-0.579642283963192
1,0,0,0,0,1,0,0,0,0,1,0,1,0,0,1,1,0,0,1864,0.273152036841257,0.180454851012782
0,0,0,1,1,0,0,0,0,1,1,1,0,1,0,1,0,0,0,1865,0.273725830053934,0.2065804134066
0,1,0,0,1,0,0,0,0,0,1,0,1,1,0,0,0,1,0,1866,0.274525351460579,0.141712706953166
0,1,0,0,0,1,1,0,1,0,0,0,1,1,1,1,0,1,0,1868,0.279192375878434,0.650210821264088
1,0,0,0,1,1,0,0,0,0,1,0,0,1,1,0,1,0,0,1871,0.281728279969242,0.443926660319745
1,0,0,1,0,0,0,0,0,0,1,0,0,1,0,1,1,0,0,1872,0.281840326811236,0.143674491076273
1,0,1,1,1,0,0,0,0,1,1,0,0,0,0,1,1,0,0,1876,0.283828702801223,0.382740469917466
0,0,0,0,1,0,0,0,1,1,1,0,1,1,1,0,0,0,0,1879,0.286619824944746,0.342390661455669
0,0,0,0,1,1,0,0,1,1,1,1,1,0,0,0,1,1,0,1880,0.28837249482146,0.592243087519242
0,0,0,0,1,0,1,0,1,0,0,0,0,0,0,0,0,0,0,1882,0.290669824362449,-0.14244878271612
1,0,0,1,1,0,0,0,0,1,1,0,0,0,0,0,0,1,1,1885,0.292274178268953,0.37437530611194
0,0,0,1,0,0,1,0,0,0,1,1,0,0,1,1,0,0,0,1889,0.295414146360417,0.0914899751959844
1,1,0,0,0,1,0,1,0,0,1,0,0,1,0,1,0,0,0,1890,0.295515685470088,0.226008679641895
1,0,0,1,1,1,1,0,0,0,0,0,1,0,1,1,0,0,0,1891,0.296132936274532,0.463535074121661
1,0,0,1,0,0,1,0,0,0,0,0,0,0,0,0,0,0,0,1892,0.29659366907844,-0.224973555925327
1,0,0,1,0,1,1,0,1,0,0,0,1,1,0,0,1,1,0,1893,0.29728723376381,0.713053888274114
0,0,0,0,0,0,0,0,0,0,1,1,1,0,0,0,0,1,0,1894,0.298362892011771,-0.263314167076079
0,1,0,0,1,1,0,0,0,0,1,0,0,1,1,0,1,1,0,1895,0.29884866222839,0.573500080940282
1,1,0,1,0,0,1,1,0,0,0,0,0,0,0,0,1,0,0,1897,0.299222968169526,0.0922664444790676
0,1,0,1,1,1,1,0,0,0,1,0,0,1,0,1,0,0,0,1898,0.299293262565075,0.47957068501026
0,0,0,0,1,0,0,0,1,0,0,0,1,1,0,1,1,0,0,1899,0.300505060264215,0.1757831775472
0,0,0,1,1,0,1,0,1,0,1,0,0,0,0,1,0,1,0,1901,0.302040668552416,0.335562503801527
1,0,1,0,0,1,1,0,1,0,1,1,0,0,1,1,0,0,0,1902,0.302285956611265,0.568735607197638
1,0,0,0,0,1,1,0,0,0,1,1,0,1,0,1,0,0,0,1903,0.302552532132782,0.303925786154802
0,0,1,0,1,0,1,0,1,0,1,0,0,0,0,0,0,1,0,1906,0.305885229615435,0.301201342303503
0,0,0,1,1,1,0,0,0,1,1,1,0,0,1,1,1,1,0,1907,0.30609554639943,0.68812979172514
1,1,1,1,1,1,0,0,1,0,1,0,0,0,0,0,0,0,0,1910,0.312201900067988,0.516309197755245
1,0,1,1,1,0,0,0,0,0,1,0,0,1,0,0,1,1,1,1912,0.314694836337257,0.627863543907578
0,0,0,1,1,0,0,0,1,0,1,0,0,1,0,0,1,1,0,1913,0.314870882787997,0.412152702994512
0,0,0,1,0,0,0,0,1,1,1,0,0,1,1,1,0,0,0,1914,0.315291710264855,0.356442743504133
0,0,1,1,1,1,1,0,0,1,1,0,1,1,0,1,0,0,0,1915,0.315357570571658,0.712382291913154
1,1,0,1,0,0,0,0,0,0,1,0,1,1,0,0,1,0,0,1916,0.3158108872706,0.229384779063954
0,0,1,1,0,1,0,0,1,0,0,1,0,0,0,1,1,0,0,1918,0.317369789449049,0.406777580602051
0,0,1,1,1,0,0,0,1,1,0,1,1,1,0,0,1,0,0,1921,0.321734753984487,0.536723221999887
1,0,0,1,0,1,0,0,0,1,0,0,0,0,0,0,0,0,0,1922,0.322196359678518,0.108086414404058
0,0,0,0,1,0,0,0,1,1,0,0,1,1,1,0,1,0,0,1923,0.323438972160009,0.391473735989312
0,0,0,1,1,0,1,0,1,1,1,1,0,0,0,1,1,1,0,1925,0.325792173000593,0.606230132058525
0,0,0,1,0,1,1,0,0,0,1,0,0,0,0,0,0,0,0,1926,0.326083534861728,0.109668258056996
1,0,1,1,0,0,1,0,0,0,1,0,1,0,0,0,0,0,0,1927,0.326182814208948,0.156090154312123
1,0,0,1,0,1,0,0,1,1,1,0,1,1,0,0,1,0,0,1928,0.327660117215999,0.645337581839892
1,0,0,0,1,0,1,0,0,1,0,1,1,1,1,0,0,0,0,1929,0.328102837011991,0.362748554144457
1,0,0,0,0,1,0,0,0,0,1,0,1,1,1,0,1,1,0,1930,0.331000842825349,0.538261377654038
1,1,1,1,0,0,0,0,0,0,0,0,1,0,0,0,0,1,0,1935,0.333707538178701,0.166332406857723
1,0,0,0,1,1,1,1,0,0,1,0,1,0,0,0,0,1,0,1937,0.334693445953627,0.399938451695323
1,0,0,0,1,1,0,0,0,0,1,0,0,0,0,1,0,0,0,1938,0.334703987892269,0.0833791885682729
1,1,0,1,1,0,0,1,0,0,0,0,0,0,0,0,0,0,0,1940,0.338167349683255,-0.127879207422624
1,1,0,0,0,0,0,0,0,1,1,0,1,1,1,1,0,0,0,1941,0.338355210555066,0.299579295239944
0,1,0,1,1,1,0,0,0,0,1,0,0,0,1,0,1,1,0,1942,0.338627772893016,0.557845019966934
1,0,0,1,1,0,0,0,0,0,1,1,1,1,0,1,0,0,0,1945,0.341203691508761,0.212777909148327
0,0,0,0,0,1,0,0,0,0,0,0,0,1,0,1,0,0,0,1946,0.341495105640396,-0.0761787286062121
0,0,1,0,0,1,0,0,0,1,0,0,1,0,0,0,1,1,0,1948,0.34218457093014,0.390009980059305
1,1,0,0,1,1,0,0,1,1,0,1,0,0,1,0,0,0,0,1949,0.342331914847544,0.480483085601704
1,1,0,0,1,1,0,1,1,1,1,0,1,1,0,0,0,0,0,1950,0.342836480438953,0.592164066525477
1,0,0,0,1,0,0,0,0,0,1,1,1,0,1,0,0,1,0,1951,0.343900200541336,0.180315407775465
0,0,1,1,0,1,0,1,1,1,0,0,0,1,0,0,1,0,0,1953,0.343955040360769,0.591605158522876
0,1,0,1,1,1,0,0,1,0,1,0,1,1,0,0,0,1,0,1954,0.344658883195322,0.630356147563979
0,1,0,0,1,0,0,0,0,0,0,1,1,1,0,0,1,0,0,1956,0.346739902323327,0.0664050078271419
0,0,0,0,1,0,0,0,0,1,0,1,1,1,0,0,1,0,0,1957,0.347501178419294,0.134609373346652
1,0,0,1,1,0,0,1,0,0,1,0,1,1,0,1,1,0,0,1958,0.348613979587787,0.327524082097634
0,0,1,1,1,1,0,1,0,0,0,0,0,0,0,1,0,1,0,1960,0.351585582920931,0.366246078563717
0,1,0,0,1,1,1,0,1,1,0,0,1,1,0,1,0,0,1,1961,0.351766420814295,0.757243904283117
1,0,1,1,1,1,0,0,0,0,1,1,1,0,0,0,0,0,0,1964,0.357450318494872,0.394929194173768
1,0,1,1,0,0,0,0,0,0,1,1,1,0,0,0,0,0,0,1965,0.358381321376299,0.0339245026752957
1,0,0,1,1,1,1,0,0,0,1,1,0,1,1,1,0,1,0,1966,0.358491122968356,0.775226602058917
0,0,0,1,1,1,1,0,0,0,1,1,1,0,1,1,1,1,0,1967,0.359462349022586,0.745118530183872
1,0,1,1,0,1,1,1,0,0,0,1,0,0,0,0,1,0,0,1971,0.366190008416459,0.434911227379134
0,1,1,0,0,1,0,1,1,0,0,0,1,1,0,0,1,0,0,1972,0.36773863052636,0.480996478055182
1,0,0,1,0,1,0,0,0,0,0,0,1,0,0,0,1,1,0,1973,0.369827558214729,0.323395900668929
1,0,0,1,0,1,0,0,0,0,0,0,1,0,1,0,0,1,0,1974,0.370211980727411,0.329870423844742
0,0,0,1,1,0,0,0,1,0,1,1,1,0,0,1,0,1,0,1976,0.372298275169703,0.291682908915441
0,0,1,1,1,0,1,0,1,0,0,0,1,1,0,1,0,1,0,1977,0.372564983195854,0.575075704133479
1,0,0,0,0,0,0,0,0,0,1,1,0,0,1,0,0,1,0,1978,0.372859650368047,-0.0128785553106762
0,1,0,0,0,1,0,0,0,0,0,0,1,1,1,0,1,1,0,1981,0.375672896668631,0.462328093633604
1,0,0,0,1,0,0,0,0,1,1,0,0,0,0,1,1,0,0,1983,0.377237777715794,0.112373758016328
0,0,0,0,1,1,1,0,0,0,1,0,0,1,1,0,0,0,0,1984,0.377855976913402,0.374831329506571
0,0,0,0,1,0,1,1,0,1,0,0,1,0,0,1,0,1,0,1985,0.37829433606205,0.19143012320103
1,0,1,0,1,0,0,0,0,1,1,0,1,0,0,1,0,0,0,1988,0.382042655832752,0.188911764703938
0,0,0,1,1,0,0,1,0,0,1,0,0,1,0,0,1,1,0,1989,0.382844924636991,0.285711394770568
1,0,0,0,0,1,1,1,1,0,1,1,0,1,0,1,1,0,0,1992,0.386403948259416,0.577320513984233
0,1,0,1,0,1,0,0,0,0,0,1,1,0,1,1,1,1,0,1993,0.387939485045097,0.524277399165793
0,0,0,0,0,0,0,0,1,0,0,0,0,0,0,1,1,0,0,1995,0.388973403989352,-0.236571526752633
0,0,0,0,1,0,0,0,0,0,1,0,0,0,0,0,1,0,0,1997,0.391372494170993,-0.2755512792366
0,0,0,0,0,1,1,0,0,1,1,0,1,0,0,0,0,0,0,1998,0.392596692508035,0.185689151472202
1,0,0,0,0,0,1,0,1,0,0,0,1,0,1,1,0,0,0,1999,0.392890518649287,0.153307552072677
0,1,0,1,0,0,0,0,0,0,1,0,1,0,0,1,0,0,1,2000,0.394419657483461,0.0838296648864739
0,0,0,1,1,1,0,0,1,0,1,1,0,0,0,0,0,1,0,2002,0.395212192450493,0.412482879460933
0,1,0,1,1,0,0,0,1,0,0,1,1,0,0,0,0,0,0,2003,0.397135193637091,0.0682075227116228
0,1,0,0,1,0,1,0,1,0,1,0,1,1,0,0,1,0,0,2004,0.397718409101853,0.409329376709741
1,1,0,0,0,1,0,0,0,1,1,0,1,1,0,1,1,1,0,2005,0.398157477361439,0.649620277053471
1,1,0,1,1,1,0,1,0,0,1,0,1,1,1,0,0,0,0,2007,0.400181573877875,0.572434066733148
0,0,1,0,1,0,0,0,0,0,1,1,0,1,0,0,1,1,0,2010,0.401480012177396,0.318818845132334
1,1,0,1,0,1,0,0,0,0,1,1,1,1,1,0,0,1,0,2011,0.401985763389886,0.628196878302102
0,1,0,1,1,0,0,0,1,0,1,0,0,1,0,0,1,0,0,2012,0.404800441850011,0.342261735992661
0,1,0,1,0,0,0,0,0,0,1,1,0,0,0,1,1,1,0,2013,0.405328131507848,0.182869497054378
1,0,1,1,0,1,1,0,0,0,1,1,0,0,1,0,0,0,1,2014,0.406200452609123,0.647118019091563
1,0,0,0,1,1,1,0,0,0,1,0,0,1,0,0,0,1,0,2015,0.407752252361996,0.46006063980629
1,0,0,0,1,1,0,0,0,0,0,1,1,1,0,0,1,1,0,2016,0.407821880169614,0.466345348328294
1,0,0,0,1,1,0,0,0,1,1,0,1,0,0,0,0,0,0,2017,0.408672046791727,0.235586487961571
1,0,0,0,0,0,0,0,1,0,1,0,0,1,0,0,0,0,0,2018,0.411865706664613,-0.0529816693977425
1,0,1,0,0,0,1,0,0,0,1,0,0,1,0,0,1,0,0,2019,0.412758494374013,0.250876980042721
1,0,0,1,0,0,0,0,1,0,1,0,1,0,0,0,0,0,0,2020,0.413498179024694,0.00271707778309696
1,1,0,0,1,1,1,0,0,1,0,0,0,1,1,0,1,0,0,2021,0.413995597015626,0.683652350867441
1,1,1,0,1,1,0,0,1,0,1,0,0,0,0,0,1,0,0,2022,0.414001092343456,0.522970287415724
1,0,0,0,0,1,0,0,0,1,0,0,0,0,0,0,1,0,1,2023,0.414197791026084,0.292960116143454
1,0,0,1,0,1,0,0,0,0,1,0,1,1,0,1,0,1,0,2024,0.414508341152776,0.455776350332617
0,1,0,0,0,1,0,0,1,0,0,1,0,1,1,0,0,1,1,2025,0.414850324701278,0.606310494946248
1,1,0,1,1,1,1,0,0,0,1,0,1,0,0,0,1,0,0,2026,0.414884029613665,0.547528119408362
1,1,0,0,1,1,1,0,1,1,1,0,1,1,1,1,1,0,0,2028,0.418566292576985,1.01901044336941
1,0,0,1,1,0,0,1,0,0,1,0,0,1,1,1,1,0,1,2029,0.418905059981485,0.553239248717008
0,0,1,1,0,1,1,0,1,0,0,0,1,1,0,0,0,1,0,2032,0.419548752566351,0.649119115288256
0,0,1,1,1,0,0,0,0,1,1,1,1,0,0,0,0,0,0,2033,0.420871067276854,0.212316820665223
1,0,0,0,1,1,1,0,0,0,0,0,1,1,0,1,1,1,0,2034,0.421118812006141,0.607602409981168
0,0,0,0,0,1,0,1,0,0,1,0,0,1,0,0,0,0,0,2035,0.422116512996526,-0.0177129409019207
1,0,0,1,0,0,0,0,0,0,1,0,0,1,0,1,0,1,0,2037,0.423366763613534,0.164426817057289
0,0,0,0,1,0,0,0,0,0,1,0,0,0,0,0,1,1,0,2038,0.423544827440045,-0.0353290850106896
1,1,0,1,1,0,0,0,1,1,0,0,0,1,0,1,0,0,1,2042,0.426209925878496,0.547990408661653
0,0,0,1,0,1,0,0,0,0,1,0,0,1,0,1,0,1,1,2043,0.426870442858371,0.481049171574597
0,0,0,1,0,1,0,0,1,0,0,1,1,1,1,1,0,0,0,2046,0.42957374443365,0.466025920867283
0,0,1,0,1,1,0,0,0,0,1,0,1,1,0,0,0,1,0,2048,0.434243302883705,0.444284421357085
1,0,0,0,1,1,0,0,0,0,0,0,0,0,0,0,0,0,1,2049,0.434884199527476,0.124120281835615
0,1,0,1,1,0,1,0,0,1,0,1,1,1,1,1,0,0,0,2052,0.439333269372098,0.519270146921788
1,0,0,1,1,0,0,0,0,0,0,0,1,0,1,0,0,1,0,2053,0.4396799909544,0.193208578081063
1,0,0,1,1,0,1,1,1,1,1,0,1,1,0,0,0,1,0,2056,0.444624771492342,0.67821692917714
1,0,0,0,1,1,1,1,0,1,0,0,0,1,0,1,0,1,0,2057,0.446148019565725,0.572244753119924
1,0,0,1,1,0,0,0,0,0,1,0,1,1,0,0,0,0,0,2059,0.44715851262635,0.118503575396558
1,0,1,1,0,1,0,0,0,0,0,0,0,0,0,1,1,1,0,2060,0.447448349342055,0.450424697857997
1,0,0,0,1,0,1,0,1,0,1,0,1,1,1,1,0,1,1,2063,0.450502366507687,0.756286271923247
1,0,0,0,1,0,0,1,0,0,1,0,1,1,0,1,0,1,0,2064,0.451167199517134,0.223347785958678
0,1,1,0,0,1,1,0,1,0,0,1,0,0,0,0,0,0,0,2066,0.452811941512378,0.315992370519554
1,1,0,1,0,1,1,0,0,0,1,0,0,1,0,0,1,1,0,2068,0.456511839310748,0.663031666175001
1,0,0,1,0,0,0,0,0,0,0,1,1,1,0,0,0,1,0,2069,0.457017721832019,0.118735917362457
0,0,0,0,0,1,1,0,0,1,0,0,1,1,0,0,1,0,0,2071,0.458195551743145,0.377464128539308
1,1,1,0,1,0,0,0,1,0,1,1,1,0,0,0,1,0,0,2072,0.458659637180284,0.388228891502281
1,0,0,0,0,0,1,1,1,0,1,0,1,0,0,0,1,0,0,2074,0.460465459713687,0.191493985364829
1,0,0,0,1,1,0,0,0,1,0,1,1,1,0,0,1,1,0,2075,0.460808323991488,0.586034629778373
1,0,1,1,0,0,1,1,0,1,0,0,0,1,1,1,1,1,0,2078,0.462227408699243,0.745081112219093
0,1,0,1,1,1,1,0,0,1,1,0,1,1,0,0,1,1,0,2079,0.464425096137069,0.864910163692192
0,0,1,1,0,1,0,0,1,1,0,0,0,0,0,0,1,1,0,2081,0.465829890551047,0.584423880661695
0,1,0,1,1,1,0,0,0,0,0,0,1,1,0,0,0,0,0,2082,0.468558045225682,0.282692804286814
0,1,0,1,1,0,1,0,0,1,0,0,0,1,0,0,1,1,0,2086,0.4703857949795,0.51761003670763
0,0,0,1,1,1,1,0,0,0,0,0,1,0,0,1,1,0,0,2087,0.471079170827706,0.383355697544473
0,1,0,0,1,0,1,0,0,1,0,1,0,1,0,0,1,1,0,2089,0.4731790688189,0.435619087899192
1,1,1,1,1,1,1,0,0,1,1,0,1,0,1,0,1,0,0,2090,0.473564684296312,0.934508320977088
1,1,1,1,1,1,0,0,0,0,1,0,1,0,1,0,1,1,0,2092,0.477959890787315,0.815081427059622
0,0,0,1,0,1,0,0,0,0,1,1,0,0,1,0,0,1,1,2094,0.478906442926695,0.459325223704929
0,1,0,0,0,1,0,0,0,0,1,0,1,0,0,0,0,0,0,2095,0.478935091769564,-0.0509543373978066
1,1,1,1,1,1,0,0,0,1,0,0,0,1,0,0,1,1,0,2097,0.480592766845866,0.81449595370404
1,0,0,1,0,1,0,0,0,1,1,0,1,1,0,1,0,1,0,2099,0.481101571230895,0.575589589487436
0,1,0,1,1,0,1,0,0,1,1,0,0,1,0,0,1,1,0,2101,0.482532259990716,0.58808924452762
1,0,0,0,0,1,1,0,1,0,1,0,1,1,0,0,1,0,0,2102,0.482797838144991,0.537515360501725
0,1,1,1,1,0,1,1,0,0,1,0,1,1,1,0,1,0,0,2104,0.486088074684949,0.65225839610772
0,0,0,0,1,1,0,0,0,0,0,0,0,0,0,0,0,1,0,2106,0.488786362655823,0.00471293268428842
0,0,1,1,0,0,1,1,1,0,1,0,1,1,0,0,1,1,0,2107,0.490790315063396,0.63724761675427
0,1,0,0,1,1,1,0,0,1,1,1,0,0,0,0,0,0,0,2108,0.492270167757603,0.339310819385607
0,0,0,0,0,1,0,0,1,1,1,0,1,0,1,1,1,0,0,2110,0.493684922831514,0.507160033117424
1,1,1,1,0,0,1,0,0,0,0,0,1,1,1,0,1,1,0,2111,0.494046526795291,0.680694252697675
1,0,1,0,0,1,0,0,1,0,1,0,1,0,1,1,1,1,0,2112,0.494725680190159,0.72234115714337
1,0,0,1,1,0,1,1,1,0,1,1,1,0,0,0,0,1,0,2114,0.49631234029807,0.460957358864083
1,0,1,0,1,1,0,0,0,0,1,0,1,0,0,0,0,1,0,2115,0.496626533990076,0.388823233087818
1,0,1,1,1,1,1,0,1,1,1,0,1,0,0,0,0,0,0,2117,0.49958399027469,0.745746711938121
0,0,0,1,0,1,1,0,1,0,1,0,1,0,1,1,1,1,0,2118,0.501389652395479,0.757709470871921
1,0,1,1,1,1,0,1,0,0,1,1,1,1,0,1,0,1,0,2120,0.503603793716424,0.721533574537732
0,0,0,1,1,1,1,1,0,0,1,0,0,1,1,1,1,0,0,2121,0.503608684825228,0.668639315973473
0,0,1,0,0,0,1,0,0,1,1,1,0,0,0,0,1,1,0,2122,0.504722155679129,0.343096333128476
0,0,1,0,0,1,1,1,1,0,0,0,0,0,1,0,0,1,0,2123,0.504746029840885,0.497762505027727
1,0,0,0,1,0,0,0,0,1,0,0,1,0,1,1,0,0,0,2124,0.505170837803827,0.0967979036823852
1,1,0,0,1,1,1,0,1,0,1,0,1,0,0,1,1,0,0,2125,0.506507778792114,0.619127130892501
1,0,0,1,1,1,0,0,1,1,1,0,1,0,0,1,0,0,0,2127,0.507757783433171,0.542294130658732
0,0,0,1,0,1,1,0,0,0,1,1,0,1,1,0,0,1,0,2129,0.509211904485064,0.558675159856784
0,1,0,0,1,1,0,0,0,0,0,0,1,0,1,1,0,1,1,2130,0.510539261291614,0.509504243805223
0,0,0,1,0,0,0,0,0,0,1,1,1,1,0,0,0,0,0,2131,0.511732036564012,-0.0754021411519881
1,1,0,1,0,1,1,0,1,1,0,0,0,1,1,1,0,1,0,2132,0.512609515730373,0.914955883665757
0,0,0,1,0,1,0,0,0,0,1,0,0,1,0,0,0,0,0,2134,0.513179011915208,0.114678250307101
1,1,0,0,1,1,1,0,0,0,0,1,1,1,0,0,1,0,0,2135,0.516019668185359,0.522072507641594
1,1,1,1,1,1,1,0,1,1,1,0,1,1,1,1,0,1,0,2136,0.516303210366647,1.38611606048651
0,1,0,1,1,0,1,0,0,0,0,1,1,1,0,0,1,1,0,2137,0.51733938087132,0.479856822302777
0,0,0,1,0,0,0,0,1,0,0,1,0,1,0,0,0,1,0,2138,0.518174234838947,0.130908139519451
1,1,0,1,1,1,0,0,1,1,0,0,1,1,1,1,1,1,0,2139,0.520162980487976,1.08427687028064
0,1,1,1,1,1,0,0,1,1,1,0,0,1,1,1,1,1,0,2140,0.520839587427607,1.18219301255677
1,0,0,1,0,1,0,0,1,1,1,0,0,1,1,0,1,1,0,2141,0.521447083878485,0.859461406517947
0,1,0,1,0,1,1,0,0,0,0,1,1,1,1,1,0,1,0,2142,0.521506168245152,0.655987897801034
0,0,1,1,1,1,1,0,0,1,1,0,1,0,1,1,1,1,0,2144,0.52391484133145,0.984462514044706
0,1,0,1,1,1,1,0,0,0,0,1,1,1,1,0,1,1,0,2145,0.525941196069418,0.824406193760928
0,0,0,0,1,1,1,0,0,1,1,0,0,0,1,0,1,1,0,2147,0.527228674350762,0.621945248502654
1,0,0,1,1,1,0,0,0,0,0,1,0,1,0,1,1,1,0,2148,0.528218765944171,0.572724709459444
1,1,0,0,0,1,0,0,0,0,1,0,0,0,1,1,1,1,0,2150,0.531337060057624,0.474347089596483
1,1,0,1,0,1,0,0,0,0,0,0,0,1,1,0,0,0,0,2151,0.533401087780798,0.337215990404802
0,1,0,1,0,0,1,0,1,1,0,1,1,1,1,0,0,1,0,2152,0.534140652235845,0.647146550434292
1,0,0,1,1,0,0,1,0,1,1,1,0,1,1,1,1,0,0,2153,0.535478589706954,0.552291573512938
0,0,0,1,1,1,0,0,1,0,1,0,1,1,1,1,0,0,0,2155,0.538124046606399,0.600248514682208
0,0,0,1,0,1,0,0,0,0,1,0,0,0,0,1,1,1,0,2156,0.538403704590166,0.31659940661702
0,1,0,1,0,0,1,1,1,0,1,0,1,1,1,0,1,0,0,2158,0.541695151450786,0.566801980785917
0,0,0,0,1,0,0,0,0,0,0,1,0,1,0,0,1,1,0,2159,0.544238166261972,0.0858725050765591
0,1,0,1,0,1,1,0,1,0,1,0,0,0,0,0,0,1,0,2160,0.546112573413042,0.480944423105967
1,0,1,1,1,1,0,0,0,0,1,0,0,0,1,0,1,0,0,2161,0.546911825663109,0.555512328475758
1,1,0,1,1,1,0,1,0,0,0,1,0,1,0,1,0,1,0,2163,0.547488759185937,0.537584051695488
1,0,1,0,0,1,0,0,1,1,1,1,0,0,0,0,1,0,0,2164,0.548616489386689,0.511770187573993
1,0,1,1,1,0,1,0,1,0,0,1,0,1,0,1,1,0,0,2165,0.550077637904406,0.607449429043083
1,1,0,1,1,0,0,1,0,0,1,1,1,1,0,1,1,0,0,2166,0.551435162950884,0.428264007745115
0,0,1,0,1,1,0,0,0,1,1,0,0,0,0,1,0,0,0,2167,0.552674805156782,0.291427114644979
0,1,1,0,1,0,1,0,1,0,0,0,0,1,0,1,1,0,0,2168,0.552685063775139,0.461980996344786
0,1,1,1,0,1,1,1,0,0,1,0,0,1,0,1,0,1,0,2170,0.554271274430362,0.663053110719893
1,0,1,1,1,1,1,1,1,1,0,1,1,0,1,0,1,0,0,2173,0.557812806315615,0.982546684117045
1,0,1,1,0,1,1,1,1,0,0,0,1,1,1,1,1,0,0,2175,0.559658087053004,0.904453174627879
1,1,0,1,0,0,1,0,1,0,1,0,0,1,0,0,0,1,0,2176,0.559896208931215,0.46481570772359
1,1,0,1,1,1,0,0,0,0,0,0,0,1,1,1,1,1,0,2177,0.55989963375793,0.735780075524043
1,1,0,1,1,1,0,0,0,0,1,0,1,0,1,1,0,1,1,2178,0.560671287459357,0.766033566833898
0,0,1,1,1,0,1,0,0,0,1,0,0,1,0,1,1,1,0,2180,0.563406777741337,0.576111629606772
1,0,1,0,1,1,1,1,1,0,0,0,0,0,1,1,0,0,0,2181,0.563449002880486,0.576693631502313
0,0,1,1,1,0,1,1,1,0,1,0,0,0,0,1,1,1,0,2188,0.56730213984104,0.599093559756635
1,0,1,1,1,1,1,1,0,1,1,0,1,1,0,0,1,1,0,2189,0.56756094427886,1.03596243227887
1,1,0,1,1,1,0,0,1,0,1,1,1,1,0,0,0,0,0,2190,0.568163159433924,0.597772093788741
1,0,0,1,0,0,0,0,1,0,0,0,1,0,0,0,1,0,1,2191,0.568215628975964,0.252280051074242
0,0,1,1,0,1,0,0,0,0,1,0,1,1,0,0,0,1,0,2192,0.569391499308572,0.462350332529445
0,1,0,1,0,0,0,0,1,1,1,1,0,1,1,0,1,1,0,2193,0.569853921544971,0.66017912040663
0,1,0,1,1,1,0,1,1,0,1,0,0,0,0,1,0,0,0,2194,0.570566065391295,0.377883999690657
1,1,0,0,1,1,0,0,0,0,0,0,1,1,0,0,0,0,0,2196,0.57223176065581,0.239644151941092
1,0,0,0,1,1,0,0,0,0,1,0,1,0,0,1,0,0,0,2198,0.578524567304857,0.150611076440096
0,1,1,1,1,1,0,1,1,1,1,0,0,0,0,1,1,0,0,2201,0.578993758595195,0.745970753105498
0,0,0,1,1,0,0,0,1,0,1,1,0,1,0,1,1,1,0,2203,0.581149392709571,0.490597652390397
1,1,1,0,0,1,0,0,0,0,0,1,0,1,0,0,0,1,1,2204,0.581442910634438,0.547614134362957
0,0,0,1,1,1,1,0,0,0,0,1,1,1,1,0,1,1,0,2205,0.581665682780481,0.753342386098997
0,0,1,1,1,1,0,1,1,1,0,0,0,1,0,1,1,0,0,2206,0.58315239368505,0.734237903007049
1,0,0,0,1,1,1,0,1,0,0,1,1,0,0,1,1,0,0,2207,0.58445691025188,0.510805418918703
1,0,0,1,0,0,0,0,0,1,0,0,1,1,1,0,1,0,0,2209,0.585115708560838,0.345151122631804
1,1,1,0,0,1,1,1,0,0,1,1,1,0,1,0,0,1,0,2210,0.585383553317519,0.655524722629235
1,1,1,1,1,0,1,1,0,0,0,1,1,0,0,1,0,1,0,2211,0.586041891548568,0.498196591635447
0,1,1,1,1,1,0,0,0,0,0,1,0,1,0,1,0,1,0,2212,0.586787988804464,0.576983373418818
1,0,0,1,1,1,1,1,1,0,1,1,1,1,0,1,0,1,0,2214,0.58999285721525,0.859377313216016
1,0,0,1,1,1,0,0,1,1,1,0,0,0,0,0,1,0,0,2215,0.591407610873237,0.559212854615617
1,1,0,1,0,1,1,0,0,0,0,0,1,0,1,0,1,0,0,2216,0.591678658395768,0.507521853959171
1,1,0,1,1,0,1,0,1,1,1,1,1,0,1,1,0,1,0,2217,0.591925668581303,0.809614690972558
1,0,1,1,0,1,0,1,1,1,1,0,0,1,0,0,1,0,1,2218,0.593135181947624,0.897153051192705
1,0,1,1,0,1,1,1,0,1,0,0,0,1,0,1,1,1,0,2219,0.593274636353409,0.841857256658219
0,0,0,0,0,0,0,0,1,0,0,1,0,1,1,1,0,1,0,2221,0.595041300082716,0.204672766538844
1,1,0,1,1,1,0,1,1,1,1,0,1,1,1,0,0,1,0,2222,0.59533565132591,0.985294357970018
0,0,1,1,0,1,0,1,1,0,1,1,1,0,0,0,0,0,0,2223,0.595484261536371,0.378517938567157
0,1,0,1,0,1,1,0,1,0,0,1,1,1,0,1,1,1,0,2224,0.597570383554344,0.788176297964006
0,1,1,1,0,1,0,0,0,0,1,0,0,1,0,0,1,0,0,2225,0.59818754523695,0.460193916207423
1,0,0,0,1,1,0,1,0,0,1,0,1,1,0,0,1,1,0,2226,0.599744904035609,0.522734755927308
0,0,1,1,1,1,0,0,0,1,1,0,1,0,0,0,1,1,1,2228,0.602079783148761,0.82196572742642
1,0,0,1,1,1,1,0,0,1,1,1,1,1,1,0,0,1,0,2231,0.605693555103544,0.910166698978277
0,1,1,1,1,1,0,0,1,0,1,0,1,1,1,1,0,0,0,2232,0.605775486211105,0.798896988679392
0,0,0,1,0,0,1,1,1,1,1,0,1,1,0,0,0,1,0,2235,0.60932118770839,0.512554474048877
1,0,0,0,1,0,1,0,1,1,1,1,0,0,0,0,1,1,0,2236,0.609607970317294,0.519922199281827
1,1,1,1,1,1,0,0,1,1,1,0,0,1,1,0,0,1,0,2237,0.610032802132257,1.05804228419543
1,0,1,0,0,1,0,0,0,0,1,0,1,1,1,1,1,1,1,2238,0.611967054419927,0.873156626267618
0,0,0,1,0,1,0,0,0,0,1,1,0,1,1,1,1,1,0,2239,0.614580730265102,0.601468044615854
0,0,0,1,1,1,0,0,1,0,1,0,0,1,1,1,0,1,1,2240,0.615205663237175,0.83926593725471
1,0,0,1,1,1,1,0,0,0,1,0,0,1,0,0,1,1,0,2241,0.616358461613988,0.689096122517616
1,0,1,1,1,1,0,0,1,1,0,0,1,1,0,0,1,0,1,2247,0.622007745556413,0.965880917979994
0,0,1,1,0,1,1,0,1,0,1,0,0,1,1,1,0,1,0,2249,0.622253688082001,0.846367524307126
0,1,1,1,0,0,1,0,0,0,1,1,1,0,1,1,1,1,0,2250,0.622387004893055,0.629379575857029
0,1,0,1,0,0,0,0,0,0,1,0,1,0,1,1,1,0,0,2251,0.623313538594161,0.197518658150751
1,1,0,0,1,1,1,0,0,0,1,1,0,1,0,1,0,1,0,2252,0.623533827863933,0.604849146829891
1,0,0,0,1,1,0,0,0,0,1,0,0,0,0,1,0,0,0,2253,0.624979870382891,0.0833791885682729
1,0,0,1,1,1,1,0,0,1,1,0,1,1,0,1,1,0,0,2254,0.62703989823922,0.77768967965252
0,0,0,1,0,1,1,0,0,0,1,1,0,1,1,0,1,1,0,2256,0.629622756915163,0.676507585288707
0,0,1,0,0,1,1,0,1,0,1,0,0,1,0,1,0,1,0,2257,0.630158681808879,0.604208418961606
0,0,1,1,0,1,1,0,0,0,1,1,1,1,0,0,0,1,0,2258,0.630628813968623,0.614491787724959
0,0,0,1,0,1,1,0,1,0,1,1,1,0,0,0,1,1,0,2259,0.630978846879607,0.613095474424631
0,0,1,1,0,1,0,1,1,1,1,0,0,1,0,0,1,1,0,2260,0.632463549370909,0.801186090760922
1,0,0,0,0,1,1,1,0,1,1,0,0,0,0,1,0,1,0,2261,0.632735280953129,0.422611528140533
1,0,1,1,0,1,1,0,0,0,0,0,1,1,0,0,1,0,1,2262,0.63313959625845,0.721271304428287
1,0,0,1,1,1,1,0,1,0,1,0,1,1,1,0,1,0,0,2264,0.635416619649991,0.875077394597911
1,0,1,1,0,1,0,1,1,1,1,0,1,0,1,1,1,0,0,2265,0.635788938073811,0.839376529578733
0,0,0,1,1,0,1,0,1,0,0,0,1,1,0,0,1,1,0,2268,0.640426511964911,0.517789444985801
0,0,0,1,1,0,0,0,1,0,0,1,1,1,1,1,1,1,0,2269,0.641028988115993,0.595990421960982
1,0,0,1,1,1,1,0,0,1,1,0,1,1,0,0,0,0,0,2270,0.641956798918619,0.60882020901638
0,0,1,1,1,0,1,0,1,1,1,0,0,1,0,0,1,0,0,2271,0.641988984348131,0.648004271440451
0,1,0,0,1,1,1,0,0,1,0,0,1,1,0,0,1,0,0,2272,0.646741965703402,0.539867462709992
0,0,0,1,1,1,0,0,0,0,1,0,0,0,0,1,1,1,0,2273,0.646852272600314,0.41407514296055
0,1,0,1,1,1,1,0,0,0,0,0,1,1,1,0,1,0,0,2277,0.651618795577302,0.654689261795906
1,0,0,1,0,0,0,0,1,1,1,0,1,1,0,1,0,1,0,2279,0.65646143952005,0.495263670421827
1,1,1,0,1,1,0,0,1,1,0,1,1,1,1,1,0,0,0,2280,0.656712986733141,0.841802072194822
1,1,0,1,0,1,0,0,1,0,1,0,0,1,1,1,1,1,0,2281,0.657146119875613,0.85468403169825
0,0,0,0,1,0,0,0,1,0,0,0,0,0,0,1,0,1,0,2283,0.658562242925684,-0.0439251094684242
0,0,1,1,0,0,1,1,1,0,0,0,1,1,0,1,1,1,0,2284,0.659320435320322,0.614576304183381
1,0,1,1,0,1,0,0,1,1,1,1,0,1,1,1,1,1,1,2285,0.663374250880902,1.32092359893158
1,0,0,1,1,1,1,0,1,0,0,0,0,0,1,1,0,1,1,2286,0.664615001613514,0.836974567150584
1,0,0,0,0,1,1,0,0,0,0,0,1,1,0,1,1,1,0,2287,0.664738182362225,0.514757020036145
1,0,1,1,1,1,0,0,1,0,1,0,0,0,1,1,1,1,0,2288,0.66513431320562,0.883440078374432
0,0,0,1,0,1,1,1,0,0,1,0,0,1,0,0,1,1,0,2289,0.665138387237469,0.538266008284703
0,0,1,1,1,0,0,0,0,1,1,0,1,1,1,1,1,0,0,2290,0.665651463281197,0.61481783192056
1,1,1,1,0,1,1,0,1,0,1,0,1,1,0,1,0,1,0,2293,0.671160068152108,0.922765465771662
0,0,1,0,0,1,0,0,0,1,1,1,1,0,0,1,1,1,0,2295,0.674853560427799,0.539731495672678
0,1,0,1,1,0,0,0,1,0,1,0,1,1,0,0,0,1,0,2296,0.675452416910543,0.41451846631999
0,0,0,0,0,0,0,0,1,1,0,1,0,1,0,1,1,0,0,2297,0.675939071621802,0.18001432798794
1,0,0,1,0,1,1,0,0,0,1,0,0,1,1,0,0,1,0,2298,0.675976861829479,0.601567442561908
1,1,0,1,1,1,0,0,0,0,0,0,0,0,0,0,1,1,0,2300,0.677742155931082,0.435562778089298
0,0,1,1,1,0,0,0,0,0,1,1,0,0,1,0,1,1,0,2303,0.685469240253897,0.431379930504636
1,0,0,1,1,1,0,0,1,1,1,0,0,1,1,1,1,1,0,2304,0.688797147780473,1.0223805334911
1,0,1,0,0,1,1,0,1,0,1,1,0,0,0,0,1,0,0,2305,0.691006059858074,0.514776783237763
1,0,1,1,0,1,1,1,0,0,0,0,1,1,1,0,1,0,0,2306,0.694397789451988,0.709553372270861
1,1,1,1,0,1,1,0,1,1,1,0,1,1,1,1,0,0,0,2312,0.706187860784694,1.05279416639595
0,0,1,0,0,1,0,0,1,1,1,1,0,1,1,1,0,1,0,2313,0.706250823416523,0.756620504585359
0,0,1,1,1,1,0,0,1,1,0,0,1,1,1,0,1,0,0,2314,0.706734014696257,0.854069944935769
0,0,0,0,1,1,1,0,1,0,1,0,0,0,0,1,1,0,0,2315,0.708329309538364,0.426313447547202
0,0,0,1,1,1,1,1,1,0,0,0,0,0,0,0,0,1,0,2316,0.709828204781293,0.450812561217984
1,0,0,1,1,1,1,0,0,1,0,0,1,0,1,0,0,1,0,2317,0.710270938400147,0.66991406354019
1,0,0,1,1,0,0,0,1,1,1,0,1,1,0,0,0,0,0,2318,0.712174522329513,0.404657883459862
0,0,1,1,0,1,1,0,1,1,0,0,0,1,0,1,0,1,0,2319,0.71224376433703,0.766940798304093
1,1,0,1,1,1,1,1,1,0,1,0,1,0,0,0,1,1,0,2324,0.722377680544058,0.838474872363733
1,0,0,1,0,0,1,0,0,0,1,0,1,0,0,1,1,1,0,2326,0.725710126489462,0.351373033333914
1,1,0,0,1,0,0,0,1,0,1,0,0,1,1,0,1,1,0,2327,0.726797448366828,0.565501542024902
1,1,0,0,1,0,0,0,1,0,1,0,1,0,1,0,1,0,0,2328,0.726952455426739,0.354011460693106
0,1,0,1,1,1,1,1,1,1,1,0,0,0,1,1,1,1,0,2329,0.729314505652696,1.02975991736545
1,0,0,1,1,1,0,0,1,0,1,0,1,1,1,1,1,1,0,2330,0.730531079141437,0.942567508212899
1,0,1,0,1,1,0,0,0,1,1,0,0,1,0,1,0,1,0,2333,0.731741408282539,0.632098053734188
1,0,1,1,1,1,0,0,1,0,1,0,1,1,0,0,0,1,1,2334,0.732339167378111,0.928580275874671
1,0,0,1,1,1,0,0,1,0,1,0,1,0,0,0,1,1,1,2336,0.736223222904173,0.7798877571588
1,0,1,1,1,0,1,0,1,0,0,0,0,1,0,1,1,0,1,2339,0.739752370018917,0.729539453046406
1,1,1,1,1,0,0,0,0,0,1,1,0,1,1,1,1,0,0,2340,0.739841627029945,0.611715339182712
1,0,1,1,1,1,0,1,0,0,1,0,1,1,0,0,1,1,0,2341,0.743896573475702,0.763032716123519
1,1,0,1,0,1,0,0,1,0,1,0,1,1,1,0,0,1,1,2342,0.744793130692799,0.895668597895709
1,1,0,1,1,1,1,1,0,1,1,0,1,0,1,1,1,1,0,2344,0.748289665957426,1.01797768617887
0,0,0,1,1,1,0,1,0,1,1,0,1,1,0,0,1,0,0,2346,0.754187245058316,0.54642030871257
1,0,0,1,0,1,0,0,1,1,1,0,1,1,1,0,1,1,0,2347,0.754285621147174,0.918087092155467
0,0,0,1,1,1,1,0,1,0,0,0,0,1,0,0,1,1,1,2349,0.754307741069674,0.837073629112161
1,0,0,0,0,1,0,0,1,0,1,1,1,1,1,0,1,0,0,2351,0.755341054544845,0.567787162721902
0,1,0,1,1,1,0,0,0,1,1,0,1,1,0,0,0,1,0,2353,0.756380952614043,0.615423534482046
0,1,1,1,0,1,1,0,1,0,1,0,1,1,1,0,1,0,0,2354,0.757342863166807,0.907234695997686
1,0,0,1,1,1,1,0,0,1,0,0,0,1,0,0,0,1,0,2355,0.757503996979101,0.620035464727713
1,0,0,1,1,0,0,0,0,0,0,1,1,1,0,0,0,1,1,2358,0.75879806802111,0.393329420711844
1,0,0,1,0,1,1,0,0,1,1,1,1,1,1,1,1,1,0,2359,0.758855119343615,0.994577727937154
0,0,0,1,1,1,1,1,0,1,1,0,0,1,1,0,1,1,0,2360,0.759631363084976,0.885667394074157
0,0,1,1,1,1,1,0,0,1,0,1,1,0,0,1,0,1,0,2363,0.761165629182263,0.67839486280098
0,0,1,0,1,1,0,0,1,0,0,1,0,1,1,0,0,1,0,2370,0.767079220681364,0.608928401847055
1,0,0,1,0,1,1,0,1,1,1,0,1,1,0,1,1,1,0,2372,0.7702133412462,0.972615737161666
1,0,0,1,0,1,0,0,1,0,1,1,0,0,0,0,1,0,0,2373,0.771394657242895,0.37376063891647
1,1,0,1,1,1,1,0,1,0,1,0,0,0,0,0,1,1,1,2374,0.771931498345698,0.930219763790295
1,0,1,1,0,1,1,0,1,1,0,0,0,1,1,1,1,0,0,2375,0.772469644773431,0.964299675757468
0,0,0,1,0,1,1,0,0,0,1,1,1,0,1,0,1,1,1,2376,0.772598451394842,0.754476947322858
0,1,0,1,0,1,0,0,1,0,1,1,1,1,0,0,1,1,0,2377,0.774643400027092,0.684775127272694
0,0,1,1,1,1,1,0,0,1,1,0,1,1,0,1,0,1,0,2378,0.777032166356557,0.854088730237201
0,0,0,1,1,0,1,0,1,1,1,0,0,1,1,1,1,0,0,2379,0.777367974277272,0.693197055588655
1,1,1,1,1,1,1,0,1,1,1,0,1,0,0,0,0,0,0,2380,0.777606697663348,0.816557549957287
0,0,0,1,1,1,0,0,0,0,1,0,1,1,1,1,1,1,0,2383,0.778868728346263,0.718794352569601
1,0,1,0,1,1,0,0,1,0,0,1,0,0,0,0,1,0,1,2385,0.7820668274292,0.564440480777722
0,0,1,1,1,1,1,0,0,1,1,0,0,1,0,0,1,1,1,2387,0.782514391615046,1.0484875965006
0,0,1,1,0,1,1,0,0,0,1,1,1,1,0,1,1,1,0,2388,0.782620578044497,0.783652600586691
1,0,0,1,1,0,0,0,0,0,1,1,1,0,0,1,0,1,0,2389,0.783675854921051,0.221859756046021
0,0,1,1,1,0,1,0,1,1,1,0,0,1,0,1,1,1,0,2392,0.786279624231359,0.83728812602744
1,0,1,1,0,1,1,0,1,0,1,0,1,1,1,0,1,1,0,2393,0.786493206472288,1.07431967230606
1,0,0,0,0,1,0,0,0,0,1,0,1,1,0,0,1,1,0,2394,0.787462716834592,0.41370412806483
1,1,0,1,0,1,1,1,1,1,0,1,1,1,1,1,0,1,0,2396,0.789479055416623,1.02949744835408
0,0,1,0,1,1,1,0,0,1,0,1,1,1,1,1,0,1,1,2397,0.791345636075982,0.992831468595898
1,1,0,1,1,0,1,0,1,1,1,0,1,1,1,1,0,0,0,2398,0.792568061074625,0.770251606513974
1,1,0,0,1,0,1,0,1,1,1,1,1,1,1,0,1,1,0,2399,0.793152882888863,0.902859008654387
0,0,1,1,0,1,1,0,1,0,1,1,0,1,1,1,1,1,1,2401,0.793792942513855,1.21402275185525
1,0,1,0,1,1,1,0,1,1,1,0,1,1,0,1,1,1,1,2402,0.793944358948191,1.32806063604134
0,0,1,1,1,0,1,0,1,1,1,0,0,1,1,1,0,1,0,2403,0.797418905081604,0.843849387251309
1,1,0,0,1,1,1,0,0,0,1,1,0,0,1,1,1,1,0,2404,0.798336859087434,0.720637232215839
1,0,1,0,1,1,0,0,0,1,0,1,0,1,0,0,1,0,0,2406,0.799715360020056,0.52614802783869
1,0,0,1,0,1,0,0,1,0,1,0,0,1,0,0,1,0,1,2407,0.802734634779404,0.62307259376731
1,1,0,1,1,1,1,0,1,0,1,0,1,1,1,0,1,1,0,2408,0.803004843813965,1.11784607771681
0,0,1,1,0,1,1,0,1,0,1,0,1,0,1,1,1,1,0,2409,0.803694169405241,0.89437736819579
1,1,1,0,1,1,1,0,1,0,1,1,0,1,1,0,0,0,0,2411,0.806682672959313,0.81280532367779
0,1,0,1,1,1,1,0,0,1,1,0,1,1,1,0,1,1,1,2413,0.807786809990978,1.20470882482301
1,1,1,1,0,1,1,0,1,1,1,0,1,1,0,1,0,1,0,2415,0.809763386247419,1.06645645294679
1,0,0,1,0,1,1,1,0,1,1,0,1,1,1,0,0,0,0,2416,0.8099594570464,0.654578036076214
0,1,0,0,0,0,1,0,1,1,0,0,0,1,0,1,1,0,0,2417,0.810202934637373,0.358967508355123
1,0,1,0,0,1,0,1,1,0,1,0,0,1,1,1,1,1,1,2419,0.813060428088676,0.984259727795762
1,0,1,1,0,1,0,0,1,0,1,1,1,0,1,1,1,1,1,2421,0.814418578938498,1.04680223443816
1,1,1,1,1,1,0,1,1,0,1,0,1,1,1,0,0,0,0,2423,0.816747001102612,0.841167294787594
0,1,1,1,1,1,1,0,0,1,1,1,1,0,0,1,1,1,0,2424,0.81715513135962,0.952826883999043
1,0,1,1,1,1,0,1,0,1,0,0,1,1,1,0,1,1,0,2425,0.817753490132525,0.952315579726684
0,0,1,1,1,1,1,0,0,1,1,1,1,1,0,0,0,1,1,2426,0.823086908675296,1.00474769950922
1,1,1,1,1,1,1,0,1,0,0,1,1,1,0,0,1,0,0,2427,0.824320757528427,0.907953494910369
0,1,0,1,1,1,0,1,1,0,1,0,1,1,1,1,0,0,1,2428,0.824999304269876,0.839776524008701
1,0,0,1,0,1,0,0,1,0,1,1,1,0,1,1,1,1,0,2429,0.826390403533677,0.73611097106563
0,0,1,1,0,1,1,0,0,1,1,1,1,1,0,0,1,1,0,2430,0.827084881326512,0.860587386098367
0,0,1,1,1,1,1,0,0,0,1,0,1,1,1,0,1,1,0,2431,0.830484355677442,0.936354458254447
0,0,1,0,0,1,1,0,1,1,1,0,1,1,1,0,1,0,0,2432,0.831990517203027,0.842543592052666
1,1,1,1,1,1,1,0,0,1,0,0,1,1,1,0,0,1,1,2433,0.832768896416827,1.2209815127171
1,0,0,1,0,1,0,0,1,1,1,0,0,1,0,1,1,0,0,2434,0.832995374969923,0.640766275986771
1,0,0,1,0,1,0,0,1,1,1,0,1,1,1,1,1,1,1,2436,0.83668743420415,1.16507791345243
1,1,1,1,0,0,1,1,0,1,1,0,1,0,0,1,1,1,0,2439,0.839079094294677,0.683913727091572
0,0,0,1,1,0,1,0,1,1,1,1,1,1,0,1,0,1,0,2441,0.843726326038869,0.668107363943976
0,0,1,0,1,1,1,0,1,1,1,0,0,1,0,1,0,0,0,2443,0.845194861649546,0.682964152733351
1,0,1,1,1,1,0,0,1,1,1,0,1,0,1,1,1,0,0,2444,0.845346696260746,0.926059589569118
0,1,0,1,1,1,0,0,1,0,0,1,1,0,1,0,1,0,0,2445,0.84659370426606,0.569346789547373
1,0,1,1,1,1,0,0,1,1,1,1,1,1,1,0,1,0,0,2447,0.8525115860543,1.0553277872851
1,1,0,1,1,1,1,1,1,1,1,1,1,1,1,1,1,1,0,2448,0.857360198922396,1.45005300744275
1,1,1,1,0,1,0,1,1,1,0,0,1,1,0,0,1,1,0,2449,0.857486702169731,0.935254343557988
0,0,1,1,1,1,1,0,1,1,1,0,0,1,0,0,0,1,1,2450,0.858097799749639,1.07001039655756
1,1,0,1,1,0,1,0,1,0,1,0,1,1,0,1,0,0,0,2451,0.859118756286388,0.524188632871902
1,0,0,0,0,1,0,0,0,1,1,1,0,1,1,1,1,1,0,2452,0.860453211061468,0.683144699749148
0,0,1,1,0,1,1,0,0,1,1,0,0,1,1,1,1,1,0,2453,0.861254643078894,0.962011810823946
1,0,1,1,1,1,0,1,1,1,0,0,1,1,0,1,0,1,0,2454,0.863874797472944,0.885731090800128
1,0,1,1,1,1,0,1,1,1,0,1,1,0,0,1,1,1,0,2455,0.865461401464453,0.908601850658704
1,1,1,1,1,1,0,0,1,1,1,1,1,1,0,1,0,1,0,2456,0.866243267579844,1.0661701360833
1,0,1,1,0,0,0,0,1,0,1,0,1,1,0,1,0,0,1,2457,0.866260280086379,0.518199724352839
1,1,1,0,1,1,1,0,1,1,1,0,1,1,1,1,1,1,0,2459,0.868173883792758,1.39790783132367
1,1,1,1,1,1,1,1,0,0,1,1,1,1,1,0,1,0,0,2461,0.869165572976181,0.994792763235754
0,1,0,1,0,1,0,0,1,0,0,1,1,1,0,1,0,1,0,2462,0.870796050952494,0.544249360696637
1,0,1,1,0,1,1,0,1,1,1,0,0,1,1,0,1,1,0,2463,0.8719591296324,1.16366555725158
0,0,1,1,1,1,1,0,1,1,0,1,1,1,1,0,1,1,0,2464,0.871960969657088,1.2090088259247
1,0,0,1,0,1,0,0,1,1,1,0,0,1,0,1,0,1,0,2465,0.872512003245277,0.657737590779633
1,0,1,1,0,1,0,0,1,0,1,1,0,1,1,1,1,1,1,2466,0.876853068792754,1.14326112630139
0,0,0,1,1,1,1,0,1,1,1,0,0,1,0,0,0,1,0,2467,0.877749852375132,0.755155490340912
0,1,0,1,1,1,0,0,1,1,1,0,0,0,1,0,1,0,0,2469,0.88113444205498,0.67799267359279
0,0,0,0,1,0,1,0,0,0,1,0,1,1,0,1,0,0,0,2470,0.881668171467151,0.102278099313146
1,0,1,1,1,1,1,0,1,1,0,0,0,1,1,0,1,0,1,2471,0.881786952371305,1.21784869163671
1,0,0,0,0,1,1,0,1,1,1,0,1,1,1,0,0,1,0,2472,0.882151605528679,0.80210848563605
0,0,0,1,1,1,1,1,1,0,1,1,0,0,1,0,1,1,0,2473,0.884275810713126,0.796456610172513
1,1,0,1,1,1,1,0,1,1,1,0,1,1,1,1,1,0,0,2474,0.885413944550907,1.16303611669109
1,0,1,1,1,1,0,0,1,0,1,0,0,1,1,0,0,1,0,2475,0.886119137337349,0.840656316787648
0,1,1,1,0,1,1,0,1,0,1,1,1,1,1,1,1,1,0,2476,0.886871563446761,1.17092815009451
1,1,0,1,1,1,0,0,0,1,0,0,1,0,0,0,1,1,0,2477,0.887340669578419,0.608169745660427
0,0,1,0,1,1,1,0,0,0,0,0,1,1,1,1,1,0,0,2479,0.887916419118553,0.651455497037034
0,0,1,1,1,1,1,0,1,1,1,1,0,1,0,1,1,1,0,2480,0.88981701498789,1.12880068270305
1,0,1,1,0,1,0,1,1,0,1,0,1,1,0,0,0,1,0,2481,0.890833165882065,0.684889414894158
1,1,0,1,0,0,1,0,0,1,0,1,1,1,0,1,0,1,0,2482,0.891619015479749,0.509473061162853
1,1,0,1,1,1,1,1,0,0,1,0,0,0,1,0,0,0,0,2483,0.892397750391977,0.516092880953835
1,0,0,1,1,1,1,0,1,1,0,0,1,1,0,1,1,1,0,2484,0.898317464699311,0.999306679751107
1,0,0,1,0,1,1,1,1,1,1,1,1,1,1,1,0,1,0,2485,0.900551530922889,1.03362994153329
1,0,1,1,1,1,1,1,0,1,1,0,0,1,1,1,1,1,0,2486,0.900789134207532,1.19391726211142
0,1,0,1,1,1,0,0,0,1,1,0,1,0,1,1,1,0,1,2487,0.901616364484949,0.798026448056224
1,1,1,1,1,1,1,0,1,1,1,1,1,1,1,1,1,1,1,2488,0.902555609739021,2.23051528618397
1,0,1,1,0,1,0,0,0,0,1,1,1,1,1,1,1,1,0,2489,0.904059867127674,0.86242842678216
0,0,0,0,1,1,1,0,1,0,1,1,1,1,1,1,1,1,0,2490,0.904388467685823,0.906973575905553
1,1,1,1,1,1,1,0,1,1,1,1,0,1,0,0,1,0,0,2491,0.907895832403684,1.07284565393988
1,1,0,1,1,1,1,0,0,1,1,1,1,1,1,0,1,0,1,2492,0.912121008967651,1.15873696841252
0,0,1,1,1,1,0,1,0,0,1,0,0,1,0,1,1,1,0,2493,0.916536693784576,0.683902906367508
1,1,1,1,1,1,0,0,1,0,1,1,0,1,1,1,1,0,0,2495,0.920093327686567,0.985615114930915
1,1,1,1,0,1,1,0,1,1,1,0,1,1,0,0,0,1,0,2496,0.921453814279164,1.00689163815059
1,1,1,1,1,1,1,0,1,1,1,1,1,1,0,0,0,1,0,2497,0.922131974995992,1.16528282448918
1,1,0,1,1,1,1,0,1,1,1,0,1,0,1,0,1,1,0,2498,0.923858175938604,1.10870234329485
1,1,1,1,1,1,0,1,1,1,1,1,1,0,1,1,1,0,0,2499,0.92585515111151,1.06006464165971
0,0,0,1,1,1,1,0,0,1,1,0,0,1,0,1,1,1,1,2501,0.926700684067275,0.953298727713023
1,0,0,1,1,0,0,0,1,0,0,0,0,1,1,0,0,1,1,2502,0.927594014408541,0.570952634192434
1,1,0,1,1,1,1,0,0,1,1,1,1,1,0,1,1,1,1,2506,0.936497181473456,1.24338895957645
0,1,0,1,1,1,1,1,0,0,1,0,1,1,0,0,1,1,0,2507,0.938834889308314,0.753255776040245
0,0,1,1,0,1,0,0,1,0,1,1,1,1,1,0,1,1,0,2508,0.941470981491402,0.87802435696039
0,1,1,1,1,1,0,0,1,0,1,0,1,1,1,1,0,1,0,2509,0.942016452656043,0.947508758264178
0,0,0,1,0,1,0,0,1,0,1,1,1,1,1,0,1,1,0,2510,0.947002217039675,0.742462229169761
1,1,1,1,1,1,1,0,1,0,1,0,1,0,1,0,1,1,0,2512,0.94787646961487,1.11833020428982
1,1,1,1,1,1,1,0,1,1,0,1,0,1,0,0,1,0,1,2513,0.94968789256383,1.17926833945311
0,1,0,1,1,1,1,1,1,0,1,0,1,1,0,0,1,0,0,2515,0.953442498075842,0.753433375152516
0,1,1,0,1,1,1,0,0,1,0,0,1,1,1,1,1,1,0,2517,0.958421090583098,0.999254512196206
1,1,1,1,1,1,0,0,1,1,0,1,0,1,0,0,1,1,0,2518,0.959042239810004,0.999789412808355
0,0,1,1,1,1,1,0,0,1,1,1,0,1,1,0,1,1,0,2519,0.959783187535332,1.05221940483892
0,0,0,1,1,1,1,1,0,1,1,0,1,1,0,0,1,1,0,2520,0.960739738180315,0.8083657769244
0,0,0,1,0,1,0,1,1,0,1,0,0,1,0,1,1,0,1,2521,0.962736098540899,0.613686569320903
1,0,1,1,1,1,1,0,1,0,1,0,1,1,0,1,1,1,0,2522,0.962925684886342,1.0968611370894
1,1,0,1,0,1,0,1,1,1,1,0,1,1,0,1,1,1,0,2523,0.963814943149215,0.925756543304627
1,0,1,0,1,1,1,0,1,1,0,0,1,1,0,0,1,1,0,2529,0.976224531182863,0.961366700629365
0,1,0,1,1,1,0,0,1,1,0,1,0,1,1,0,1,1,0,2530,0.977049004797387,0.911430494907149
1,0,0,1,1,1,1,0,0,1,1,0,0,1,0,1,1,0,0,2532,0.978541356525788,0.723105732907355
1,1,0,1,0,0,1,0,1,1,0,0,0,1,1,1,1,1,1,2533,0.979494144446131,0.975844289673473
0,1,0,1,1,1,1,0,0,1,1,0,1,0,0,0,0,1,1,2535,0.979730682824465,0.76428043314554
1,1,1,1,0,0,1,0,1,0,1,0,0,1,1,0,1,1,0,2536,0.980103213078291,0.840093071984008
1,0,0,1,0,1,1,0,1,0,1,1,1,1,1,0,1,1,0,2539,0.982169887179813,0.955418410731448
0,1,0,1,1,1,1,0,1,1,1,0,0,0,0,0,1,1,1,2543,0.990207655595489,0.985416195365224
1,0,0,1,1,1,1,0,1,1,1,0,1,1,0,1,1,0,0,2544,0.993347874632785,0.924595220025249
1,0,1,0,1,1,0,1,1,0,1,0,1,1,0,1,1,1,1,2545,0.994072084515604,1.01070472636882
1,1,1,1,1,1,1,0,1,0,1,1,1,1,0,0,1,1,0,2546,0.994950874104905,1.16233033330754
1,1,1,0,1,1,0,0,1,1,1,1,1,1,0,1,1,1,0,2547,0.996438672077186,1.07467391637356
1,1,0,1,1,1,1,0,0,1,0,1,1,0,1,1,1,1,1,2548,0.997230107557217,1.1385059474837
1,1,1,1,1,1,0,0,1,1,0,0,0,1,1,1,0,0,0,2549,0.99731524896037,0.873415122604763
0,1,1,1,1,1,1,0,0,1,0,1,1,1,1,1,0,1,0,2552,1.00815217289099,1.02696838931316
1,1,1,1,1,1,0,0,1,0,0,0,1,1,1,1,0,1,1,2553,1.00876164907056,1.13683249941046
1,0,0,1,1,1,1,0,0,1,1,0,0,1,1,0,1,0,1,2554,1.01243280991445,0.96920922888576
0,0,1,1,1,1,1,0,0,0,1,1,1,1,0,0,1,1,0,2559,1.01888642032644,0.831607124502353
1,0,1,1,1,1,0,0,1,1,1,0,1,0,0,1,1,1,0,2561,1.02093076667518,0.938458665803737
1,1,0,1,1,1,1,0,1,1,1,0,1,1,1,1,1,1,0,2564,1.0264169269606,1.36976483932965
0,1,0,1,1,1,0,0,1,0,0,1,1,1,1,1,1,1,1,2566,1.03043874611858,1.06812373876691
1,0,1,1,1,1,0,0,0,1,0,1,0,1,1,1,1,1,0,2567,1.03246579714218,0.96383501394933
0,1,1,1,1,1,1,1,1,1,1,1,0,1,1,0,0,1,0,2568,1.03362769032031,1.18441713025681
0,0,1,1,1,1,1,0,1,1,1,0,0,1,0,0,1,1,0,2569,1.03501393770239,1.0292536032077
0,1,0,1,1,1,1,0,1,1,1,0,0,0,1,1,1,1,0,2570,1.03551484374901,1.01136397952974
1,0,1,1,1,1,1,1,0,1,1,1,1,0,1,1,1,0,0,2571,1.03566588663828,0.96374052164888
1,0,1,1,0,1,1,0,0,1,1,0,1,1,1,1,1,1,0,2572,1.03720148931401,1.11750457550027
1,1,0,1,1,0,0,1,1,0,1,1,1,1,0,1,0,1,1,2573,1.0399944816179,0.731790187461395
1,0,1,1,1,1,1,0,0,1,1,0,0,1,1,1,1,1,0,2574,1.04115935233464,1.17267193669156
0,0,1,0,1,1,1,0,0,0,1,1,1,1,1,1,1,1,1,2575,1.04213675813661,1.07772406746449
0,0,0,0,1,1,1,1,1,0,1,1,1,1,1,0,0,1,0,2578,1.04695974418442,0.744844103470689
1,1,1,1,0,1,1,0,0,1,1,0,1,0,1,1,1,0,0,2579,1.04706827756047,0.883663883368714
1,0,1,1,1,1,0,0,1,0,1,0,1,1,0,0,1,1,1,2580,1.04741587323926,1.07023072167219
1,0,1,1,1,1,1,1,1,1,1,1,0,1,0,1,1,1,1,2582,1.05058451906425,1.51620288327578
1,0,1,1,0,1,0,0,1,1,1,1,0,1,1,1,1,1,0,2583,1.05070077893919,1.10266750971327
1,0,1,1,1,1,1,0,1,1,1,0,1,1,1,0,1,1,0,2585,1.05283605373815,1.39005841655803
1,0,1,1,1,1,1,0,1,1,1,0,1,1,0,1,1,1,1,2592,1.06469758042553,1.53303659783121
1,1,1,1,1,1,1,0,0,0,1,1,1,1,0,1,0,1,1,2596,1.06859315922847,1.08990582670458
0,1,0,1,1,1,0,0,0,1,1,0,0,1,1,1,1,1,0,2597,1.06882725599248,0.860926348314159
1,0,1,1,1,1,1,0,1,0,0,1,1,1,0,1,1,1,0,2599,1.07245410496186,1.0442912349763
1,0,1,1,1,1,0,0,1,1,1,0,1,1,0,1,1,0,1,2601,1.0804941834614,1.11348439889029
1,0,1,1,1,1,1,1,0,1,1,0,1,0,0,0,1,1,1,2603,1.08106996098614,1.06542218026909
0,0,0,1,1,1,0,0,0,1,1,1,1,1,1,1,1,1,1,2604,1.08575551320287,1.05349790122082
1,0,1,0,1,1,1,0,1,0,1,1,0,1,1,1,0,1,0,2605,1.08636307931461,0.940331882218278
1,0,1,0,1,1,0,1,1,1,0,1,1,0,1,1,1,0,1,2606,1.08644573321619,0.940983711566739
1,1,1,1,0,1,1,0,0,0,1,1,1,1,1,0,1,0,0,2608,1.08815424047919,0.87073008221692
0,0,0,1,1,1,1,0,1,0,1,1,1,1,0,1,0,1,0,2609,1.08847572322888,0.765937288642568
1,0,1,1,0,1,1,0,0,1,1,0,1,1,1,1,1,1,0,2610,1.08874079972433,1.11750457550027
0,1,1,1,1,1,0,0,1,1,1,0,1,1,0,1,1,1,0,2611,1.08948091436,1.08629518114304
0,1,1,1,1,1,1,0,1,0,0,0,1,1,0,1,1,0,1,2613,1.09570278241913,1.02091361977785
1,0,1,1,1,1,1,0,1,0,1,0,1,1,1,0,1,1,0,2614,1.09640789046203,1.20026373294277
1,0,1,1,1,1,0,0,1,0,1,0,1,1,0,0,1,1,1,2615,1.09652362666565,1.07023072167219
0,1,1,0,0,1,1,1,1,1,1,1,1,1,1,0,1,1,0,2616,1.09663530239595,1.13764335124988
1,1,1,1,1,1,1,0,1,1,1,0,1,1,0,0,1,0,0,2619,1.10577767906945,1.10280035683711
1,1,0,1,1,1,1,1,0,0,1,0,1,1,1,0,0,1,1,2622,1.11586036306157,1.00750792322537
0,1,0,1,0,1,0,0,1,1,0,0,1,1,0,0,1,1,1,2624,1.11755566031784,0.863038560151642
1,1,1,1,1,1,1,1,0,1,1,0,1,1,1,0,1,1,1,2625,1.11804440333415,1.58352410039528
0,1,0,1,1,1,1,1,1,0,1,0,0,1,1,1,1,1,0,2626,1.11868519719819,1.03830531465167
1,1,1,1,1,1,0,0,1,0,0,1,1,1,0,0,0,1,1,2628,1.12206686326139,0.958744787650591
1,1,1,1,1,1,0,0,1,1,1,0,0,1,1,1,1,1,1,2629,1.1227774389559,1.56655082105223
1,1,0,1,0,1,1,0,1,1,1,0,1,1,1,1,1,1,0,2630,1.12435392903369,1.22209194057872
0,1,0,1,1,1,1,1,1,1,1,0,0,1,0,1,1,0,1,2631,1.12982389311939,1.05295474483583
1,1,1,1,1,1,1,0,0,1,1,1,1,1,1,0,1,1,1,2634,1.13401319060355,1.61642201208438
1,1,0,1,1,1,1,0,1,0,0,0,0,1,1,0,1,0,0,2638,1.14955996289986,0.814319480114157
0,0,1,1,1,1,1,1,1,0,0,0,0,1,1,0,1,1,0,2639,1.15008803009242,0.96705513723767
1,1,1,1,1,1,1,0,0,1,1,0,0,1,0,1,1,1,0,2641,1.16026816218385,1.09662686621294
0,0,0,1,0,1,0,1,1,1,1,0,1,1,1,0,1,1,0,2642,1.16141064947699,0.8541806540486
1,1,0,1,1,1,0,0,1,1,1,1,0,1,1,0,1,1,0,2644,1.16585039828253,1.08361216003282
0,1,0,1,1,1,1,0,1,0,1,0,1,1,1,0,1,1,1,2645,1.16606405807019,1.22646949147027
1,1,0,1,1,1,1,0,0,1,0,0,0,1,0,0,1,1,0,2646,1.16864860824951,0.809945501459436
1,1,1,1,1,1,1,1,1,1,0,0,1,1,1,1,1,1,1,2647,1.16978289012577,1.88582370182697
1,1,1,1,1,0,0,0,1,1,1,0,1,1,1,1,1,0,0,2648,1.16989592474491,0.902093594972445
1,1,1,1,1,1,1,0,1,1,1,0,0,1,1,1,1,1,1,2649,1.17011910987126,1.89595124808743
0,0,0,1,1,1,1,0,0,1,1,0,1,0,1,1,0,1,1,2650,1.17129316635348,0.876225049046039
1,0,1,1,0,1,1,0,1,1,1,0,1,1,0,0,1,0,0,2651,1.17359624493854,0.90859010786416
1,0,1,1,1,1,0,1,1,1,0,1,0,1,0,1,1,1,0,2652,1.17698709532873,0.994681357691315
1,0,1,1,1,1,0,1,1,1,1,1,1,1,1,1,1,1,1,2654,1.17803213105003,1.63446619101729
1,1,0,1,1,0,1,0,1,1,1,0,1,1,0,0,1,1,0,2656,1.17846977788081,0.856117685423146
1,1,1,1,1,1,0,0,1,0,0,1,0,1,0,1,1,1,1,2659,1.1854990297591,1.09803428487557
1,1,1,0,1,1,1,0,1,0,1,0,1,1,1,0,1,1,1,2660,1.18604513178651,1.36705660584032
1,1,1,1,0,1,1,0,1,1,1,0,1,1,1,1,1,1,0,2661,1.18931912473252,1.43032341923478
1,0,1,1,1,1,0,0,1,1,0,1,1,1,1,0,0,1,0,2662,1.19107815410701,0.989383140050513
1,1,0,1,1,1,1,0,1,1,1,0,1,1,1,0,0,1,0,2663,1.19153111052359,1.12067886889901
1,1,1,1,0,0,1,1,0,1,1,0,1,1,0,0,1,1,1,2664,1.19312968962073,0.928122475290568
1,0,1,1,1,1,1,1,1,0,0,0,0,1,1,1,1,1,1,2666,1.1975259846168,1.33903116636849
1,1,1,1,1,1,1,1,1,0,1,1,1,1,0,1,0,1,1,2667,1.19756191828596,1.30436869038486
0,1,1,1,1,1,1,0,1,1,1,0,1,1,0,0,1,1,1,2668,1.19813737290067,1.42856124104143
1,0,1,1,1,1,1,0,1,1,1,0,1,1,1,1,1,0,1,2669,1.19935902376724,1.51067626980806
1,1,1,1,1,1,1,1,1,0,0,1,0,1,1,0,1,1,1,2671,1.20245856788685,1.4241361302589
1,0,1,1,1,1,1,1,1,1,1,1,1,1,1,0,1,1,0,2672,1.20254666941656,1.4723954485392
1,1,0,1,1,1,1,0,0,1,1,0,0,1,0,1,1,1,0,2678,1.2085185229522,0.941299448689273
1,0,1,1,0,0,1,0,1,0,1,0,1,1,0,1,1,1,0,2680,1.21449307061214,0.744543984032486
1,1,0,0,1,1,1,0,1,1,1,0,1,1,1,1,1,1,0,2681,1.21660342009165,1.1961872642171
1,0,0,1,0,1,0,1,1,1,1,0,1,1,1,1,1,1,1,2682,1.21737267262936,1.18616585867621
0,1,1,1,1,1,1,0,1,1,1,1,1,0,1,0,1,1,0,2683,1.2178216519687,1.22560439873762
1,0,1,1,1,1,1,1,1,1,0,1,1,1,1,1,1,1,0,2684,1.22048294145698,1.42949905289593
1,1,1,1,1,1,1,1,1,1,1,0,1,1,1,1,1,1,0,2686,1.23247167633849,1.65989099480338
0,0,1,1,1,1,1,1,1,1,1,1,1,1,1,0,1,1,1,2688,1.2338514344496,1.63984732790577
1,0,1,1,1,1,1,1,1,1,1,1,1,1,1,1,1,1,0,2689,1.23640152128616,1.571722491364
1,0,1,1,0,1,1,1,1,0,1,0,1,1,0,0,1,1,1,2690,1.23838528645543,1.12868545124822
1,0,1,1,1,0,1,0,1,0,1,0,1,1,0,0,1,1,1,2691,1.24544767866529,0.95772390427218
1,0,0,0,0,1,1,1,1,1,1,1,1,1,0,0,1,1,1,2692,1.24651409102548,1.01533581445681
0,1,1,0,1,1,1,1,1,0,1,0,1,1,1,1,1,1,0,2693,1.24764760570492,1.12677541029016
1,0,1,1,1,1,1,0,1,1,0,0,1,1,0,1,1,1,1,2694,1.25041917720784,1.39686310378957
1,0,0,1,1,1,1,0,1,0,1,1,1,1,0,1,1,1,1,2695,1.25165840414134,1.16766988909048
1,1,0,1,1,1,1,0,1,1,1,0,1,1,1,1,1,0,0,2698,1.26096232924608,1.16303611669109
0,1,1,1,1,1,1,0,1,0,1,0,0,1,1,0,1,1,0,2700,1.26540652316484,1.12045710849151
1,0,0,1,1,1,0,0,1,1,0,1,0,1,1,0,1,1,1,2704,1.28104573625582,1.09937238189137
1,0,1,1,1,1,1,0,1,0,1,1,0,1,1,0,1,1,0,2707,1.28313696749501,1.16753252175902
1,1,1,1,0,1,1,1,1,1,1,0,1,1,0,1,0,1,0,2711,1.29317449615708,1.08571468116223
1,1,1,1,1,1,1,0,1,1,0,0,0,1,1,1,1,1,1,2712,1.29337149547499,1.68963679301878
0,0,1,1,0,1,1,0,0,1,1,1,1,1,1,0,0,1,0,2713,1.3016184076406,0.867236365802131
1,1,1,1,1,1,1,0,1,1,1,1,1,0,0,0,1,1,0,2715,1.31032416037285,1.15280521954662
1,1,1,1,1,1,1,0,1,1,1,0,1,1,1,1,0,1,1,2716,1.31242870052441,1.70426447622339
1,1,0,1,1,1,1,1,1,1,1,0,1,1,1,1,1,1,0,2718,1.31921645157428,1.39606116654945
0,0,1,1,1,1,0,0,0,1,1,0,1,1,1,1,1,0,1,2719,1.32092144190229,1.00794797873246
0,0,1,1,1,0,0,0,1,0,1,0,1,1,0,1,1,1,1,2720,1.32118377279551,0.794772162573747
1,1,1,0,1,1,1,0,1,1,0,1,1,1,1,1,1,0,1,2721,1.32683179521583,1.35355225592865
1,1,1,1,1,1,0,0,0,1,1,0,1,1,0,0,1,1,1,2724,1.33029364419129,1.13908155309611
1,1,1,1,1,1,1,0,1,1,1,0,1,1,0,1,1,1,0,2726,1.33127212046427,1.3755471107867
0,0,1,1,1,1,1,0,1,1,1,0,1,1,1,1,1,1,0,2727,1.33324599205671,1.34803083488319
1,1,1,1,1,1,1,0,0,0,1,0,1,1,1,1,1,1,1,2728,1.33835300501434,1.40989858144722
0,1,1,1,1,1,1,0,0,1,1,0,1,1,0,1,1,1,0,2732,1.34167843301502,1.07101085862599
0,1,1,1,0,1,1,0,1,1,1,0,0,1,1,1,1,1,0,2733,1.34464305229089,1.22497825196171
1,1,0,1,1,1,1,1,1,1,1,1,1,1,1,1,1,1,1,2734,1.34590340765079,1.8017616899715
1,1,1,1,0,0,1,0,1,1,1,0,1,1,1,1,1,1,0,2738,1.35122744830853,1.10016322166846
1,1,1,1,1,1,1,0,0,1,1,0,1,1,1,0,0,1,1,2739,1.35359989403451,1.33074050730901
1,1,1,0,1,1,1,1,1,1,1,0,1,1,1,0,1,1,0,2741,1.35410673693468,1.34104617728386
1,1,1,1,1,1,1,0,1,1,1,1,1,1,1,1,1,1,1,2743,1.35519478020134,2.23051528618397
1,1,1,1,1,1,1,0,1,1,1,0,1,1,1,1,1,1,1,2744,1.35547044951754,2.09454303839798
1,1,0,1,1,1,1,1,1,1,1,0,0,1,1,1,1,1,1,2745,1.35643919418113,1.59046121476185
0,0,1,1,1,1,1,1,1,1,1,1,0,1,1,0,1,1,1,2746,1.36012350848753,1.52273261329016
1,1,1,1,0,1,1,0,1,1,1,0,1,1,1,1,1,1,1,2747,1.36031996331748,1.77114134090828
1,0,1,1,1,1,1,0,1,0,1,1,1,0,1,0,1,1,0,2748,1.36365342987622,1.06905505406752
1,1,1,1,1,1,1,0,0,1,1,0,1,1,0,1,1,1,1,2749,1.36389349024627,1.40283765672711
1,0,0,1,0,1,1,0,1,1,1,0,0,1,1,1,1,1,1,2750,1.36424450011891,1.26752202661589
1,1,1,1,1,1,1,1,1,0,1,0,1,1,0,0,1,1,0,2751,1.36621188550997,1.14254714497594
0,1,1,1,1,1,1,0,1,1,1,0,1,1,1,0,1,1,1,2752,1.36708984212552,1.69675983203803
1,1,1,1,1,1,0,0,1,1,1,0,1,1,1,0,0,0,1,2753,1.36940313431051,1.14755373334148
1,1,1,1,1,1,1,0,1,1,1,1,1,1,1,1,1,1,1,2755,1.37059771322139,2.23051528618397
1,1,1,1,0,1,1,1,1,1,1,1,1,1,1,1,1,1,1,2756,1.37146205208776,1.90944609039704
1,1,1,1,0,1,0,0,1,1,1,0,0,1,1,0,1,1,1,2757,1.37332551966002,1.30449169567785
0,0,1,1,1,1,0,1,1,1,1,0,0,1,1,1,1,1,0,2759,1.37478895737509,1.11082819709324
1,1,1,1,0,1,1,0,1,1,1,0,1,1,0,1,1,1,1,2761,1.38408327113045,1.48078160512867
1,0,0,1,1,1,0,1,1,1,1,0,1,1,1,1,1,0,1,2762,1.38534540428381,1.12906676167545
1,1,0,1,1,1,1,1,1,1,1,1,1,1,0,0,1,1,0,2765,1.38743092110321,1.17313425340546
1,0,1,1,1,1,1,0,1,0,0,0,1,1,0,1,0,1,0,2766,1.3908111621002,0.872410293856323
1,0,1,0,1,1,1,0,0,1,1,1,0,1,0,0,0,1,1,2767,1.39671340459212,0.898852105406301
1,1,1,1,1,1,1,0,1,1,0,1,1,0,1,1,1,1,0,2768,1.39773361533365,1.30200940545728
1,1,1,0,1,1,1,0,1,1,1,1,0,1,1,1,1,1,0,2771,1.4003283922225,1.35765849484349
1,1,1,1,0,1,1,1,1,0,1,0,1,1,0,1,1,1,1,2773,1.40459813715827,1.29653547289
1,1,1,1,0,1,1,0,1,1,1,0,0,1,1,1,1,1,1,2774,1.40572502168934,1.63429005799001
1,1,1,1,1,1,0,0,1,1,1,0,1,1,1,0,1,1,0,2776,1.41316247960941,1.29735687382172
1,1,0,1,1,1,1,0,1,0,1,1,1,1,0,1,1,1,0,2779,1.41774207980509,1.05807733432199
1,1,1,0,1,1,1,0,1,1,1,0,1,0,0,1,1,1,0,2781,1.42283845390224,1.03274801695857
1,0,1,1,1,1,1,0,1,1,1,1,1,1,1,1,1,1,1,2782,1.424112266706,1.94676693273349
1,0,1,1,1,1,1,0,1,0,1,0,1,1,1,1,1,1,1,2783,1.42615699869025,1.54131455011543
1,1,1,1,1,1,1,1,1,1,1,0,1,1,1,1,1,1,0,2784,1.42845762754008,1.65989099480338
1,0,1,1,1,1,1,0,1,1,1,0,1,1,1,1,1,1,0,2785,1.42867364522918,1.47935778364738
1,0,1,1,1,1,1,1,1,1,1,0,1,1,0,1,1,1,1,2788,1.44584332776677,1.56519640505685
1,1,0,1,1,1,1,0,1,1,1,0,1,1,1,0,1,1,1,2789,1.45102763371834,1.56717678540674
1,1,1,1,1,1,1,1,1,0,0,1,1,1,1,1,1,1,1,2790,1.4524458917094,1.63365847695259
1,1,1,1,1,1,1,0,1,1,1,1,1,1,1,1,1,1,1,2792,1.46328398693944,2.23051528618397
1,1,1,1,0,1,1,0,1,1,1,0,0,1,1,1,0,1,1,2793,1.46423557016103,1.39400344670221
1,0,1,1,1,1,1,0,0,1,1,0,1,1,1,1,1,1,1,2794,1.46449741267519,1.51032772367384
0,1,1,1,1,1,1,0,1,1,1,1,1,1,1,1,1,1,1,2795,1.46627222335319,1.92868346154423
1,1,0,1,1,1,0,0,1,1,1,0,1,1,0,1,1,1,0,2796,1.46700021649064,1.01779738777601
1,0,1,1,1,1,0,1,1,0,1,0,1,1,1,1,1,1,0,2798,1.47237566389798,1.11786350463192
1,0,1,1,1,1,1,1,1,1,1,0,1,1,0,1,1,1,0,2799,1.47366481567304,1.28917645195096
1,1,1,1,1,1,1,0,1,1,1,0,1,1,1,1,1,1,1,2800,1.48031064903531,2.09454303839798
1,0,1,1,1,1,1,1,1,1,1,0,1,1,1,0,1,1,1,2801,1.48063647952784,1.75072757587524
0,1,1,1,1,1,1,0,1,1,1,1,1,1,0,1,1,1,1,2802,1.48067608208529,1.58574059360481
1,1,1,0,1,1,0,1,1,1,1,0,1,1,1,0,1,1,1,2803,1.48189491538466,1.38795944311714
1,0,1,1,1,1,0,0,0,1,1,1,1,1,1,1,1,1,0,2806,1.49914306019532,1.11720518591237
1,1,1,1,1,1,0,0,1,1,1,1,1,1,1,0,1,1,1,2807,1.49951968024611,1.64467124553221
1,1,1,1,1,1,1,0,1,1,1,1,1,1,0,1,1,1,0,2808,1.50431252404444,1.42820963017741
1,1,1,1,1,1,1,0,1,1,1,1,1,1,1,0,1,1,1,2809,1.50454761849575,2.01865794295704
1,1,1,1,1,1,1,0,1,1,1,1,0,1,1,1,1,1,1,2810,1.50528328720083,2.00110949014081
1,1,1,1,1,1,1,0,0,0,1,0,1,1,1,0,1,1,1,2811,1.50671813223432,1.32723765394552
1,0,1,1,1,1,1,0,1,1,0,0,0,1,1,1,1,1,1,2813,1.51140923956948,1.53387409635434
1,0,1,1,1,1,1,1,1,1,1,1,1,1,1,1,1,1,1,2814,1.51230273676135,2.00225198343924
1,1,1,1,1,1,1,1,1,0,1,1,1,1,1,0,1,1,1,2815,1.51439855408461,1.68954678730663
1,0,0,1,1,1,1,0,1,1,1,1,0,1,0,1,1,1,1,2817,1.52968794139389,1.26576189560913
1,1,1,1,1,1,1,1,1,0,1,1,1,1,1,0,1,1,0,2818,1.53028344677422,1.37617884419632
1,0,1,0,1,1,1,0,1,1,1,1,1,1,1,1,1,1,1,2819,1.53072371253374,1.62681145835578
1,0,1,1,1,1,1,0,1,1,1,1,1,1,1,0,0,1,0,2820,1.53443356879437,1.24671157026162
0,1,1,1,1,1,1,0,1,1,1,0,0,1,1,1,1,1,1,2821,1.54296649528417,1.68508664928187
1,1,1,1,1,1,1,0,1,1,0,0,1,1,1,0,1,1,0,2822,1.54574214369504,1.38417418085207
1,1,1,1,1,1,1,0,1,0,1,0,1,1,1,1,1,1,0,2824,1.55068077718898,1.38238656581536
1,0,1,1,1,1,1,1,1,1,1,1,1,1,1,1,1,1,0,2825,1.55718039913134,1.571722491364
1,0,1,1,1,1,1,0,1,0,1,0,1,1,1,1,1,1,1,2828,1.56492729625806,1.54131455011543
1,1,1,1,1,1,1,0,1,1,1,1,1,1,1,1,1,1,0,2830,1.5658666106534,1.69626736286571
1,1,0,1,1,1,1,1,1,1,1,0,1,1,1,1,1,1,1,2831,1.57287084253477,1.71910723714987
1,1,1,1,1,1,1,0,1,1,1,0,1,1,1,0,1,1,1,2833,1.57994536002817,1.91131525513558
1,1,1,1,0,1,1,0,1,1,1,0,1,1,1,0,1,1,0,2834,1.58137094839129,1.34578804412752
1,1,0,1,1,1,1,0,1,1,1,1,0,1,0,0,1,1,1,2835,1.58194680510169,1.29586959237528
1,1,1,1,1,1,1,0,1,0,1,0,1,1,1,1,1,1,1,2836,1.5837919615727,1.69872768332952
0,1,1,1,1,1,1,1,1,1,1,0,1,1,1,0,1,1,1,2837,1.58634311878612,1.73663534166128
1,0,1,1,1,1,1,0,1,1,1,1,0,1,1,0,1,1,1,2839,1.59564455249854,1.65153487224018
1,0,1,1,1,1,1,0,1,1,1,1,1,1,1,0,1,1,1,2840,1.60683626163901,1.7917792749152
1,1,1,1,1,1,1,1,1,1,1,0,1,1,1,1,0,1,0,2841,1.60939419545077,1.41292469238942
1,0,0,1,1,1,1,0,1,1,0,1,0,1,1,0,1,1,1,2842,1.61200172274116,1.27339740014815
1,0,1,1,1,1,1,0,1,1,1,0,1,1,1,0,1,1,0,2844,1.61701399834431,1.39005841655803
1,1,1,1,1,1,1,0,1,0,1,1,1,1,0,1,1,1,1,2845,1.61955713262148,1.48627042986275
1,0,1,1,1,1,1,0,1,1,1,1,1,1,1,0,1,1,0,2846,1.62143215302299,1.44365588824731
1,1,1,1,1,1,1,0,1,1,1,1,1,1,1,0,1,1,1,2848,1.62386686623519,2.01865794295704
1,1,1,1,1,1,0,0,1,1,1,0,0,1,1,1,1,1,1,2849,1.62478983830001,1.56655082105223
1,1,1,1,1,1,1,0,1,1,1,0,1,1,1,1,1,1,1,2850,1.62645369622029,2.09454303839798
1,1,1,0,1,1,1,0,1,1,1,1,1,1,1,1,1,1,1,2851,1.6266773458867,1.80484462953335
1,0,1,1,1,1,1,0,1,0,1,1,1,1,0,1,1,0,0,2853,1.63117124027258,0.967098060617948
1,1,1,0,1,1,1,0,1,1,1,0,1,1,1,1,1,1,1,2855,1.63481795269695,1.72187598816042
1,0,1,1,0,1,1,0,1,1,0,1,1,1,1,0,1,1,1,2856,1.64351755260951,1.41846582549774
1,1,1,1,1,1,1,0,1,1,1,1,1,1,0,0,1,1,0,2858,1.64660285399922,1.34387120008596
1,1,0,1,1,1,1,1,1,1,1,0,1,1,1,0,1,1,0,2859,1.65950267457292,1.31463427788735
1,1,1,1,1,1,1,0,1,1,1,0,0,1,1,1,1,1,1,2860,1.65960705991956,1.89595124808743
1,1,1,1,1,1,1,0,1,1,1,1,1,1,1,0,1,1,0,2861,1.66262433159752,1.58113577569219
0,1,1,1,1,1,1,0,1,1,1,0,1,1,1,1,0,1,0,2862,1.66426925106689,1.26721455479904
1,0,1,1,1,1,1,1,1,1,1,1,1,1,1,0,1,1,0,2866,1.67239947939692,1.4723954485392
1,1,1,1,1,1,1,1,1,1,1,1,0,1,1,1,1,1,1,2868,1.67433909211285,2.06057886385859
1,1,1,1,1,1,1,0,1,1,1,1,1,1,1,1,1,1,1,2869,1.67527872624134,2.23051528618397
1,0,1,1,1,1,1,0,1,1,1,0,1,1,0,0,1,1,1,2870,1.67808556549991,1.43808086244449
1,0,1,1,1,1,0,1,1,1,0,0,0,1,0,0,1,1,1,2872,1.68632536803037,1.08498794082199
0,0,1,1,1,1,1,0,1,1,1,1,0,1,0,1,1,1,1,2874,1.70876729676538,1.35364174989684
1,1,1,1,1,1,1,0,1,1,1,0,1,1,1,1,1,1,1,2875,1.71396155970344,2.09454303839798
1,0,1,1,1,1,1,0,1,1,1,0,1,1,1,1,1,1,1,2876,1.72130802511507,1.8481720585375
1,0,1,1,1,1,1,0,1,1,1,0,1,1,1,1,1,1,1,2878,1.72839924481236,1.8481720585375
0,1,1,1,1,1,1,0,1,1,1,1,1,1,0,1,1,1,0,2879,1.73629373323951,1.30392647464658
1,1,1,1,1,1,1,1,1,0,1,0,1,1,1,0,1,1,1,2880,1.74338996770871,1.61757752717661
0,1,1,1,0,1,1,1,1,1,1,1,1,1,1,0,1,1,0,2882,1.74872186448334,1.30006208118101
1,1,0,1,1,1,1,1,1,1,1,1,0,1,1,0,1,1,1,2883,1.7498400351291,1.54961471509812
1,0,1,1,1,1,1,1,1,1,1,0,0,0,1,1,1,1,1,2886,1.7575164018733,1.4522030860469
1,0,1,1,1,1,1,0,1,1,1,0,1,1,0,0,1,1,1,2887,1.76579153990729,1.43808086244449
1,1,1,1,1,1,1,0,1,1,1,1,1,1,1,0,1,1,1,2888,1.76757303819479,2.01865794295704
1,0,0,1,1,1,1,0,1,1,1,1,1,1,0,1,1,1,1,2891,1.77572260566997,1.35032844530754
0,1,0,1,1,1,1,1,1,1,0,0,1,1,1,1,1,1,1,2893,1.78926350634938,1.40860395176691
1,0,1,1,1,1,1,1,1,1,1,0,1,1,1,1,1,1,1,2896,1.7986034531486,1.89695247197108
1,1,1,1,1,1,1,0,1,1,1,1,1,1,1,1,1,1,0,2897,1.80153452507289,1.69626736286571
1,1,1,1,1,1,1,0,1,1,1,0,1,1,1,1,1,1,1,2898,1.82616019405289,2.09454303839798
1,0,1,1,1,1,1,1,1,1,1,1,0,1,0,1,1,1,1,2899,1.82675522193346,1.51620288327578
1,1,1,1,1,1,0,0,1,1,1,1,0,1,1,0,1,0,1,2900,1.85053610271952,1.2855327074497
1,1,1,1,1,1,1,1,1,1,1,1,1,1,1,1,1,1,1,2901,1.85168895411028,2.30876382230342
1,1,0,1,1,1,1,1,1,1,0,0,0,1,1,1,0,1,1,2903,1.85382671017327,1.24793809450246
1,1,1,1,1,1,1,0,1,1,1,0,0,0,1,0,1,1,1,2906,1.85913675268943,1.46031244525408
1,1,1,1,1,1,1,0,1,1,1,0,1,1,1,1,1,1,1,2907,1.86223232484203,2.09454303839798
1,1,1,1,1,1,1,1,1,1,1,0,0,1,1,1,1,1,0,2908,1.8631260080374,1.53997045114901
1,1,1,1,1,1,1,1,1,1,1,0,1,1,1,1,1,1,1,2909,1.87445436000214,2.16130543737996
1,1,1,1,1,1,1,0,1,1,1,1,1,1,1,0,1,1,1,2910,1.87820265236664,2.01865794295704
1,0,1,1,1,1,1,1,1,1,1,0,0,1,1,1,1,1,1,2911,1.87859046384578,1.73821396241044
1,1,1,1,1,1,1,1,1,1,0,1,1,1,1,1,1,0,1,2912,1.87930444541479,1.59930232831302
1,1,0,1,1,1,1,1,1,1,1,0,1,0,1,1,1,1,1,2914,1.88664775501675,1.43884801365788
1,1,1,1,0,1,1,0,1,1,1,1,1,1,1,0,1,1,1,2915,1.89383241385173,1.71993401562515
1,0,1,1,1,1,1,0,1,1,1,1,1,1,1,1,1,1,0,2918,1.89650384998716,1.53930271144748
1,0,1,1,1,1,1,0,1,1,1,0,1,1,1,1,1,1,1,2920,1.91235567258736,1.8481720585375
1,1,1,1,1,1,1,0,1,1,1,1,1,1,0,1,1,1,1,2921,1.91824122691564,1.76788975524787
1,0,1,0,1,1,1,0,1,1,1,1,1,1,1,1,1,1,1,2922,1.92102997093085,1.62681145835578
1,0,1,1,1,1,1,0,1,1,1,1,0,1,1,1,1,1,1,2923,1.92126589239426,1.77858647291618
1,1,1,1,1,1,1,0,1,1,1,0,1,1,1,1,1,1,0,2924,1.92790246980887,1.6236994615426
1,0,1,1,1,1,1,1,1,1,1,0,1,1,1,1,1,1,1,2925,1.92866402142985,1.89695247197108
1,1,1,1,1,1,1,0,1,1,0,0,1,1,1,1,1,1,1,2928,1.93307660387142,1.83771331546173
1,1,1,1,1,1,1,1,1,1,1,0,1,1,1,1,1,1,0,2930,1.93752935802796,1.65989099480338
1,1,1,1,1,1,1,0,1,1,1,0,1,1,0,0,1,1,1,2933,1.97226172437486,1.57453168309251
1,1,1,1,1,1,1,0,1,1,1,1,1,1,1,1,1,1,1,2934,1.97458235364919,2.23051528618397
1,1,1,1,1,1,1,0,1,1,1,1,1,1,1,1,1,1,1,2935,1.98502679194767,2.23051528618397
1,0,1,1,1,1,1,1,1,1,1,0,1,1,0,1,1,1,1,2936,1.99328307026831,1.56519640505685
1,0,0,1,1,1,1,0,1,1,1,1,1,1,1,1,1,1,0,2937,1.99439635979812,1.3067873706833
1,0,1,1,1,1,1,0,1,1,1,1,1,0,1,1,1,1,1,2938,2.01286330466133,1.59057018630544
1,1,1,1,1,1,1,0,1,1,1,0,1,1,1,0,1,1,1,2939,2.01470573540514,1.91131525513558
1,0,1,1,1,1,1,0,1,1,1,1,1,1,1,1,1,1,1,2940,2.02675563283369,1.94676693273349
1,1,1,1,1,1,1,0,1,1,1,1,1,1,1,1,1,1,1,2942,2.03159925618359,2.23051528618397
1,1,1,1,1,1,1,1,1,0,1,0,1,1,1,1,1,1,1,2943,2.043528824914,1.73870791008745
1,1,1,1,1,1,1,1,1,1,1,1,1,1,1,1,1,1,1,2944,2.06303122792979,2.30876382230342
1,1,1,1,1,1,1,0,1,1,1,1,0,1,1,1,1,1,1,2945,2.06519006230495,2.00110949014081
0,1,1,1,1,1,1,0,1,1,1,0,0,1,1,1,1,1,1,2947,2.08654668433657,1.68508664928187
1,0,1,1,1,1,1,1,1,1,1,1,1,1,0,0,1,1,1,2948,2.09887391312892,1.52559941087428
1,1,1,1,1,1,1,0,1,1,1,1,1,1,1,1,1,1,1,2949,2.09892450974843,2.23051528618397
1,1,1,1,1,1,1,0,1,1,1,0,1,1,1,0,1,1,1,2951,2.11794615900527,1.91131525513558
1,1,1,1,1,1,1,0,1,1,0,1,1,1,1,1,1,1,1,2952,2.13459260140925,1.93491855498934
1,1,1,1,1,1,1,0,1,1,1,1,1,1,1,1,1,1,1,2955,2.16028058750368,2.23051528618397
1,1,1,1,1,1,1,0,1,1,1,0,1,1,1,1,1,1,1,2957,2.1759490836461,2.09454303839798
1,1,1,1,0,1,1,1,1,1,1,0,1,1,1,1,1,1,1,2958,2.19015312297609,1.81517701880853
1,1,1,1,1,1,1,0,1,1,0,0,1,1,1,1,1,1,1,2959,2.19041239973943,1.83771331546173
1,1,1,1,1,1,1,1,1,1,1,0,0,1,1,1,1,1,1,2960,2.19184099420084,1.94789405529409
1,1,1,1,1,1,1,1,1,1,1,0,1,1,1,1,1,1,1,2961,2.19338279277906,2.16130543737996
1,1,1,1,1,1,1,0,1,1,1,0,1,1,1,1,1,1,1,2963,2.2002492475712,2.09454303839798
1,1,0,1,1,1,1,0,1,1,1,0,1,1,1,1,1,1,1,2964,2.200808321051,1.68010633571808
1,1,1,1,1,1,1,0,1,1,1,1,1,1,1,1,1,1,1,2966,2.23641441487685,2.23051528618397
1,1,1,1,1,1,1,0,1,1,1,0,1,1,1,1,1,1,1,2968,2.25304712998318,2.09454303839798
0,1,1,1,1,1,1,0,1,1,1,0,1,1,1,1,1,1,1,2970,2.27440124503164,1.83220343951839
1,1,1,1,1,1,1,0,1,1,1,0,1,1,1,0,1,1,1,2971,2.29075491739677,1.91131525513558
1,1,1,1,1,1,1,0,1,1,1,1,1,1,1,1,1,1,1,2972,2.31036066995141,2.23051528618397
0,1,1,1,1,1,1,1,1,1,1,0,1,1,1,1,1,1,1,2973,2.31735795318538,1.87996408257186
1,1,1,1,1,1,1,1,1,1,1,1,1,1,1,1,1,1,1,2974,2.33800336460012,2.30876382230342
1,1,1,1,1,1,1,0,1,1,0,1,1,1,1,1,1,1,1,2975,2.35035481684064,1.93491855498934
1,0,1,1,1,1,1,0,1,1,1,1,1,1,1,1,1,1,1,2977,2.37558335116373,1.94676693273349
0,1,1,1,1,1,1,0,1,1,1,1,1,1,1,1,1,1,1,2978,2.38762055386046,1.92868346154423
1,1,1,1,1,1,1,0,1,1,1,0,1,1,1,1,1,1,1,2983,2.49020599962101,2.09454303839798
1,0,1,1,1,1,1,0,1,1,1,0,1,1,1,1,1,1,1,2985,2.52865051973556,1.8481720585375
1,1,1,1,1,1,1,1,1,1,1,0,1,1,1,0,1,1,1,2986,2.58581241263046,1.96430987747666
1,1,1,1,1,1,1,0,1,1,1,1,1,1,1,1,1,1,1,2988,2.63475139377409,2.23051528618397
1,1,1,1,1,1,1,1,1,1,1,1,0,1,1,1,1,1,0,2991,2.65733876920243,1.60484374467594
1,1,1,1,1,1,1,1,1,1,1,0,1,1,0,1,1,1,1,2992,2.67901114690547,1.72806009277419
1,1,1,1,1,1,1,0,1,1,1,1,1,1,1,1,1,1,1,2994,2.75634058754368,2.23051528618397
1,1,1,1,1,1,1,0,1,1,1,0,1,1,1,1,1,1,1,2998,2.83881342926991,2.09454303839798
1,1,1,1,1,1,1,0,1,1,0,1,1,1,1,1,1,1,1,2999,2.85665056238701,1.93491855498934
1,1,1,1,1,1,1,0,1,1,1,1,1,1,1,1,1,1,1,3000,3.43044063713249,2.23051528618397
